mtllib link_eye_visuals.mtl
v -1.3426154632512066e-09 0.013999986462295054 0.047005910426378236
v -0.0016000036848708987 0.013999986462295054 0.047005910426378236
v -0.0015999960014596581 -0.014000015333294867 0.04699999094009398
v -0.0015999960014596581 -0.01398014836013317 -0.04700001329183577
v -0.0015999960014596581 -0.014000015333294867 0.04699999094009398
v -0.0016000036848708987 0.014019853435456751 -0.046994093805551515
v -1.3426154632512066e-09 0.014019853435456751 -0.046994093805551515
v -0.0016000036848708987 0.014019853435456751 -0.046994093805551515
v -0.0016000036848708987 0.013999986462295054 0.047005910426378236
v 2.4720820945844935e-09 -0.01398014836013317 -0.04700001329183577
v -0.0015999960014596581 -0.01398014836013317 -0.04700001329183577
v -1.3426154632512066e-09 0.014019853435456751 -0.046994093805551515
v 2.4720820945844935e-09 -0.014000015333294867 0.04699999094009398
v -0.0015999960014596581 -0.014000015333294867 0.04699999094009398
v -0.0015999960014596581 -0.01398014836013317 -0.04700001329183577
v -1.3426154632512066e-09 0.007017716299742459 -0.036995556205511086
v -1.3426154632512066e-09 0.014019853435456751 -0.046994093805551515
v -1.3426154632512066e-09 0.007014786358922719 -0.022995555773377415
v -1.3426154632512066e-09 0.014019853435456751 -0.046994093805551515
v -1.3426154632512066e-09 0.013999986462295054 0.047005910426378236
v -1.3426154632512066e-09 0.007014786358922719 -0.022995555773377415
v -1.3426154632512066e-09 0.007017716299742459 -0.036995556205511086
v 2.4720820945844935e-09 -0.006982284598052501 -0.03699851781129836
v 2.4720820945844935e-09 -0.01398014836013317 -0.04700001329183577
v 2.4720820945844935e-09 -0.006985214073210954 -0.022998515516519543
v 2.4720820945844935e-09 -0.01398014836013317 -0.04700001329183577
v 2.4720820945844935e-09 -0.006982284598052501 -0.03699851781129836
v 2.4720820945844935e-09 -0.006994949188083409 0.023001486435532566
v 2.4720820945844935e-09 -0.01398014836013317 -0.04700001329183577
v 2.4720820945844935e-09 -0.006985214073210954 -0.022998515516519543
v 2.4720820945844935e-09 -0.006985214073210954 -0.022998515516519543
v -1.3426154632512066e-09 0.007014786358922719 -0.022995555773377415
v -1.3426154632512066e-09 0.0070050512440502635 0.023004448041319844
v -1.3426154632512066e-09 0.0070021217688918105 0.037004444748163216
v -1.3426154632512066e-09 0.0070050512440502635 0.023004448041319844
v -1.3426154632512066e-09 0.013999986462295054 0.047005910426378236
v -1.3426154632512066e-09 0.013999986462295054 0.047005910426378236
v 2.4720820945844935e-09 -0.014000015333294867 0.04699999094009398
v 2.4720820945844935e-09 -0.006997878663241862 0.03700148686766624
v 2.4720820945844935e-09 -0.014000015333294867 0.04699999094009398
v 2.4720820945844935e-09 -0.006994949188083409 0.023001486435532566
v 2.4720820945844935e-09 -0.006997878663241862 0.03700148686766624
v 2.4720820945844935e-09 -0.01398014836013317 -0.04700001329183577
v 2.4720820945844935e-09 -0.006994949188083409 0.023001486435532566
v 2.4720820945844935e-09 -0.014000015333294867 0.04699999094009398
v 0.003199999453499913 0.007016251329332589 -0.029995555058121674
v 0.003199999453499913 0.007017716299742459 -0.036995556205511086
v -1.3426154632512066e-09 0.007017716299742459 -0.036995556205511086
v 0.003199999453499913 0.007014786358922719 -0.022995555773377415
v 0.003199999453499913 0.007016251329332589 -0.029995555058121674
v -1.3426154632512066e-09 0.007014786358922719 -0.022995555773377415
v -1.3426154632512066e-09 0.007017716299742459 -0.036995556205511086
v -1.3426154632512066e-09 0.007014786358922719 -0.022995555773377415
v 0.003199999453499913 0.007016251329332589 -0.029995555058121674
v 0.003199999453499913 1.7715934518491846e-05 -0.03699705377221107
v 0.0032000034116208553 -0.006982284598052501 -0.03699851781129836
v 2.4720820945844935e-09 -0.006982284598052501 -0.03699851781129836
v 0.003199999453499913 0.007017716299742459 -0.036995556205511086
v 0.003199999453499913 1.7715934518491846e-05 -0.03699705377221107
v -1.3426154632512066e-09 0.007017716299742459 -0.036995556205511086
v 2.4720820945844935e-09 -0.006982284598052501 -0.03699851781129836
v -1.3426154632512066e-09 0.007017716299742459 -0.036995556205511086
v 0.003199999453499913 1.7715934518491846e-05 -0.03699705377221107
v 0.0032000034116208553 -0.006983749102801084 -0.029998514801263802
v 0.0032000034116208553 -0.006985214073210954 -0.022998515516519543
v 2.4720820945844935e-09 -0.006985214073210954 -0.022998515516519543
v 0.0032000034116208553 -0.006982284598052501 -0.03699851781129836
v 0.0032000034116208553 -0.006983749102801084 -0.029998514801263802
v 2.4720820945844935e-09 -0.006982284598052501 -0.03699851781129836
v 2.4720820945844935e-09 -0.006985214073210954 -0.022998515516519543
v 2.4720820945844935e-09 -0.006982284598052501 -0.03699851781129836
v 0.0032000034116208553 -0.006983749102801084 -0.029998514801263802
v 0.003199999453499913 1.4786245628783943e-05 -0.0229970496147871
v 0.003199999453499913 0.007014786358922719 -0.022995555773377415
v -1.3426154632512066e-09 0.007014786358922719 -0.022995555773377415
v 0.0032000034116208553 -0.006985214073210954 -0.022998515516519543
v 0.003199999453499913 1.4786245628783943e-05 -0.0229970496147871
v 2.4720820945844935e-09 -0.006985214073210954 -0.022998515516519543
v -1.3426154632512066e-09 0.007014786358922719 -0.022995555773377415
v 2.4720820945844935e-09 -0.006985214073210954 -0.022998515516519543
v 0.003199999453499913 1.4786245628783943e-05 -0.0229970496147871
v 0.003199999453499913 0.007014786358922719 -0.022995555773377415
v 0.003199999453499913 0.0069298255257308474 -0.028900554403662675
v 0.003199999453499913 0.007016251329332589 -0.029995555058121674
v 0.003199999453499913 0.007014786358922719 -0.022995555773377415
v 0.003199999453499913 0.006673203315585851 -0.027832530438899987
v 0.003199999453499913 0.0069298255257308474 -0.028900554403662675
v 0.003199999453499913 0.007014786358922719 -0.022995555773377415
v 0.003199999453499913 0.005678513087332248 -0.02588135749101638
v 0.003199999453499913 0.0062526403926312915 -0.02681779116392135
v 0.003199999453499913 0.007014786358922719 -0.022995555773377415
v 0.003199999453499913 0.004964951425790786 -0.02504624426364898
v 0.003199999453499913 0.005678513087332248 -0.02588135749101638
v 0.003199999453499913 0.0062526403926312915 -0.02681779116392135
v 0.003199999453499913 0.006673203315585851 -0.027832530438899987
v 0.003199999453499913 0.007014786358922719 -0.022995555773377415
v 0.003199999453499913 0.0031928564421832557 -0.02375931851565837
v 0.003199999453499913 0.004129562992602586 -0.024333048611879342
v 0.003199999453499913 0.007014786358922719 -0.022995555773377415
v 0.003199999453499913 0.004964951425790786 -0.02504624426364898
v 0.003199999453499913 0.007014786358922719 -0.022995555773377415
v 0.003199999453499913 0.004129562992602586 -0.024333048611879342
v 0.003199999453499913 0.00217796373181045 -0.02333918213844299
v 0.003199999453499913 0.0031928564421832557 -0.02375931851565837
v 0.003199999453499913 0.007014786358922719 -0.022995555773377415
v 0.003199999453499913 0.007014786358922719 -0.022995555773377415
v 0.003199999453499913 0.0011098484974354503 -0.023082988336682316
v 0.003199999453499913 0.00217796373181045 -0.02333918213844299
v 0.003199999453499913 0.007014786358922719 -0.022995555773377415
v 0.003199999453499913 1.4786245628783943e-05 -0.0229970496147871
v 0.003199999453499913 0.0011098484974354503 -0.023082988336682316
v 0.01060000155121088 0.0007038426701910793 -0.03696320950984954
v 0.003199999453499913 1.7715934518491846e-05 -0.03699705377221107
v 0.003199999453499913 0.0011127477046102283 -0.03691062703728675
v 0.003199999453499913 0.002180771436542272 -0.03665397316217422
v 0.003199999453499913 0.003195511410012841 -0.03623341023921966
v 0.01060000155121088 0.0026963965501636262 -0.0364636369049549
v 0.003199999453499913 0.0011127477046102283 -0.03691062703728675
v 0.003199999453499913 0.002180771436542272 -0.03665397316217422
v 0.01060000155121088 0.002049667993560433 -0.036695204675197594
v 0.01306666899472475 1.7746451703715135e-05 -0.03699705377221107
v 0.00813333410769701 1.7746451703715135e-05 -0.03699705377221107
v 0.01060000155121088 0.0007038426701910793 -0.03696320950984954
v 0.01060000155121088 0.0007038426701910793 -0.03696320950984954
v 0.00813333410769701 1.7746451703715135e-05 -0.03699705377221107
v 0.003199999453499913 1.7715934518491846e-05 -0.03699705377221107
v 0.017999999225139618 0.0022905431687831874 -0.03661729395389556
v 0.01060000155121088 0.002049667993560433 -0.036695204675197594
v 0.01060000155121088 0.0026963965501636262 -0.0364636369049549
v 0.01060000155121088 0.0026963965501636262 -0.0364636369049549
v 0.01060000155121088 0.002049667993560433 -0.036695204675197594
v 0.003199999453499913 0.002180771436542272 -0.03665397316217422
v 0.017999999225139618 0.0033491980284452434 -0.0361526608467102
v 0.01060000155121088 0.0026963965501636262 -0.0364636369049549
v 0.01060000155121088 0.0033173377159982915 -0.03616981208324432
v 0.01060000155121088 0.0007038426701910793 -0.03696320950984954
v 0.01060000155121088 0.002049667993560433 -0.036695204675197594
v 0.017999999225139618 0.0011698766611516474 -0.036901317536830895
v 0.01060000155121088 0.003906479571014642 -0.03581650927662849
v 0.01060000155121088 0.0033173377159982915 -0.03616981208324432
v 0.003199999453499913 0.003195511410012841 -0.03623341023921966
v 0.003199999453499913 0.004131943453103303 -0.0356592833995819
v 0.003199999453499913 0.0049670571461319915 -0.0349457524716854
v 0.01060000155121088 0.004458145704120397 -0.03540717810392379
v 0.003199999453499913 0.0049670571461319915 -0.0349457524716854
v 0.003199999453499913 0.0056802527979016295 -0.034110363572835915
v 0.01060000155121088 0.005428269039839505 -0.034436658024787896
v 0.017999999225139618 0.004316910635679959 -0.03552012518048286
v 0.01060000155121088 0.003906479571014642 -0.03581650927662849
v 0.01060000155121088 0.004458145704120397 -0.03540717810392379
v 0.01060000155121088 0.004458145704120397 -0.03540717810392379
v 0.01060000155121088 0.003906479571014642 -0.03581650927662849
v 0.003199999453499913 0.004131943453103303 -0.0356592833995819
v 0.003199999453499913 0.006253983359783887 -0.03317365795373916
v 0.003199999453499913 0.006674118805676698 -0.032158765941858285
v 0.010599997825920582 0.006483963690698146 -0.03267445042729377
v 0.003199999453499913 0.006674118805676698 -0.032158765941858285
v 0.003199999453499913 0.006930314004421233 -0.0310906171798706
v 0.010599997825920582 0.0068820351734757415 -0.031361218541860574
v 0.003199999453499913 0.0056802527979016295 -0.034110363572835915
v 0.003199999453499913 0.006253983359783887 -0.03317365795373916
v 0.01060000155121088 0.005837357137352227 -0.03388480842113494
v 0.003199999453499913 0.006930314004421233 -0.0310906171798706
v 0.003199999453499913 0.007016251329332589 -0.029995555058121674
v 0.010599997825920582 0.006982682272791862 -0.030681682750582688
v 0.017999999225139618 0.0033491980284452434 -0.0361526608467102
v 0.01060000155121088 0.0033173377159982915 -0.03616981208324432
v 0.01060000155121088 0.003906479571014642 -0.03581650927662849
v 0.01060000155121088 0.0007038426701910793 -0.03696320950984954
v 0.017999999225139618 1.7746451703715135e-05 -0.03699705377221107
v 0.01306666899472475 1.7746451703715135e-05 -0.03699705377221107
v 0.01060000155121088 0.004458145704120397 -0.03540717810392379
v 0.01060000155121088 0.0049670571461319915 -0.0349457524716854
v 0.017999999225139618 0.004316910635679959 -0.03552012518048286
v 0.01060000155121088 0.005428269039839505 -0.034436658024787896
v 0.017999999225139618 0.005167313385754823 -0.034736920148134225
v 0.01060000155121088 0.0049670571461319915 -0.0349457524716854
v 0.017999999225139618 0.0011698766611516474 -0.036901317536830895
v 0.017999999225139618 1.7746451703715135e-05 -0.03699705377221107
v 0.01060000155121088 0.0007038426701910793 -0.03696320950984954
v 0.017999999225139618 0.004316910635679959 -0.03552012518048286
v 0.017999999225139618 0.0033491980284452434 -0.0361526608467102
v 0.01060000155121088 0.003906479571014642 -0.03581650927662849
v 0.017999999225139618 0.0022905431687831874 -0.03661729395389556
v 0.01060000155121088 0.0026963965501636262 -0.0364636369049549
v 0.017999999225139618 0.0033491980284452434 -0.0361526608467102
v 0.017999999225139618 0.005877243820577859 -0.033824443817138665
v 0.017999999225139618 0.005167313385754823 -0.034736920148134225
v 0.01060000155121088 0.005428269039839505 -0.034436658024787896
v 0.017999999225139618 0.005877243820577859 -0.033824443817138665
v 0.01060000155121088 0.005837357137352227 -0.03388480842113494
v 0.010599997825920582 0.006190415006130933 -0.03329551592469215
v 0.010599997825920582 0.006483963690698146 -0.03267445042729377
v 0.010599997825920582 0.006715256720781325 -0.03202763199806213
v 0.017999999225139618 0.006427261978387832 -0.03280756995081901
v 0.003199999453499913 0.006674118805676698 -0.032158765941858285
v 0.010599997825920582 0.006715256720781325 -0.03202763199806213
v 0.010599997825920582 0.006483963690698146 -0.03267445042729377
v 0.017999999225139618 0.006802414543926715 -0.03171399980783462
v 0.010599997825920582 0.006715256720781325 -0.03202763199806213
v 0.010599997825920582 0.0068820351734757415 -0.031361218541860574
v 0.017999999225139618 0.006427261978387832 -0.03280756995081901
v 0.010599997825920582 0.006190415006130933 -0.03329551592469215
v 0.010599997825920582 0.006483963690698146 -0.03267445042729377
v 0.017999999225139618 0.006427261978387832 -0.03280756995081901
v 0.017999999225139618 0.005877243820577859 -0.033824443817138665
v 0.010599997825920582 0.006190415006130933 -0.03329551592469215
v 0.017999999225139618 0.0069924783892929545 -0.030573619529604905
v 0.017999999225139618 0.006802414543926715 -0.03171399980783462
v 0.010599997825920582 0.0068820351734757415 -0.031361218541860574
v 0.010599997825920582 0.006982682272791862 -0.030681682750582688
v 0.010599997825920582 0.007016251329332589 -0.029995555058121674
v 0.017999999225139618 0.0069924783892929545 -0.030573619529604905
v 0.010599997825920582 0.006982682272791862 -0.030681682750582688
v 0.010599997825920582 0.0068820351734757415 -0.031361218541860574
v 0.003199999453499913 0.006930314004421233 -0.0310906171798706
v 0.01060000155121088 0.005837357137352227 -0.03388480842113494
v 0.01060000155121088 0.005428269039839505 -0.034436658024787896
v 0.003199999453499913 0.0056802527979016295 -0.034110363572835915
v 0.010599997825920582 0.00698240753263235 -0.029309459030628197
v 0.010599997825920582 0.007016251329332589 -0.029995555058121674
v 0.003199999453499913 0.007016251329332589 -0.029995555058121674
v 0.003199999453499913 0.0069298255257308474 -0.028900554403662675
v 0.010599997825920582 0.00698240753263235 -0.029309459030628197
v 0.003199999453499913 0.007016251329332589 -0.029995555058121674
v 0.003199999453499913 0.0069298255257308474 -0.028900554403662675
v 0.003199999453499913 0.006673203315585851 -0.027832530438899987
v 0.010599997825920582 0.006881455425173043 -0.02862995490431785
v 0.003199999453499913 0.0062526403926312915 -0.02681779116392135
v 0.010599997825920582 0.006482834462076425 -0.027316905558109277
v 0.003199999453499913 0.006673203315585851 -0.027832530438899987
v 0.017999999225139618 0.006992233917117118 -0.02941752225160598
v 0.010599997825920582 0.00698240753263235 -0.029309459030628197
v 0.010599997825920582 0.006881455425173043 -0.02862995490431785
v 0.003199999453499913 0.0069298255257308474 -0.028900554403662675
v 0.010599997825920582 0.006881455425173043 -0.02862995490431785
v 0.010599997825920582 0.00698240753263235 -0.029309459030628197
v 0.010599997825920582 0.006714402232319116 -0.027963634580373757
v 0.010599997825920582 0.006482834462076425 -0.027316905558109277
v 0.017999999225139618 0.006426071748137473 -0.027183817699551575
v 0.003199999453499913 0.006673203315585851 -0.027832530438899987
v 0.010599997825920582 0.006482834462076425 -0.027316905558109277
v 0.010599997825920582 0.006714402232319116 -0.027963634580373757
v 0.003199999453499913 0.0062526403926312915 -0.02681779116392135
v 0.010599997825920582 0.006189011503010987 -0.0266959648579359
v 0.010599997825920582 0.006482834462076425 -0.027316905558109277
v 0.017999999225139618 0.006426071748137473 -0.027183817699551575
v 0.010599997825920582 0.006482834462076425 -0.027316905558109277
v 0.010599997825920582 0.006189011503010987 -0.0266959648579359
v 0.017999999225139618 0.006801682524383067 -0.028277201578021043
v 0.010599997825920582 0.006881455425173043 -0.02862995490431785
v 0.010599997825920582 0.006714402232319116 -0.027963634580373757
v 0.010599997825920582 0.005835709162056445 -0.026106821373105042
v 0.010599997825920582 0.006189011503010987 -0.0266959648579359
v 0.003199999453499913 0.0062526403926312915 -0.02681779116392135
v 0.017999999225139618 0.006992233917117118 -0.02941752225160598
v 0.010599997825920582 0.007016251329332589 -0.029995555058121674
v 0.010599997825920582 0.00698240753263235 -0.029309459030628197
v 0.003199999453499913 0.005678513087332248 -0.02588135749101638
v 0.003199999453499913 0.004964951425790786 -0.02504624426364898
v 0.01060000155121088 0.005426377058029174 -0.025555156171321862
v 0.003199999453499913 0.004964951425790786 -0.02504624426364898
v 0.003199999453499913 0.004129562992602586 -0.024333048611879342
v 0.01060000155121088 0.004455856978893279 -0.024585032835602753
v 0.003199999453499913 0.0031928564421832557 -0.02375931851565837
v 0.003199999453499913 0.00217796373181045 -0.02333918213844299
v 0.01060000155121088 0.00269368034787476 -0.023529307916760438
v 0.017999999225139618 0.005875626578927039 -0.02616718597710132
v 0.010599997825920582 0.005835709162056445 -0.026106821373105042
v 0.01060000155121088 0.005426377058029174 -0.025555156171321862
v 0.01060000155121088 0.005426377058029174 -0.025555156171321862
v 0.010599997825920582 0.005835709162056445 -0.026106821373105042
v 0.003199999453499913 0.005678513087332248 -0.02588135749101638
v 0.003199999453499913 1.4786245628783943e-05 -0.0229970496147871
v 0.01060000155121088 0.0007009129622019826 -0.023030620068311688
v 0.003199999453499913 0.0011098484974354503 -0.023082988336682316
v 0.003199999453499913 0.004129562992602586 -0.024333048611879342
v 0.003199999453499913 0.0031928564421832557 -0.02375931851565837
v 0.01060000155121088 0.003904007608070969 -0.024175943806767457
v 0.003199999453499913 0.00217796373181045 -0.02333918213844299
v 0.003199999453499913 0.0011098484974354503 -0.023082988336682316
v 0.01060000155121088 0.0013804478803649543 -0.023131266236305233
v 0.00813333410769701 1.4786245628783943e-05 -0.0229970496147871
v 0.01060000155121088 0.0007009129622019826 -0.023030620068311688
v 0.003199999453499913 1.4786245628783943e-05 -0.0229970496147871
v 0.017999999225139618 0.005875626578927039 -0.02616718597710132
v 0.010599997825920582 0.006189011503010987 -0.0266959648579359
v 0.010599997825920582 0.005835709162056445 -0.026106821373105042
v 0.017999999225139618 0.006801682524383067 -0.028277201578021043
v 0.017999999225139618 0.006992233917117118 -0.02941752225160598
v 0.010599997825920582 0.006881455425173043 -0.02862995490431785
v 0.01060000155121088 0.004964951425790786 -0.02504624426364898
v 0.017999999225139618 0.005165329668670892 -0.025254985317587846
v 0.01060000155121088 0.005426377058029174 -0.025555156171321862
v 0.01060000155121088 0.004964951425790786 -0.02504624426364898
v 0.01060000155121088 0.004455856978893279 -0.024585032835602753
v 0.017999999225139618 0.0043145911768078795 -0.02447214722633361
v 0.003199999453499913 0.004129562992602586 -0.024333048611879342
v 0.01060000155121088 0.003904007608070969 -0.024175943806767457
v 0.01060000155121088 0.004455856978893279 -0.024585032835602753
v 0.01060000155121088 0.003904007608070969 -0.024175943806767457
v 0.017999999225139618 0.0043145911768078795 -0.02447214722633361
v 0.01060000155121088 0.004455856978893279 -0.024585032835602753
v 0.017999999225139618 0.005165329668670892 -0.025254985317587846
v 0.017999999225139618 0.005875626578927039 -0.02616718597710132
v 0.01060000155121088 0.005426377058029174 -0.025555156171321862
v 0.017999999225139618 0.006426071748137473 -0.027183817699551575
v 0.010599997825920582 0.006189011503010987 -0.0266959648579359
v 0.017999999225139618 0.005875626578927039 -0.02616718597710132
v 0.017999999225139618 0.0033466040622442956 -0.023840038105845444
v 0.017999999225139618 0.0043145911768078795 -0.02447214722633361
v 0.01060000155121088 0.003904007608070969 -0.024175943806767457
v 0.017999999225139618 0.0033466040622442956 -0.023840038105845444
v 0.01060000155121088 0.0033147437497973438 -0.023822886869311326
v 0.01060000155121088 0.00269368034787476 -0.023529307916760438
v 0.01060000155121088 0.0020468297880142923 -0.023298045620322224
v 0.01060000155121088 0.0013804478803649543 -0.023131266236305233
v 0.017999999225139618 0.0011669469531625507 -0.023092266172170636
v 0.003199999453499913 0.0011098484974354503 -0.023082988336682316
v 0.01060000155121088 0.0007009129622019826 -0.023030620068311688
v 0.01060000155121088 0.0013804478803649543 -0.023131266236305233
v 0.017999999225139618 0.0011669469531625507 -0.023092266172170636
v 0.01060000155121088 0.0013804478803649543 -0.023131266236305233
v 0.01060000155121088 0.0007009129622019826 -0.023030620068311688
v 0.01060000155121088 0.0020468297880142923 -0.023298045620322224
v 0.01060000155121088 0.00269368034787476 -0.023529307916760438
v 0.003199999453499913 0.00217796373181045 -0.02333918213844299
v 0.017999999225139618 0.0022877661976963277 -0.023375835269689556
v 0.01060000155121088 0.00269368034787476 -0.023529307916760438
v 0.01060000155121088 0.0020468297880142923 -0.023298045620322224
v 0.017999999225139618 0.0022877661976963277 -0.023375835269689556
v 0.017999999225139618 0.0033466040622442956 -0.023840038105845444
v 0.01060000155121088 0.00269368034787476 -0.023529307916760438
v 0.017999999225139618 0.0011669469531625507 -0.023092266172170636
v 0.01060000155121088 0.0007009129622019826 -0.023030620068311688
v 0.017999999225139618 1.4786245628783943e-05 -0.0229970496147871
v 0.01306666899472475 1.4786245628783943e-05 -0.0229970496147871
v 0.017999999225139618 1.4786245628783943e-05 -0.0229970496147871
v 0.01060000155121088 0.0007009129622019826 -0.023030620068311688
v 0.01306666899472475 1.4786245628783943e-05 -0.0229970496147871
v 0.01060000155121088 0.0007009129622019826 -0.023030620068311688
v 0.00813333410769701 1.4786245628783943e-05 -0.0229970496147871
v 0.017999999225139618 0.0069924783892929545 -0.030573619529604905
v 0.010599997825920582 0.007016251329332589 -0.029995555058121674
v 0.017999999225139618 0.006992233917117118 -0.02941752225160598
v 0.003199999453499913 0.003195511410012841 -0.03623341023921966
v 0.003199999453499913 0.007017716299742459 -0.036995556205511086
v 0.003199999453499913 0.004131943453103303 -0.0356592833995819
v 0.003199999453499913 0.0049670571461319915 -0.0349457524716854
v 0.003199999453499913 0.004131943453103303 -0.0356592833995819
v 0.003199999453499913 0.007017716299742459 -0.036995556205511086
v 0.003199999453499913 0.002180771436542272 -0.03665397316217422
v 0.003199999453499913 0.007017716299742459 -0.036995556205511086
v 0.003199999453499913 0.003195511410012841 -0.03623341023921966
v 0.003199999453499913 0.007017716299742459 -0.036995556205511086
v 0.003199999453499913 0.0011127477046102283 -0.03691062703728675
v 0.003199999453499913 1.7715934518491846e-05 -0.03699705377221107
v 0.003199999453499913 0.007017716299742459 -0.036995556205511086
v 0.003199999453499913 0.002180771436542272 -0.03665397316217422
v 0.003199999453499913 0.0011127477046102283 -0.03691062703728675
v 0.003199999453499913 0.007017716299742459 -0.036995556205511086
v 0.003199999453499913 0.006930314004421233 -0.0310906171798706
v 0.003199999453499913 0.006674118805676698 -0.032158765941858285
v 0.003199999453499913 0.007017716299742459 -0.036995556205511086
v 0.003199999453499913 0.007016251329332589 -0.029995555058121674
v 0.003199999453499913 0.006930314004421233 -0.0310906171798706
v 0.003199999453499913 0.007017716299742459 -0.036995556205511086
v 0.003199999453499913 0.0056802527979016295 -0.034110363572835915
v 0.003199999453499913 0.0049670571461319915 -0.0349457524716854
v 0.003199999453499913 0.007017716299742459 -0.036995556205511086
v 0.003199999453499913 0.006253983359783887 -0.03317365795373916
v 0.003199999453499913 0.0056802527979016295 -0.034110363572835915
v 0.003199999453499913 0.007017716299742459 -0.036995556205511086
v 0.003199999453499913 0.006674118805676698 -0.032158765941858285
v 0.003199999453499913 0.006253983359783887 -0.03317365795373916
v 0.01060000155121088 -0.0006713405018672346 -0.023030893877148625
v 0.003199999453499913 1.4786245628783943e-05 -0.0229970496147871
v 0.003199999453499913 -0.0010802455944940446 -0.023083446547389027
v 0.003199999453499913 -0.0021482692100107665 -0.02334009855985641
v 0.003199999453499913 -0.003163009416311979 -0.023760661482810967
v 0.01060000155121088 -0.0026638943236321207 -0.02353046648204326
v 0.003199999453499913 -0.0010802455944940446 -0.023083446547389027
v 0.003199999453499913 -0.0021482692100107665 -0.02334009855985641
v 0.01060000155121088 -0.0020171657670289274 -0.02329890057444572
v 0.01306666899472475 1.4786245628783943e-05 -0.0229970496147871
v 0.00813333410769701 1.4786245628783943e-05 -0.0229970496147871
v 0.01060000155121088 -0.0006713405018672346 -0.023030893877148625
v 0.01060000155121088 -0.0006713405018672346 -0.023030893877148625
v 0.00813333410769701 1.4786245628783943e-05 -0.0229970496147871
v 0.003199999453499913 1.4786245628783943e-05 -0.0229970496147871
v 0.018000002950429916 -0.002258040942251682 -0.023376811295747753
v 0.01060000155121088 -0.0020171657670289274 -0.02329890057444572
v 0.01060000155121088 -0.0026638943236321207 -0.02353046648204326
v 0.018000002950429916 -0.003316665301099419 -0.023841440677642815
v 0.01060000155121088 -0.0026638943236321207 -0.02353046648204326
v 0.01060000155121088 -0.003284835489466786 -0.023824291303753846
v 0.01060000155121088 -0.0026638943236321207 -0.02353046648204326
v 0.003199999453499913 -0.003163009416311979 -0.023760661482810967
v 0.01060000155121088 -0.003284835489466786 -0.023824291303753846
v 0.01060000155121088 -0.0006713405018672346 -0.023030893877148625
v 0.01060000155121088 -0.0020171657670289274 -0.02329890057444572
v 0.017999999225139618 -0.0011373744346201418 -0.023092754185199734
v 0.01060000155121088 -0.0038739773444831367 -0.024177592247724526
v 0.01060000155121088 -0.003284835489466786 -0.023824291303753846
v 0.003199999453499913 -0.003163009416311979 -0.023760661482810967
v 0.003199999453499913 -0.0040994412265717975 -0.024334788322448724
v 0.0032000034116208553 -0.004934524185955524 -0.02504835091531276
v 0.01060000155121088 -0.004425643477588891 -0.024586925283074372
v 0.0032000034116208553 -0.004934524185955524 -0.02504835091531276
v 0.0032000034116208553 -0.005647720303386449 -0.025883737951517098
v 0.01060000155121088 -0.005395766813308 -0.025557445362210267
v 0.018000002950429916 -0.004284408409148454 -0.024473980069160454
v 0.01060000155121088 -0.0038739773444831367 -0.024177592247724526
v 0.01060000155121088 -0.004425643477588891 -0.024586925283074372
v 0.01060000155121088 -0.004425643477588891 -0.024586925283074372
v 0.01060000155121088 -0.0038739773444831367 -0.024177592247724526
v 0.003199999453499913 -0.0040994412265717975 -0.024334788322448724
v 0.0032000034116208553 -0.006221450399607419 -0.026820415630936616
v 0.0032000034116208553 -0.006641586311161517 -0.027835337445139878
v 0.01060000155121088 -0.00645146146416664 -0.027319621294736855
v 0.0032000034116208553 -0.006641586311161517 -0.027835337445139878
v 0.0032000034116208553 -0.006897811777889728 -0.028903452679514878
v 0.01060000155121088 -0.006849532946944236 -0.028632853180170052
v 0.0032000034116208553 -0.005647720303386449 -0.025883737951517098
v 0.0032000034116208553 -0.006221450399607419 -0.026820415630936616
v 0.01060000155121088 -0.005804855376482009 -0.02610929496586322
v 0.0032000034116208553 -0.006897811777889728 -0.028903452679514878
v 0.0032000034116208553 -0.006983749102801084 -0.029998514801263802
v 0.01060000155121088 -0.006950180046260356 -0.029312388971447938
v 0.018000002950429916 -0.003316665301099419 -0.023841440677642815
v 0.01060000155121088 -0.003284835489466786 -0.023824291303753846
v 0.01060000155121088 -0.0038739773444831367 -0.024177592247724526
v 0.01060000155121088 -0.0006713405018672346 -0.023030893877148625
v 0.017999999225139618 1.4786245628783943e-05 -0.0229970496147871
v 0.01306666899472475 1.4786245628783943e-05 -0.0229970496147871
v 0.01060000155121088 -0.004425643477588891 -0.024586925283074372
v 0.01060000155121088 -0.004934524185955524 -0.02504835091531276
v 0.018000002950429916 -0.004284408409148454 -0.024473980069160454
v 0.01060000155121088 -0.005395766813308 -0.025557445362210267
v 0.018000002950429916 -0.005134811159223317 -0.0252571515738964
v 0.01060000155121088 -0.004934524185955524 -0.02504835091531276
v 0.017999999225139618 -0.0011373744346201418 -0.023092754185199734
v 0.017999999225139618 1.4786245628783943e-05 -0.0229970496147871
v 0.01060000155121088 -0.0006713405018672346 -0.023030893877148625
v 0.018000002950429916 -0.004284408409148454 -0.024473980069160454
v 0.018000002950429916 -0.003316665301099419 -0.023841440677642815
v 0.01060000155121088 -0.0038739773444831367 -0.024177592247724526
v 0.018000002950429916 -0.002258040942251682 -0.023376811295747753
v 0.01060000155121088 -0.0026638943236321207 -0.02353046648204326
v 0.018000002950429916 -0.003316665301099419 -0.023841440677642815
v 0.018000002950429916 -0.005844711326062678 -0.02616965770721435
v 0.018000002950429916 -0.005134811159223317 -0.0252571515738964
v 0.01060000155121088 -0.005395766813308 -0.025557445362210267
v 0.018000002950429916 -0.005844711326062678 -0.02616965770721435
v 0.01060000155121088 -0.005804855376482009 -0.02610929496586322
v 0.01060000155121088 -0.006157882511615752 -0.026698557659983628
v 0.01060000155121088 -0.00645146146416664 -0.027319621294736855
v 0.01060000155121088 -0.00668275449424982 -0.027966471388936036
v 0.018000002950429916 -0.006394759751856326 -0.027186533436179154
v 0.018000002950429916 -0.006769912783056497 -0.028280070051550858
v 0.01060000155121088 -0.00668275449424982 -0.027966471388936036
v 0.01060000155121088 -0.006849532946944236 -0.028632853180170052
v 0.01060000155121088 -0.00645146146416664 -0.027319621294736855
v 0.01060000155121088 -0.006157882511615752 -0.026698557659983628
v 0.0032000034116208553 -0.006221450399607419 -0.026820415630936616
v 0.018000002950429916 -0.006394759751856326 -0.027186533436179154
v 0.01060000155121088 -0.006157882511615752 -0.026698557659983628
v 0.01060000155121088 -0.00645146146416664 -0.027319621294736855
v 0.018000002950429916 -0.006394759751856326 -0.027186533436179154
v 0.018000002950429916 -0.005844711326062678 -0.02616965770721435
v 0.01060000155121088 -0.006157882511615752 -0.026698557659983628
v 0.018000002950429916 -0.006959945429116487 -0.02942045219242572
v 0.018000002950429916 -0.006769912783056497 -0.028280070051550858
v 0.01060000155121088 -0.006849532946944236 -0.028632853180170052
v 0.01060000155121088 -0.006950180046260356 -0.029312388971447938
v 0.01060000155121088 -0.006983749102801084 -0.029998514801263802
v 0.018000002950429916 -0.006959945429116487 -0.02942045219242572
v 0.01060000155121088 -0.006950180046260356 -0.029312388971447938
v 0.01060000155121088 -0.006849532946944236 -0.028632853180170052
v 0.0032000034116208553 -0.006897811777889728 -0.028903452679514878
v 0.01060000155121088 -0.005804855376482009 -0.02610929496586322
v 0.01060000155121088 -0.005395766813308 -0.025557445362210267
v 0.0032000034116208553 -0.005647720303386449 -0.025883737951517098
v 0.01060000155121088 -0.0069499053061008445 -0.030684642493724816
v 0.01060000155121088 -0.006983749102801084 -0.029998514801263802
v 0.0032000034116208553 -0.006983749102801084 -0.029998514801263802
v 0.0032000034116208553 -0.006897323299199342 -0.03109354712069034
v 0.01060000155121088 -0.0069499053061008445 -0.030684642493724816
v 0.0032000034116208553 -0.006983749102801084 -0.029998514801263802
v 0.0032000034116208553 -0.006897323299199342 -0.03109354712069034
v 0.0032000034116208553 -0.006640701089054345 -0.032161574810743325
v 0.01060000155121088 -0.006848953198641538 -0.03136411681771278
v 0.0032000034116208553 -0.006220107898116111 -0.033176284283399575
v 0.01060000155121088 -0.006450332701206206 -0.032677199691534035
v 0.0032000034116208553 -0.006640701089054345 -0.032161574810743325
v 0.018000002950429916 -0.006959701422601937 -0.030576579272747033
v 0.01060000155121088 -0.0069499053061008445 -0.030684642493724816
v 0.01060000155121088 -0.006848953198641538 -0.03136411681771278
v 0.0032000034116208553 -0.006897323299199342 -0.03109354712069034
v 0.01060000155121088 -0.006848953198641538 -0.03136411681771278
v 0.01060000155121088 -0.0069499053061008445 -0.030684642493724816
v 0.01060000155121088 -0.00668190000578761 -0.032030470669269555
v 0.01060000155121088 -0.006450332701206206 -0.032677199691534035
v 0.018000002950429916 -0.006393569987267255 -0.0328102558851242
v 0.0032000034116208553 -0.006640701089054345 -0.032161574810743325
v 0.01060000155121088 -0.006450332701206206 -0.032677199691534035
v 0.01060000155121088 -0.00668190000578761 -0.032030470669269555
v 0.0032000034116208553 -0.006220107898116111 -0.033176284283399575
v 0.01060000155121088 -0.006156509276479482 -0.033298138529062264
v 0.01060000155121088 -0.006450332701206206 -0.032677199691534035
v 0.018000002950429916 -0.006393569987267255 -0.0328102558851242
v 0.01060000155121088 -0.006450332701206206 -0.032677199691534035
v 0.01060000155121088 -0.006156509276479482 -0.033298138529062264
v 0.018000002950429916 -0.006769180297851562 -0.031716868281364434
v 0.01060000155121088 -0.006848953198641538 -0.03136411681771278
v 0.01060000155121088 -0.00668190000578761 -0.032030470669269555
v 0.01060000155121088 -0.005803207401186227 -0.03388728201389312
v 0.01060000155121088 -0.006156509276479482 -0.033298138529062264
v 0.0032000034116208553 -0.006220107898116111 -0.033176284283399575
v 0.018000002950429916 -0.006959701422601937 -0.030576579272747033
v 0.01060000155121088 -0.006983749102801084 -0.029998514801263802
v 0.01060000155121088 -0.0069499053061008445 -0.030684642493724816
v 0.0032000034116208553 -0.0056460113264620295 -0.03411274403333663
v 0.0032000034116208553 -0.00493244919925928 -0.034947827458381646
v 0.01060000155121088 -0.005393874831497668 -0.03443894907832145
v 0.0032000034116208553 -0.00493244919925928 -0.034947827458381646
v 0.003199999453499913 -0.00409706076607108 -0.035661023110151284
v 0.01060000155121088 -0.004423354752361774 -0.03540907055139541
v 0.003199999453499913 -0.00316035421565175 -0.0362347550690174
v 0.003199999453499913 -0.002145461738109588 -0.03665488958358764
v 0.01060000155121088 -0.0026611783541738983 -0.03646476566791534
v 0.018000002950429916 -0.005843093618750571 -0.033826917409896844
v 0.01060000155121088 -0.005803207401186227 -0.03388728201389312
v 0.01060000155121088 -0.005393874831497668 -0.03443894907832145
v 0.01060000155121088 -0.005393874831497668 -0.03443894907832145
v 0.01060000155121088 -0.005803207401186227 -0.03388728201389312
v 0.0032000034116208553 -0.0056460113264620295 -0.03411274403333663
v 0.003199999453499913 1.7715934518491846e-05 -0.03699705377221107
v 0.01060000155121088 -0.0006683802930638193 -0.03696348518133163
v 0.003199999453499913 -0.001077315886504948 -0.03691108524799346
v 0.003199999453499913 -0.00409706076607108 -0.035661023110151284
v 0.003199999453499913 -0.00316035421565175 -0.0362347550690174
v 0.01060000155121088 -0.0038715053815394636 -0.035818159580230706
v 0.003199999453499913 -0.002145461738109588 -0.03665488958358764
v 0.003199999453499913 -0.001077315886504948 -0.03691108524799346
v 0.01060000155121088 -0.0013479152694344518 -0.036862835288047784
v 0.00813333410769701 1.7746451703715135e-05 -0.03699705377221107
v 0.01060000155121088 -0.0006683802930638193 -0.03696348518133163
v 0.003199999453499913 1.7715934518491846e-05 -0.03699705377221107
v 0.018000002950429916 -0.005843093618750571 -0.033826917409896844
v 0.01060000155121088 -0.006156509276479482 -0.033298138529062264
v 0.01060000155121088 -0.005803207401186227 -0.03388728201389312
v 0.018000002950429916 -0.006769180297851562 -0.031716868281364434
v 0.018000002950429916 -0.006959701422601937 -0.030576579272747033
v 0.01060000155121088 -0.006848953198641538 -0.03136411681771278
v 0.01060000155121088 -0.00493244919925928 -0.034947827458381646
v 0.018000002950429916 -0.005132797174155711 -0.03473908826708793
v 0.01060000155121088 -0.005393874831497668 -0.03443894907832145
v 0.01060000155121088 -0.00493244919925928 -0.034947827458381646
v 0.01060000155121088 -0.004423354752361774 -0.03540907055139541
v 0.018000002950429916 -0.004282058216631412 -0.035521924495697015
v 0.003199999453499913 -0.00409706076607108 -0.035661023110151284
v 0.01060000155121088 -0.0038715053815394636 -0.035818159580230706
v 0.01060000155121088 -0.004423354752361774 -0.03540907055139541
v 0.01060000155121088 -0.0038715053815394636 -0.035818159580230706
v 0.018000002950429916 -0.004282058216631412 -0.035521924495697015
v 0.01060000155121088 -0.004423354752361774 -0.03540907055139541
v 0.018000002950429916 -0.005132797174155711 -0.03473908826708793
v 0.018000002950429916 -0.005843093618750571 -0.033826917409896844
v 0.01060000155121088 -0.005393874831497668 -0.03443894907832145
v 0.018000002950429916 -0.006393569987267255 -0.0328102558851242
v 0.01060000155121088 -0.006156509276479482 -0.033298138529062264
v 0.018000002950429916 -0.005843093618750571 -0.033826917409896844
v 0.018000002950429916 -0.0033140713348984714 -0.03615406528115272
v 0.018000002950429916 -0.004282058216631412 -0.035521924495697015
v 0.01060000155121088 -0.0038715053815394636 -0.035818159580230706
v 0.018000002950429916 -0.0033140713348984714 -0.03615406528115272
v 0.01060000155121088 -0.0032822110224515195 -0.03617118671536445
v 0.01060000155121088 -0.0026611783541738983 -0.03646476566791534
v 0.003199999453499913 -0.00316035421565175 -0.0362347550690174
v 0.01060000155121088 -0.0026611783541738983 -0.03646476566791534
v 0.01060000155121088 -0.0032822110224515195 -0.03617118671536445
v 0.01060000155121088 -0.0020143275614827867 -0.03669605776667594
v 0.01060000155121088 -0.0013479152694344518 -0.036862835288047784
v 0.018000002950429916 -0.0011344447266310451 -0.03690180927515029
v 0.003199999453499913 -0.001077315886504948 -0.03691108524799346
v 0.01060000155121088 -0.0006683802930638193 -0.03696348518133163
v 0.01060000155121088 -0.0013479152694344518 -0.036862835288047784
v 0.018000002950429916 -0.0011344447266310451 -0.03690180927515029
v 0.01060000155121088 -0.0013479152694344518 -0.036862835288047784
v 0.01060000155121088 -0.0006683802930638193 -0.03696348518133163
v 0.018000002950429916 -0.0022552334703505035 -0.03661823645234107
v 0.01060000155121088 -0.0026611783541738983 -0.03646476566791534
v 0.01060000155121088 -0.0020143275614827867 -0.03669605776667594
v 0.018000002950429916 -0.0022552334703505035 -0.03661823645234107
v 0.018000002950429916 -0.0033140713348984714 -0.03615406528115272
v 0.01060000155121088 -0.0026611783541738983 -0.03646476566791534
v 0.018000002950429916 -0.0011344447266310451 -0.03690180927515029
v 0.01060000155121088 -0.0006683802930638193 -0.03696348518133163
v 0.017999999225139618 1.7746451703715135e-05 -0.03699705377221107
v 0.01306666899472475 1.7746451703715135e-05 -0.03699705377221107
v 0.017999999225139618 1.7746451703715135e-05 -0.03699705377221107
v 0.01060000155121088 -0.0006683802930638193 -0.03696348518133163
v 0.01306666899472475 1.7746451703715135e-05 -0.03699705377221107
v 0.01060000155121088 -0.0006683802930638193 -0.03696348518133163
v 0.00813333410769701 1.7746451703715135e-05 -0.03699705377221107
v 0.018000002950429916 -0.006959945429116487 -0.02942045219242572
v 0.01060000155121088 -0.006983749102801084 -0.029998514801263802
v 0.018000002950429916 -0.006959701422601937 -0.030576579272747033
v 0.0032000034116208553 -0.006985214073210954 -0.022998515516519543
v 0.0032000034116208553 -0.005647720303386449 -0.025883737951517098
v 0.0032000034116208553 -0.004934524185955524 -0.02504835091531276
v 0.0032000034116208553 -0.006985214073210954 -0.022998515516519543
v 0.0032000034116208553 -0.006221450399607419 -0.026820415630936616
v 0.0032000034116208553 -0.005647720303386449 -0.025883737951517098
v 0.0032000034116208553 -0.006985214073210954 -0.022998515516519543
v 0.0032000034116208553 -0.006897811777889728 -0.028903452679514878
v 0.0032000034116208553 -0.006641586311161517 -0.027835337445139878
v 0.0032000034116208553 -0.006985214073210954 -0.022998515516519543
v 0.0032000034116208553 -0.006983749102801084 -0.029998514801263802
v 0.0032000034116208553 -0.006897811777889728 -0.028903452679514878
v 0.0032000034116208553 -0.006641586311161517 -0.027835337445139878
v 0.0032000034116208553 -0.006221450399607419 -0.026820415630936616
v 0.0032000034116208553 -0.006985214073210954 -0.022998515516519543
v 0.0032000034116208553 -0.006985214073210954 -0.022998515516519543
v 0.003199999453499913 -0.0010802455944940446 -0.023083446547389027
v 0.003199999453499913 1.4786245628783943e-05 -0.0229970496147871
v 0.0032000034116208553 -0.006985214073210954 -0.022998515516519543
v 0.003199999453499913 -0.0021482692100107665 -0.02334009855985641
v 0.003199999453499913 -0.0010802455944940446 -0.023083446547389027
v 0.0032000034116208553 -0.006985214073210954 -0.022998515516519543
v 0.003199999453499913 -0.0040994412265717975 -0.024334788322448724
v 0.003199999453499913 -0.003163009416311979 -0.023760661482810967
v 0.003199999453499913 -0.0021482692100107665 -0.02334009855985641
v 0.0032000034116208553 -0.006985214073210954 -0.022998515516519543
v 0.003199999453499913 -0.003163009416311979 -0.023760661482810967
v 0.0032000034116208553 -0.004934524185955524 -0.02504835091531276
v 0.003199999453499913 -0.0040994412265717975 -0.024334788322448724
v 0.0032000034116208553 -0.006985214073210954 -0.022998515516519543
v 0.017999999225139618 0.0033491980284452434 -0.0361526608467102
v 0.017999999225139618 0.0033466040622442956 -0.023840038105845444
v 0.017999999225139618 0.0022905431687831874 -0.03661729395389556
v 0.017999999225139618 0.0011698766611516474 -0.036901317536830895
v 0.017999999225139618 0.0022905431687831874 -0.03661729395389556
v 0.017999999225139618 0.0022877661976963277 -0.023375835269689556
v 0.017999999225139618 0.0033491980284452434 -0.0361526608467102
v 0.017999999225139618 0.004316910635679959 -0.03552012518048286
v 0.017999999225139618 0.0033466040622442956 -0.023840038105845444
v 0.017999999225139618 0.006801682524383067 -0.028277201578021043
v 0.017999999225139618 0.006427261978387832 -0.03280756995081901
v 0.017999999225139618 0.006802414543926715 -0.03171399980783462
v 0.017999999225139618 0.006427261978387832 -0.03280756995081901
v 0.017999999225139618 0.006426071748137473 -0.027183817699551575
v 0.017999999225139618 0.005877243820577859 -0.033824443817138665
v 0.017999999225139618 0.005165329668670892 -0.025254985317587846
v 0.017999999225139618 0.005167313385754823 -0.034736920148134225
v 0.017999999225139618 0.005877243820577859 -0.033824443817138665
v 0.017999999225139618 0.004316910635679959 -0.03552012518048286
v 0.017999999225139618 0.005167313385754823 -0.034736920148134225
v 0.017999999225139618 0.005165329668670892 -0.025254985317587846
v 0.017999999225139618 1.4786245628783943e-05 -0.0229970496147871
v 0.017999999225139618 1.7746451703715135e-05 -0.03699705377221107
v 0.017999999225139618 0.0011698766611516474 -0.036901317536830895
v 0.018000002950429916 -0.0033140713348984714 -0.03615406528115272
v 0.018000002950429916 -0.0022552334703505035 -0.03661823645234107
v 0.018000002950429916 -0.003316665301099419 -0.023841440677642815
v 0.018000002950429916 -0.005134811159223317 -0.0252571515738964
v 0.018000002950429916 -0.005132797174155711 -0.03473908826708793
v 0.018000002950429916 -0.004282058216631412 -0.035521924495697015
v 0.018000002950429916 -0.003316665301099419 -0.023841440677642815
v 0.018000002950429916 -0.004282058216631412 -0.035521924495697015
v 0.018000002950429916 -0.0033140713348984714 -0.03615406528115272
v 0.018000002950429916 -0.0011344447266310451 -0.03690180927515029
v 0.017999999225139618 -0.0011373744346201418 -0.023092754185199734
v 0.018000002950429916 -0.0022552334703505035 -0.03661823645234107
v 0.018000002950429916 -0.005843093618750571 -0.033826917409896844
v 0.018000002950429916 -0.006394759751856326 -0.027186533436179154
v 0.018000002950429916 -0.006393569987267255 -0.0328102558851242
v 0.018000002950429916 -0.006959701422601937 -0.030576579272747033
v 0.018000002950429916 -0.006769180297851562 -0.031716868281364434
v 0.018000002950429916 -0.006769912783056497 -0.028280070051550858
v 0.018000002950429916 -0.006769180297851562 -0.031716868281364434
v 0.018000002950429916 -0.006393569987267255 -0.0328102558851242
v 0.018000002950429916 -0.006394759751856326 -0.027186533436179154
v 0.018000002950429916 -0.005132797174155711 -0.03473908826708793
v 0.018000002950429916 -0.005134811159223317 -0.0252571515738964
v 0.018000002950429916 -0.005843093618750571 -0.033826917409896844
v 0.017999999225139618 1.7746451703715135e-05 -0.03699705377221107
v 0.017999999225139618 1.4786245628783943e-05 -0.0229970496147871
v 0.018000002950429916 -0.0011344447266310451 -0.03690180927515029
v 0.017999999225139618 0.006802414543926715 -0.03171399980783462
v 0.017999999225139618 0.0069924783892929545 -0.030573619529604905
v 0.017999999225139618 0.006801682524383067 -0.028277201578021043
v 0.017999999225139618 0.006427261978387832 -0.03280756995081901
v 0.017999999225139618 0.006801682524383067 -0.028277201578021043
v 0.017999999225139618 0.006426071748137473 -0.027183817699551575
v 0.017999999225139618 0.006426071748137473 -0.027183817699551575
v 0.017999999225139618 0.005875626578927039 -0.02616718597710132
v 0.017999999225139618 0.005877243820577859 -0.033824443817138665
v 0.017999999225139618 0.005877243820577859 -0.033824443817138665
v 0.017999999225139618 0.005875626578927039 -0.02616718597710132
v 0.017999999225139618 0.005165329668670892 -0.025254985317587846
v 0.017999999225139618 0.0043145911768078795 -0.02447214722633361
v 0.017999999225139618 0.0033466040622442956 -0.023840038105845444
v 0.017999999225139618 0.004316910635679959 -0.03552012518048286
v 0.017999999225139618 0.0011669469531625507 -0.023092266172170636
v 0.017999999225139618 0.0011698766611516474 -0.036901317536830895
v 0.017999999225139618 0.0022877661976963277 -0.023375835269689556
v 0.017999999225139618 0.0022905431687831874 -0.03661729395389556
v 0.017999999225139618 0.0033466040622442956 -0.023840038105845444
v 0.017999999225139618 0.0022877661976963277 -0.023375835269689556
v 0.017999999225139618 0.005165329668670892 -0.025254985317587846
v 0.017999999225139618 0.0043145911768078795 -0.02447214722633361
v 0.017999999225139618 0.004316910635679959 -0.03552012518048286
v 0.017999999225139618 0.0011698766611516474 -0.036901317536830895
v 0.017999999225139618 0.0011669469531625507 -0.023092266172170636
v 0.017999999225139618 1.4786245628783943e-05 -0.0229970496147871
v 0.018000002950429916 -0.005844711326062678 -0.02616965770721435
v 0.018000002950429916 -0.006394759751856326 -0.027186533436179154
v 0.018000002950429916 -0.005843093618750571 -0.033826917409896844
v 0.018000002950429916 -0.006959945429116487 -0.02942045219242572
v 0.018000002950429916 -0.006959701422601937 -0.030576579272747033
v 0.018000002950429916 -0.006769912783056497 -0.028280070051550858
v 0.018000002950429916 -0.006769912783056497 -0.028280070051550858
v 0.018000002950429916 -0.006769180297851562 -0.031716868281364434
v 0.018000002950429916 -0.006394759751856326 -0.027186533436179154
v 0.018000002950429916 -0.005844711326062678 -0.02616965770721435
v 0.018000002950429916 -0.005843093618750571 -0.033826917409896844
v 0.018000002950429916 -0.005134811159223317 -0.0252571515738964
v 0.018000002950429916 -0.003316665301099419 -0.023841440677642815
v 0.018000002950429916 -0.0022552334703505035 -0.03661823645234107
v 0.018000002950429916 -0.002258040942251682 -0.023376811295747753
v 0.018000002950429916 -0.004282058216631412 -0.035521924495697015
v 0.018000002950429916 -0.004284408409148454 -0.024473980069160454
v 0.018000002950429916 -0.005134811159223317 -0.0252571515738964
v 0.018000002950429916 -0.004282058216631412 -0.035521924495697015
v 0.018000002950429916 -0.003316665301099419 -0.023841440677642815
v 0.018000002950429916 -0.004284408409148454 -0.024473980069160454
v 0.018000002950429916 -0.002258040942251682 -0.023376811295747753
v 0.018000002950429916 -0.0022552334703505035 -0.03661823645234107
v 0.017999999225139618 -0.0011373744346201418 -0.023092754185199734
v 0.018000002950429916 -0.0011344447266310451 -0.03690180927515029
v 0.017999999225139618 1.4786245628783943e-05 -0.0229970496147871
v 0.017999999225139618 -0.0011373744346201418 -0.023092754185199734
v 0.017999999225139618 0.0069924783892929545 -0.030573619529604905
v 0.017999999225139618 0.006992233917117118 -0.02941752225160598
v 0.017999999225139618 0.006801682524383067 -0.028277201578021043
v 0.0032000034116208553 -0.006982284598052501 -0.03699851781129836
v 0.003199999453499913 -0.001077315886504948 -0.03691108524799346
v 0.003199999453499913 -0.002145461738109588 -0.03665488958358764
v 0.0032000034116208553 -0.006982284598052501 -0.03699851781129836
v 0.003199999453499913 1.7715934518491846e-05 -0.03699705377221107
v 0.003199999453499913 -0.001077315886504948 -0.03691108524799346
v 0.003199999453499913 -0.00409706076607108 -0.035661023110151284
v 0.0032000034116208553 -0.006982284598052501 -0.03699851781129836
v 0.003199999453499913 -0.00316035421565175 -0.0362347550690174
v 0.003199999453499913 -0.002145461738109588 -0.03665488958358764
v 0.003199999453499913 -0.00316035421565175 -0.0362347550690174
v 0.0032000034116208553 -0.006982284598052501 -0.03699851781129836
v 0.0032000034116208553 -0.00493244919925928 -0.034947827458381646
v 0.0032000034116208553 -0.006982284598052501 -0.03699851781129836
v 0.003199999453499913 -0.00409706076607108 -0.035661023110151284
v 0.0032000034116208553 -0.006982284598052501 -0.03699851781129836
v 0.0032000034116208553 -0.0056460113264620295 -0.03411274403333663
v 0.0032000034116208553 -0.006220107898116111 -0.033176284283399575
v 0.0032000034116208553 -0.006982284598052501 -0.03699851781129836
v 0.0032000034116208553 -0.00493244919925928 -0.034947827458381646
v 0.0032000034116208553 -0.0056460113264620295 -0.03411274403333663
v 0.0032000034116208553 -0.006982284598052501 -0.03699851781129836
v 0.0032000034116208553 -0.006897323299199342 -0.03109354712069034
v 0.0032000034116208553 -0.006983749102801084 -0.029998514801263802
v 0.0032000034116208553 -0.006982284598052501 -0.03699851781129836
v 0.0032000034116208553 -0.006640701089054345 -0.032161574810743325
v 0.0032000034116208553 -0.006897323299199342 -0.03109354712069034
v 0.0032000034116208553 -0.006982284598052501 -0.03699851781129836
v 0.0032000034116208553 -0.006220107898116111 -0.033176284283399575
v 0.0032000034116208553 -0.006640701089054345 -0.032161574810743325
v 0.003199999453499913 0.007003586739301681 0.030004447326064103
v 0.003199999453499913 0.0070050512440502635 0.023004448041319844
v -1.3426154632512066e-09 0.0070050512440502635 0.023004448041319844
v 0.003199999453499913 0.0070021217688918105 0.037004444748163216
v 0.003199999453499913 0.007003586739301681 0.030004447326064103
v -1.3426154632512066e-09 0.0070021217688918105 0.037004444748163216
v -1.3426154632512066e-09 0.0070050512440502635 0.023004448041319844
v -1.3426154632512066e-09 0.0070021217688918105 0.037004444748163216
v 0.003199999453499913 0.007003586739301681 0.030004447326064103
v 0.003199999453499913 5.051138032285961e-06 0.02300295233726501
v 0.0032000034116208553 -0.006994918454438447 0.023001486435532566
v 2.4720820945844935e-09 -0.006994949188083409 0.023001486435532566
v 0.003199999453499913 0.0070050512440502635 0.023004448041319844
v 0.003199999453499913 5.051138032285961e-06 0.02300295233726501
v -1.3426154632512066e-09 0.0070050512440502635 0.023004448041319844
v 2.4720820945844935e-09 -0.006994949188083409 0.023001486435532566
v -1.3426154632512066e-09 0.0070050512440502635 0.023004448041319844
v 0.003199999453499913 5.051138032285961e-06 0.02300295233726501
v 0.0032000034116208553 -0.0069964141584932795 0.030001487582921975
v 0.0032000034116208553 -0.006997878663241862 0.03700148686766624
v 2.4720820945844935e-09 -0.006997878663241862 0.03700148686766624
v 0.0032000034116208553 -0.006994918454438447 0.023001486435532566
v 0.0032000034116208553 -0.0069964141584932795 0.030001487582921975
v 2.4720820945844935e-09 -0.006994949188083409 0.023001486435532566
v 2.4720820945844935e-09 -0.006997878663241862 0.03700148686766624
v 2.4720820945844935e-09 -0.006994949188083409 0.023001486435532566
v 0.0032000034116208553 -0.0069964141584932795 0.030001487582921975
v 0.003199999453499913 2.12145050682011e-06 0.03700295090675353
v 0.003199999453499913 0.0070021217688918105 0.037004444748163216
v -1.3426154632512066e-09 0.0070021217688918105 0.037004444748163216
v 0.0032000034116208553 -0.006997878663241862 0.03700148686766624
v 0.003199999453499913 2.12145050682011e-06 0.03700295090675353
v 2.4720820945844935e-09 -0.006997878663241862 0.03700148686766624
v -1.3426154632512066e-09 0.0070021217688918105 0.037004444748163216
v 2.4720820945844935e-09 -0.006997878663241862 0.03700148686766624
v 0.003199999453499913 2.12145050682011e-06 0.03700295090675353
v 0.003199999453499913 0.0070021217688918105 0.037004444748163216
v 0.003199999453499913 0.006917191203683614 0.031099447980523102
v 0.003199999453499913 0.007003586739301681 0.030004447326064103
v 0.003199999453499913 0.0070021217688918105 0.037004444748163216
v 0.003199999453499913 0.006660538725554942 0.03216747194528579
v 0.003199999453499913 0.006917191203683614 0.031099447980523102
v 0.003199999453499913 0.0070021217688918105 0.037004444748163216
v 0.003199999453499913 0.005665848497301339 0.0341186411678791
v 0.003199999453499913 0.006239975802600383 0.03318221122026443
v 0.003199999453499913 0.0070021217688918105 0.037004444748163216
v 0.003199999453499913 0.00495228637009859 0.0349537543952465
v 0.003199999453499913 0.005665848497301339 0.0341186411678791
v 0.003199999453499913 0.006239975802600383 0.03318221122026443
v 0.003199999453499913 0.006660538725554942 0.03216747194528579
v 0.003199999453499913 0.0070021217688918105 0.037004444748163216
v 0.003199999453499913 0.0031801916193217035 0.036240682005882256
v 0.003199999453499913 0.004116898402571677 0.035666953772306435
v 0.003199999453499913 0.0070021217688918105 0.037004444748163216
v 0.003199999453499913 0.00495228637009859 0.0349537543952465
v 0.003199999453499913 0.0070021217688918105 0.037004444748163216
v 0.003199999453499913 0.004116898402571677 0.035666953772306435
v 0.003199999453499913 0.0021652991417795415 0.03666081652045249
v 0.003199999453499913 0.0031801916193217035 0.036240682005882256
v 0.003199999453499913 0.0070021217688918105 0.037004444748163216
v 0.003199999453499913 0.0070021217688918105 0.037004444748163216
v 0.003199999453499913 0.00109718379098922 0.036917012184858315
v 0.003199999453499913 0.0021652991417795415 0.03666081652045249
v 0.003199999453499913 0.0070021217688918105 0.037004444748163216
v 0.003199999453499913 2.12145050682011e-06 0.03700295090675353
v 0.003199999453499913 0.00109718379098922 0.036917012184858315
v 0.01060000155121088 0.0006911779055371879 0.023036796599626538
v 0.003199999453499913 5.051138032285961e-06 0.02300295233726501
v 0.003199999453499913 0.001100082881748676 0.02308937720954418
v 0.003199999453499913 0.00216810661368072 0.023346031084656712
v 0.003199999453499913 0.0031828465871512886 0.023766594007611268
v 0.01060000155121088 0.002683731727302074 0.023536369204521172
v 0.003199999453499913 0.001100082881748676 0.02308937720954418
v 0.003199999453499913 0.00216810661368072 0.023346031084656712
v 0.01060000155121088 0.0020370031706988807 0.023304801434278485
v 0.01306666899472475 5.081655672256601e-06 0.02300295233726501
v 0.00813333410769701 5.081655672256601e-06 0.02300295233726501
v 0.01060000155121088 0.0006911779055371879 0.023036796599626538
v 0.01060000155121088 0.0006911779055371879 0.023036796599626538
v 0.00813333410769701 5.081655672256601e-06 0.02300295233726501
v 0.003199999453499913 5.051138032285961e-06 0.02300295233726501
v 0.017999999225139618 0.002277878345921635 0.023382712155580517
v 0.01060000155121088 0.0020370031706988807 0.023304801434278485
v 0.01060000155121088 0.002683731727302074 0.023536369204521172
v 0.01060000155121088 0.002683731727302074 0.023536369204521172
v 0.01060000155121088 0.0020370031706988807 0.023304801434278485
v 0.003199999453499913 0.00216810661368072 0.023346031084656712
v 0.017999999225139618 0.003336533205583691 0.023847343400120728
v 0.01060000155121088 0.002683731727302074 0.023536369204521172
v 0.01060000155121088 0.0033046728931367393 0.02383019216358661
v 0.01060000155121088 0.0006911779055371879 0.023036796599626538
v 0.01060000155121088 0.0020370031706988807 0.023304801434278485
v 0.017999999225139618 0.0011572118382900951 0.023098684847354885
v 0.01060000155121088 0.00389381474815309 0.02418349310755729
v 0.01060000155121088 0.0033046728931367393 0.02383019216358661
v 0.003199999453499913 0.0031828465871512886 0.023766594007611268
v 0.003199999453499913 0.004119278397411107 0.024340689182281487
v 0.003199999453499913 0.004954392090439796 0.025054251775145524
v 0.01060000155121088 0.004445481114089488 0.024592826142907136
v 0.003199999453499913 0.004954392090439796 0.025054251775145524
v 0.003199999453499913 0.005667588207870721 0.02588964067399501
v 0.010599997825920582 0.005415604449808597 0.02556334622204303
v 0.017999999225139618 0.0043042455799877635 0.024479880928993218
v 0.01060000155121088 0.00389381474815309 0.02418349310755729
v 0.01060000155121088 0.004445481114089488 0.024592826142907136
v 0.01060000155121088 0.004445481114089488 0.024592826142907136
v 0.01060000155121088 0.00389381474815309 0.02418349310755729
v 0.003199999453499913 0.004119278397411107 0.024340689182281487
v 0.003199999453499913 0.006241318304091691 0.026826346293091767
v 0.003199999453499913 0.006661454215645789 0.02784124016761779
v 0.010599997825920582 0.006471299100667237 0.027325553819537156
v 0.003199999453499913 0.006661454215645789 0.02784124016761779
v 0.003199999453499913 0.006917648948729037 0.02890938520431518
v 0.010599997825920582 0.006869370117783546 0.028638785704970353
v 0.003199999453499913 0.005667588207870721 0.02588964067399501
v 0.003199999453499913 0.006241318304091691 0.026826346293091767
v 0.010599997825920582 0.005824692547321319 0.026115195825695985
v 0.003199999453499913 0.006917648948729037 0.02890938520431518
v 0.003199999453499913 0.007003586739301681 0.030004447326064103
v 0.010599997825920582 0.006970017217099666 0.02931832149624824
v 0.017999999225139618 0.003336533205583691 0.023847343400120728
v 0.01060000155121088 0.0033046728931367393 0.02383019216358661
v 0.01060000155121088 0.00389381474815309 0.02418349310755729
v 0.01060000155121088 0.0006911779055371879 0.023036796599626538
v 0.017999999225139618 5.081655672256601e-06 0.02300295233726501
v 0.01306666899472475 5.081655672256601e-06 0.02300295233726501
v 0.01060000155121088 0.004445481114089488 0.024592826142907136
v 0.010599997825920582 0.004954392090439796 0.025054251775145524
v 0.017999999225139618 0.0043042455799877635 0.024479880928993218
v 0.010599997825920582 0.005415604449808597 0.02556334622204303
v 0.017999999225139618 0.005154648330062627 0.025263084098696702
v 0.010599997825920582 0.004954392090439796 0.025054251775145524
v 0.017999999225139618 0.0011572118382900951 0.023098684847354885
v 0.017999999225139618 5.081655672256601e-06 0.02300295233726501
v 0.01060000155121088 0.0006911779055371879 0.023036796599626538
v 0.017999999225139618 0.0043042455799877635 0.024479880928993218
v 0.017999999225139618 0.003336533205583691 0.023847343400120728
v 0.01060000155121088 0.00389381474815309 0.02418349310755729
v 0.017999999225139618 0.002277878345921635 0.023382712155580517
v 0.01060000155121088 0.002683731727302074 0.023536369204521172
v 0.017999999225139618 0.003336533205583691 0.023847343400120728
v 0.017999999225139618 0.00586457923054695 0.026175558567047112
v 0.017999999225139618 0.005154648330062627 0.025263084098696702
v 0.010599997825920582 0.005415604449808597 0.02556334622204303
v 0.017999999225139618 0.00586457923054695 0.026175558567047112
v 0.010599997825920582 0.005824692547321319 0.026115195825695985
v 0.010599997825920582 0.006177750416100024 0.02670449018478393
v 0.010599997825920582 0.006471299100667237 0.027325553819537156
v 0.010599997825920582 0.0067025916650891295 0.02797237411141395
v 0.017999999225139618 0.006414597388356923 0.027192436158657067
v 0.003199999453499913 0.006661454215645789 0.02784124016761779
v 0.010599997825920582 0.0067025916650891295 0.02797237411141395
v 0.010599997825920582 0.006471299100667237 0.027325553819537156
v 0.017999999225139618 0.006789749953895806 0.02828600257635116
v 0.010599997825920582 0.0067025916650891295 0.02797237411141395
v 0.010599997825920582 0.006869370117783546 0.028638785704970353
v 0.017999999225139618 0.006414597388356923 0.027192436158657067
v 0.010599997825920582 0.006177750416100024 0.02670449018478393
v 0.010599997825920582 0.006471299100667237 0.027325553819537156
v 0.017999999225139618 0.006414597388356923 0.027192436158657067
v 0.017999999225139618 0.00586457923054695 0.026175558567047112
v 0.010599997825920582 0.006177750416100024 0.02670449018478393
v 0.017999999225139618 0.006979813333600759 0.029426382854580872
v 0.017999999225139618 0.006789749953895806 0.02828600257635116
v 0.010599997825920582 0.006869370117783546 0.028638785704970353
v 0.010599997825920582 0.006970017217099666 0.02931832149624824
v 0.010599997825920582 0.007003586739301681 0.030004447326064103
v 0.017999999225139618 0.006979813333600759 0.029426382854580872
v 0.010599997825920582 0.006970017217099666 0.02931832149624824
v 0.010599997825920582 0.006869370117783546 0.028638785704970353
v 0.003199999453499913 0.006917648948729037 0.02890938520431518
v 0.010599997825920582 0.005824692547321319 0.026115195825695985
v 0.010599997825920582 0.005415604449808597 0.02556334622204303
v 0.003199999453499913 0.005667588207870721 0.02588964067399501
v 0.010599997825920582 0.006969742476940154 0.03069054335355758
v 0.010599997825920582 0.007003586739301681 0.030004447326064103
v 0.003199999453499913 0.007003586739301681 0.030004447326064103
v 0.003199999453499913 0.006917191203683614 0.031099447980523102
v 0.010599997825920582 0.006969742476940154 0.03069054335355758
v 0.003199999453499913 0.007003586739301681 0.030004447326064103
v 0.003199999453499913 0.006917191203683614 0.031099447980523102
v 0.003199999453499913 0.006660538725554942 0.03216747194528579
v 0.010599997825920582 0.0068687903694808474 0.03137004747986793
v 0.003199999453499913 0.006239975802600383 0.03318221122026443
v 0.010599997825920582 0.006470169872045516 0.0326830968260765
v 0.003199999453499913 0.006660538725554942 0.03216747194528579
v 0.017999999225139618 0.006979569327086209 0.030582480132579797
v 0.010599997825920582 0.006969742476940154 0.03069054335355758
v 0.010599997825920582 0.0068687903694808474 0.03137004747986793
v 0.003199999453499913 0.006917191203683614 0.031099447980523102
v 0.010599997825920582 0.0068687903694808474 0.03137004747986793
v 0.010599997825920582 0.006969742476940154 0.03069054335355758
v 0.010599997825920582 0.00670173717662692 0.03203636780381202
v 0.010599997825920582 0.006470169872045516 0.0326830968260765
v 0.017999999225139618 0.006413407158106565 0.03281618282198905
v 0.003199999453499913 0.006660538725554942 0.03216747194528579
v 0.010599997825920582 0.006470169872045516 0.0326830968260765
v 0.010599997825920582 0.00670173717662692 0.03203636780381202
v 0.003199999453499913 0.006239975802600383 0.03318221122026443
v 0.010599997825920582 0.0061763464473187915 0.03330403566360473
v 0.010599997825920582 0.006470169872045516 0.0326830968260765
v 0.017999999225139618 0.006413407158106565 0.03281618282198905
v 0.010599997825920582 0.006470169872045516 0.0326830968260765
v 0.010599997825920582 0.0061763464473187915 0.03330403566360473
v 0.017999999225139618 0.006789017468690871 0.031722802668809884
v 0.010599997825920582 0.0068687903694808474 0.03137004747986793
v 0.010599997825920582 0.00670173717662692 0.03203636780381202
v 0.010599997825920582 0.005823044572025537 0.033893179148435586
v 0.010599997825920582 0.0061763464473187915 0.03330403566360473
v 0.003199999453499913 0.006239975802600383 0.03318221122026443
v 0.017999999225139618 0.006979569327086209 0.030582480132579797
v 0.010599997825920582 0.007003586739301681 0.030004447326064103
v 0.010599997825920582 0.006969742476940154 0.03069054335355758
v 0.003199999453499913 0.005665848497301339 0.0341186411678791
v 0.003199999453499913 0.00495228637009859 0.0349537543952465
v 0.010599997825920582 0.005413712467998265 0.034444846212863915
v 0.003199999453499913 0.00495228637009859 0.0349537543952465
v 0.003199999453499913 0.004116898402571677 0.035666953772306435
v 0.01060000155121088 0.004443192388862371 0.035414967685937875
v 0.003199999453499913 0.0031801916193217035 0.036240682005882256
v 0.003199999453499913 0.0021652991417795415 0.03666081652045249
v 0.01060000155121088 0.002681015525013208 0.03647069260478019
v 0.017999999225139618 0.005862961523234843 0.03383281454443931
v 0.010599997825920582 0.005823044572025537 0.033893179148435586
v 0.010599997825920582 0.005413712467998265 0.034444846212863915
v 0.010599997825920582 0.005413712467998265 0.034444846212863915
v 0.010599997825920582 0.005823044572025537 0.033893179148435586
v 0.003199999453499913 0.005665848497301339 0.0341186411678791
v 0.003199999453499913 2.12145050682011e-06 0.03700295090675353
v 0.01060000155121088 0.0006882481975480913 0.03696938231587409
v 0.003199999453499913 0.00109718379098922 0.036917012184858315
v 0.003199999453499913 0.004116898402571677 0.035666953772306435
v 0.003199999453499913 0.0031801916193217035 0.036240682005882256
v 0.01060000155121088 0.003891342785209417 0.03582405671477317
v 0.003199999453499913 0.0021652991417795415 0.03666081652045249
v 0.003199999453499913 0.00109718379098922 0.036917012184858315
v 0.01060000155121088 0.0013677831739187238 0.03686873242259025
v 0.00813333410769701 2.12145050682011e-06 0.03700295090675353
v 0.01060000155121088 0.0006882481975480913 0.03696938231587409
v 0.003199999453499913 2.12145050682011e-06 0.03700295090675353
v 0.017999999225139618 0.005862961523234843 0.03383281454443931
v 0.010599997825920582 0.0061763464473187915 0.03330403566360473
v 0.010599997825920582 0.005823044572025537 0.033893179148435586
v 0.017999999225139618 0.006789017468690871 0.031722802668809884
v 0.017999999225139618 0.006979569327086209 0.030582480132579797
v 0.010599997825920582 0.0068687903694808474 0.03137004747986793
v 0.010599997825920582 0.00495228637009859 0.0349537543952465
v 0.017999999225139618 0.005152665078639983 0.03474501520395278
v 0.010599997825920582 0.005413712467998265 0.034444846212863915
v 0.010599997825920582 0.00495228637009859 0.0349537543952465
v 0.01060000155121088 0.004443192388862371 0.035414967685937875
v 0.017999999225139618 0.004301926121115684 0.03552785143256187
v 0.003199999453499913 0.004116898402571677 0.035666953772306435
v 0.01060000155121088 0.003891342785209417 0.03582405671477317
v 0.01060000155121088 0.004443192388862371 0.035414967685937875
v 0.01060000155121088 0.003891342785209417 0.03582405671477317
v 0.017999999225139618 0.004301926121115684 0.03552785143256187
v 0.01060000155121088 0.004443192388862371 0.035414967685937875
v 0.017999999225139618 0.005152665078639983 0.03474501520395278
v 0.017999999225139618 0.005862961523234843 0.03383281454443931
v 0.010599997825920582 0.005413712467998265 0.034444846212863915
v 0.017999999225139618 0.006413407158106565 0.03281618282198905
v 0.010599997825920582 0.0061763464473187915 0.03330403566360473
v 0.017999999225139618 0.005862961523234843 0.03383281454443931
v 0.017999999225139618 0.0033339392393827434 0.036159962415695183
v 0.017999999225139618 0.004301926121115684 0.03552785143256187
v 0.01060000155121088 0.003891342785209417 0.03582405671477317
v 0.017999999225139618 0.0033339392393827434 0.036159962415695183
v 0.01060000155121088 0.0033020789269357915 0.0361771136522293
v 0.01060000155121088 0.002681015525013208 0.03647069260478019
v 0.01060000155121088 0.00203416496515274 0.03670195490121841
v 0.01060000155121088 0.0013677831739187238 0.03686873242259025
v 0.017999999225139618 0.0011542821303009985 0.036907736212015145
v 0.003199999453499913 0.00109718379098922 0.036917012184858315
v 0.01060000155121088 0.0006882481975480913 0.03696938231587409
v 0.01060000155121088 0.0013677831739187238 0.03686873242259025
v 0.017999999225139618 0.0011542821303009985 0.036907736212015145
v 0.01060000155121088 0.0013677831739187238 0.03686873242259025
v 0.01060000155121088 0.0006882481975480913 0.03696938231587409
v 0.01060000155121088 0.00203416496515274 0.03670195490121841
v 0.01060000155121088 0.002681015525013208 0.03647069260478019
v 0.003199999453499913 0.0021652991417795415 0.03666081652045249
v 0.017999999225139618 0.0022751013748347755 0.036624167114496224
v 0.01060000155121088 0.002681015525013208 0.03647069260478019
v 0.01060000155121088 0.00203416496515274 0.03670195490121841
v 0.017999999225139618 0.0022751013748347755 0.036624167114496224
v 0.017999999225139618 0.0033339392393827434 0.036159962415695183
v 0.01060000155121088 0.002681015525013208 0.03647069260478019
v 0.017999999225139618 0.0011542821303009985 0.036907736212015145
v 0.01060000155121088 0.0006882481975480913 0.03696938231587409
v 0.017999999225139618 2.12145050682011e-06 0.03700295090675353
v 0.01306666899472475 2.12145050682011e-06 0.03700295090675353
v 0.017999999225139618 2.12145050682011e-06 0.03700295090675353
v 0.01060000155121088 0.0006882481975480913 0.03696938231587409
v 0.01306666899472475 2.12145050682011e-06 0.03700295090675353
v 0.01060000155121088 0.0006882481975480913 0.03696938231587409
v 0.00813333410769701 2.12145050682011e-06 0.03700295090675353
v 0.017999999225139618 0.006979813333600759 0.029426382854580872
v 0.010599997825920582 0.007003586739301681 0.030004447326064103
v 0.017999999225139618 0.006979569327086209 0.030582480132579797
v 0.003199999453499913 0.0031828465871512886 0.023766594007611268
v 0.003199999453499913 0.0070050512440502635 0.023004448041319844
v 0.003199999453499913 0.004119278397411107 0.024340689182281487
v 0.003199999453499913 0.004954392090439796 0.025054251775145524
v 0.003199999453499913 0.004119278397411107 0.024340689182281487
v 0.003199999453499913 0.0070050512440502635 0.023004448041319844
v 0.003199999453499913 0.00216810661368072 0.023346031084656712
v 0.003199999453499913 0.0070050512440502635 0.023004448041319844
v 0.003199999453499913 0.0031828465871512886 0.023766594007611268
v 0.003199999453499913 0.0070050512440502635 0.023004448041319844
v 0.003199999453499913 0.001100082881748676 0.02308937720954418
v 0.003199999453499913 5.051138032285961e-06 0.02300295233726501
v 0.003199999453499913 0.0070050512440502635 0.023004448041319844
v 0.003199999453499913 0.00216810661368072 0.023346031084656712
v 0.003199999453499913 0.001100082881748676 0.02308937720954418
v 0.003199999453499913 0.0070050512440502635 0.023004448041319844
v 0.003199999453499913 0.006917648948729037 0.02890938520431518
v 0.003199999453499913 0.006661454215645789 0.02784124016761779
v 0.003199999453499913 0.0070050512440502635 0.023004448041319844
v 0.003199999453499913 0.007003586739301681 0.030004447326064103
v 0.003199999453499913 0.006917648948729037 0.02890938520431518
v 0.003199999453499913 0.0070050512440502635 0.023004448041319844
v 0.003199999453499913 0.005667588207870721 0.02588964067399501
v 0.003199999453499913 0.004954392090439796 0.025054251775145524
v 0.003199999453499913 0.0070050512440502635 0.023004448041319844
v 0.003199999453499913 0.006241318304091691 0.026826346293091767
v 0.003199999453499913 0.005667588207870721 0.02588964067399501
v 0.003199999453499913 0.0070050512440502635 0.023004448041319844
v 0.003199999453499913 0.006661454215645789 0.02784124016761779
v 0.003199999453499913 0.006241318304091691 0.026826346293091767
v 0.01060000155121088 -0.0006840052665211259 0.03696910664439201
v 0.003199999453499913 2.12145050682011e-06 0.03700295090675353
v 0.003199999453499913 -0.001092910300940275 0.036916553974151604
v 0.01060000155121088 -0.002676559146493673 0.03646953403949737
v 0.003199999453499913 -0.002160934032872319 0.03665990382432937
v 0.003199999453499913 -0.0031756740063428874 0.03623934090137481
v 0.003199999453499913 -0.001092910300940275 0.036916553974151604
v 0.003199999453499913 -0.002160934032872319 0.03665990382432937
v 0.01060000155121088 -0.0020298305898904796 0.03670110180974006
v 0.01306666899472475 2.12145050682011e-06 0.03700295090675353
v 0.00813333410769701 2.12145050682011e-06 0.03700295090675353
v 0.01060000155121088 -0.0006840052665211259 0.03696910664439201
v 0.01060000155121088 -0.0006840052665211259 0.03696910664439201
v 0.00813333410769701 2.12145050682011e-06 0.03700295090675353
v 0.003199999453499913 2.12145050682011e-06 0.03700295090675353
v 0.017999999225139618 -0.002270705765113234 0.03662319108843803
v 0.01060000155121088 -0.0020298305898904796 0.03670110180974006
v 0.01060000155121088 -0.002676559146493673 0.03646953403949737
v 0.01060000155121088 -0.002676559146493673 0.03646953403949737
v 0.01060000155121088 -0.0020298305898904796 0.03670110180974006
v 0.003199999453499913 -0.002160934032872319 0.03665990382432937
v 0.018000002950429916 -0.0033293301239609714 0.03615855798125266
v 0.01060000155121088 -0.002676559146493673 0.03646953403949737
v 0.01060000155121088 -0.003297500312328338 0.03617570921778678
v 0.01060000155121088 -0.002676559146493673 0.03646953403949737
v 0.003199999453499913 -0.0031756740063428874 0.03623934090137481
v 0.01060000155121088 -0.003297500312328338 0.03617570921778678
v 0.01060000155121088 -0.0006840052665211259 0.03696910664439201
v 0.01060000155121088 -0.0020298305898904796 0.03670110180974006
v 0.017999999225139618 -0.001150039257481694 0.036907248198986047
v 0.01060000155121088 -0.003886642167344689 0.03582241013646125
v 0.01060000155121088 -0.003297500312328338 0.03617570921778678
v 0.003199999453499913 -0.0031756740063428874 0.03623934090137481
v 0.003199999453499913 -0.004112105816602706 0.035665214061737054
v 0.003199999453499913 -0.0049471892416477195 0.03495164960622787
v 0.01060000155121088 -0.004438308533281087 0.035413075238466256
v 0.003199999453499913 -0.0049471892416477195 0.03495164960622787
v 0.003199999453499913 -0.0056603848934173575 0.03411626070737838
v 0.01060000155121088 -0.005408431869000196 0.03444255515933036
v 0.018000002950429916 -0.004297072999179362 0.03552602231502532
v 0.01060000155121088 -0.003886642167344689 0.03582241013646125
v 0.01060000155121088 -0.004438308533281087 0.035413075238466256
v 0.01060000155121088 -0.004438308533281087 0.035413075238466256
v 0.01060000155121088 -0.003886642167344689 0.03582241013646125
v 0.003199999453499913 -0.004112105816602706 0.035665214061737054
v 0.0032000034116208553 -0.006234115455299615 0.033179555088281625
v 0.0032000034116208553 -0.006654250901192426 0.03216466307640075
v 0.01060000155121088 -0.006464126519858836 0.03268038108944892
v 0.0032000034116208553 -0.006654250901192426 0.03216466307640075
v 0.0032000034116208553 -0.006910446099936961 0.0310965497046709
v 0.01060000155121088 -0.0068621975369751445 0.031367149204015725
v 0.003199999453499913 -0.0056603848934173575 0.03411626070737838
v 0.0032000034116208553 -0.006234115455299615 0.033179555088281625
v 0.01060000155121088 -0.005817519966512918 0.03389070555567741
v 0.0032000034116208553 -0.006910446099936961 0.0310965497046709
v 0.0032000034116208553 -0.0069964141584932795 0.030001487582921975
v 0.01060000155121088 -0.006962844636291265 0.03068761341273784
v 0.018000002950429916 -0.0033293301239609714 0.03615855798125266
v 0.01060000155121088 -0.003297500312328338 0.03617570921778678
v 0.01060000155121088 -0.003886642167344689 0.03582241013646125
v 0.01060000155121088 -0.0006840052665211259 0.03696910664439201
v 0.017999999225139618 2.12145050682011e-06 0.03700295090675353
v 0.01306666899472475 2.12145050682011e-06 0.03700295090675353
v 0.01060000155121088 -0.004438308533281087 0.035413075238466256
v 0.01060000155121088 -0.0049471892416477195 0.03495164960622787
v 0.018000002950429916 -0.004297072999179362 0.03552602231502532
v 0.01060000155121088 -0.005408431869000196 0.03444255515933036
v 0.018000002950429916 -0.005147475749254226 0.034742850810289376
v 0.01060000155121088 -0.0049471892416477195 0.03495164960622787
v 0.017999999225139618 -0.001150039257481694 0.036907248198986047
v 0.017999999225139618 2.12145050682011e-06 0.03700295090675353
v 0.01060000155121088 -0.0006840052665211259 0.03696910664439201
v 0.018000002950429916 -0.004297072999179362 0.03552602231502532
v 0.018000002950429916 -0.0033293301239609714 0.03615855798125266
v 0.01060000155121088 -0.003886642167344689 0.03582241013646125
v 0.017999999225139618 -0.002270705765113234 0.03662319108843803
v 0.01060000155121088 -0.002676559146493673 0.03646953403949737
v 0.018000002950429916 -0.0033293301239609714 0.03615855798125266
v 0.018000002950429916 -0.005857375916093587 0.03383034467697143
v 0.018000002950429916 -0.005147475749254226 0.034742850810289376
v 0.01060000155121088 -0.005408431869000196 0.03444255515933036
v 0.018000002950429916 -0.005857375916093587 0.03383034467697143
v 0.01060000155121088 -0.005817519966512918 0.03389070555567741
v 0.01060000155121088 -0.006170547101646661 0.033301442861557
v 0.01060000155121088 -0.006464126519858836 0.03268038108944892
v 0.01060000155121088 -0.006695419084280728 0.03203352913260459
v 0.018000002950429916 -0.006407424807548522 0.032813467085361474
v 0.018000002950429916 -0.006782577373087405 0.03171993046998977
v 0.01060000155121088 -0.006695419084280728 0.03203352913260459
v 0.01060000155121088 -0.0068621975369751445 0.031367149204015725
v 0.01060000155121088 -0.006464126519858836 0.03268038108944892
v 0.01060000155121088 -0.006170547101646661 0.033301442861557
v 0.0032000034116208553 -0.006234115455299615 0.033179555088281625
v 0.018000002950429916 -0.006407424807548522 0.032813467085361474
v 0.01060000155121088 -0.006170547101646661 0.033301442861557
v 0.01060000155121088 -0.006464126519858836 0.03268038108944892
v 0.018000002950429916 -0.006407424807548522 0.032813467085361474
v 0.018000002950429916 -0.005857375916093587 0.03383034467697143
v 0.01060000155121088 -0.006170547101646661 0.033301442861557
v 0.018000002950429916 -0.0069726104848086825 0.030579552054405205
v 0.018000002950429916 -0.006782577373087405 0.03171993046998977
v 0.01060000155121088 -0.0068621975369751445 0.031367149204015725
v 0.01060000155121088 -0.006962844636291265 0.03068761341273784
v 0.01060000155121088 -0.0069964141584932795 0.030001487582921975
v 0.018000002950429916 -0.0069726104848086825 0.030579552054405205
v 0.01060000155121088 -0.006962844636291265 0.03068761341273784
v 0.01060000155121088 -0.0068621975369751445 0.031367149204015725
v 0.0032000034116208553 -0.006910446099936961 0.0310965497046709
v 0.01060000155121088 -0.005817519966512918 0.03389070555567741
v 0.01060000155121088 -0.005408431869000196 0.03444255515933036
v 0.003199999453499913 -0.0056603848934173575 0.03411626070737838
v 0.01060000155121088 -0.006962569896131753 0.02931535989046096
v 0.01060000155121088 -0.0069964141584932795 0.030001487582921975
v 0.0032000034116208553 -0.0069964141584932795 0.030001487582921975
v 0.0032000034116208553 -0.006909988354891538 0.02890645526349544
v 0.01060000155121088 -0.006962569896131753 0.02931535989046096
v 0.0032000034116208553 -0.0069964141584932795 0.030001487582921975
v 0.0032000034116208553 -0.006909988354891538 0.02890645526349544
v 0.0032000034116208553 -0.006653335411101579 0.02783843129873275
v 0.01060000155121088 -0.006861617788672446 0.02863588742911815
v 0.0032000034116208553 -0.0062327724881470195 0.0268237218260765
v 0.01060000155121088 -0.006462997291237115 0.02732280641794204
v 0.0032000034116208553 -0.006653335411101579 0.02783843129873275
v 0.018000002950429916 -0.006972366012632846 0.029423423111438744
v 0.01060000155121088 -0.006962569896131753 0.02931535989046096
v 0.01060000155121088 -0.006861617788672446 0.02863588742911815
v 0.0032000034116208553 -0.006909988354891538 0.02890645526349544
v 0.01060000155121088 -0.006861617788672446 0.02863588742911815
v 0.01060000155121088 -0.006962569896131753 0.02931535989046096
v 0.01060000155121088 -0.006694564595818519 0.02796953544020652
v 0.01060000155121088 -0.006462997291237115 0.02732280641794204
v 0.018000002950429916 -0.0064062345772981635 0.027189750224351876
v 0.0032000034116208553 -0.006653335411101579 0.02783843129873275
v 0.01060000155121088 -0.006462997291237115 0.02732280641794204
v 0.01060000155121088 -0.006694564595818519 0.02796953544020652
v 0.0032000034116208553 -0.0062327724881470195 0.0268237218260765
v 0.01060000155121088 -0.00616917386651039 0.026701865717768662
v 0.01060000155121088 -0.006462997291237115 0.02732280641794204
v 0.018000002950429916 -0.0064062345772981635 0.027189750224351876
v 0.01060000155121088 -0.006462997291237115 0.02732280641794204
v 0.01060000155121088 -0.00616917386651039 0.026701865717768662
v 0.018000002950429916 -0.00678184488788247 0.028283134102821343
v 0.01060000155121088 -0.006861617788672446 0.02863588742911815
v 0.01060000155121088 -0.006694564595818519 0.02796953544020652
v 0.01060000155121088 -0.0058158719912171355 0.026112724095582955
v 0.01060000155121088 -0.00616917386651039 0.026701865717768662
v 0.0032000034116208553 -0.0062327724881470195 0.0268237218260765
v 0.018000002950429916 -0.006972366012632846 0.029423423111438744
v 0.01060000155121088 -0.0069964141584932795 0.030001487582921975
v 0.01060000155121088 -0.006962569896131753 0.02931535989046096
v 0.0032000034116208553 -0.005658675916492938 0.025887260213494294
v 0.003199999453499913 -0.004945113789290189 0.02505217678844928
v 0.01060000155121088 -0.005406539887189864 0.025561057031154626
v 0.003199999453499913 -0.004945113789290189 0.02505217678844928
v 0.003199999453499913 -0.004109725821763276 0.024338981136679642
v 0.01060000155121088 -0.0044360198080539695 0.024590933695435517
v 0.003199999453499913 -0.0031730190385133024 0.023765251040458672
v 0.003199999453499913 -0.0021581265609711404 0.02334511466324329
v 0.01060000155121088 -0.002673842944204807 0.02353523857891559
v 0.018000002950429916 -0.005855758674442767 0.026173086836934083
v 0.01060000155121088 -0.0058158719912171355 0.026112724095582955
v 0.01060000155121088 -0.005406539887189864 0.025561057031154626
v 0.01060000155121088 -0.005406539887189864 0.025561057031154626
v 0.01060000155121088 -0.0058158719912171355 0.026112724095582955
v 0.0032000034116208553 -0.005658675916492938 0.025887260213494294
v 0.003199999453499913 5.051138032285961e-06 0.02300295233726501
v 0.01060000155121088 -0.0006810451159253715 0.02303652092814445
v 0.003199999453499913 -0.0010899807093665002 0.023088918998837468
v 0.003199999453499913 -0.004109725821763276 0.024338981136679642
v 0.003199999453499913 -0.0031730190385133024 0.023765251040458672
v 0.01060000155121088 -0.003884170204401016 0.02418184652924537
v 0.003199999453499913 -0.0021581265609711404 0.02334511466324329
v 0.003199999453499913 -0.0010899807093665002 0.023088918998837468
v 0.01060000155121088 -0.0013605799758806823 0.023137168958783146
v 0.00813333410769701 5.081655672256601e-06 0.02300295233726501
v 0.01060000155121088 -0.0006810451159253715 0.02303652092814445
v 0.003199999453499913 5.051138032285961e-06 0.02300295233726501
v 0.018000002950429916 -0.005855758674442767 0.026173086836934083
v 0.01060000155121088 -0.00616917386651039 0.026701865717768662
v 0.01060000155121088 -0.0058158719912171355 0.026112724095582955
v 0.018000002950429916 -0.00678184488788247 0.028283134102821343
v 0.018000002950429916 -0.006972366012632846 0.029423423111438744
v 0.01060000155121088 -0.006861617788672446 0.02863588742911815
v 0.01060000155121088 -0.004945113789290189 0.02505217678844928
v 0.018000002950429916 -0.00514546176418662 0.02526088617742061
v 0.01060000155121088 -0.005406539887189864 0.025561057031154626
v 0.01060000155121088 -0.004945113789290189 0.02505217678844928
v 0.01060000155121088 -0.0044360198080539695 0.024590933695435517
v 0.018000002950429916 -0.0042947232723236075 0.024478079751133912
v 0.003199999453499913 -0.004109725821763276 0.024338981136679642
v 0.01060000155121088 -0.003884170204401016 0.02418184652924537
v 0.01060000155121088 -0.0044360198080539695 0.024590933695435517
v 0.01060000155121088 -0.003884170204401016 0.02418184652924537
v 0.018000002950429916 -0.0042947232723236075 0.024478079751133912
v 0.01060000155121088 -0.0044360198080539695 0.024590933695435517
v 0.018000002950429916 -0.00514546176418662 0.02526088617742061
v 0.018000002950429916 -0.005855758674442767 0.026173086836934083
v 0.01060000155121088 -0.005406539887189864 0.025561057031154626
v 0.018000002950429916 -0.0064062345772981635 0.027189750224351876
v 0.01060000155121088 -0.00616917386651039 0.026701865717768662
v 0.018000002950429916 -0.005855758674442767 0.026173086836934083
v 0.018000002950429916 -0.0033267361577600236 0.023845938965678208
v 0.018000002950429916 -0.0042947232723236075 0.024478079751133912
v 0.01060000155121088 -0.003884170204401016 0.02418184652924537
v 0.018000002950429916 -0.0033267361577600236 0.023845938965678208
v 0.01060000155121088 -0.0032948758453130718 0.023828819394111626
v 0.01060000155121088 -0.002673842944204807 0.02353523857891559
v 0.01060000155121088 -0.002026992384344339 0.023303946480154988
v 0.01060000155121088 -0.0013605799758806823 0.023137168958783146
v 0.017999999225139618 -0.0011471095494925974 0.023098196834325787
v 0.003199999453499913 -0.0010899807093665002 0.023088918998837468
v 0.01060000155121088 -0.0006810451159253715 0.02303652092814445
v 0.01060000155121088 -0.0013605799758806823 0.023137168958783146
v 0.017999999225139618 -0.0011471095494925974 0.023098196834325787
v 0.01060000155121088 -0.0013605799758806823 0.023137168958783146
v 0.01060000155121088 -0.0006810451159253715 0.02303652092814445
v 0.01060000155121088 -0.002026992384344339 0.023303946480154988
v 0.01060000155121088 -0.002673842944204807 0.02353523857891559
v 0.003199999453499913 -0.0021581265609711404 0.02334511466324329
v 0.018000002950429916 -0.0022678982932120557 0.023381765931844708
v 0.01060000155121088 -0.002673842944204807 0.02353523857891559
v 0.01060000155121088 -0.002026992384344339 0.023303946480154988
v 0.018000002950429916 -0.0022678982932120557 0.023381765931844708
v 0.018000002950429916 -0.0033267361577600236 0.023845938965678208
v 0.01060000155121088 -0.002673842944204807 0.02353523857891559
v 0.017999999225139618 -0.0011471095494925974 0.023098196834325787
v 0.01060000155121088 -0.0006810451159253715 0.02303652092814445
v 0.017999999225139618 5.081655672256601e-06 0.02300295233726501
v 0.01306666899472475 5.081655672256601e-06 0.02300295233726501
v 0.017999999225139618 5.081655672256601e-06 0.02300295233726501
v 0.01060000155121088 -0.0006810451159253715 0.02303652092814445
v 0.01306666899472475 5.081655672256601e-06 0.02300295233726501
v 0.01060000155121088 -0.0006810451159253715 0.02303652092814445
v 0.00813333410769701 5.081655672256601e-06 0.02300295233726501
v 0.018000002950429916 -0.0069726104848086825 0.030579552054405205
v 0.01060000155121088 -0.0069964141584932795 0.030001487582921975
v 0.018000002950429916 -0.006972366012632846 0.029423423111438744
v 0.0032000034116208553 -0.006997878663241862 0.03700148686766624
v 0.003199999453499913 -0.0056603848934173575 0.03411626070737838
v 0.003199999453499913 -0.0049471892416477195 0.03495164960622787
v 0.0032000034116208553 -0.006997878663241862 0.03700148686766624
v 0.0032000034116208553 -0.006234115455299615 0.033179555088281625
v 0.003199999453499913 -0.0056603848934173575 0.03411626070737838
v 0.0032000034116208553 -0.006997878663241862 0.03700148686766624
v 0.0032000034116208553 -0.006910446099936961 0.0310965497046709
v 0.0032000034116208553 -0.006654250901192426 0.03216466307640075
v 0.0032000034116208553 -0.006997878663241862 0.03700148686766624
v 0.0032000034116208553 -0.0069964141584932795 0.030001487582921975
v 0.0032000034116208553 -0.006910446099936961 0.0310965497046709
v 0.0032000034116208553 -0.006654250901192426 0.03216466307640075
v 0.0032000034116208553 -0.006234115455299615 0.033179555088281625
v 0.0032000034116208553 -0.006997878663241862 0.03700148686766624
v 0.0032000034116208553 -0.006997878663241862 0.03700148686766624
v 0.003199999453499913 -0.001092910300940275 0.036916553974151604
v 0.003199999453499913 2.12145050682011e-06 0.03700295090675353
v 0.0032000034116208553 -0.006997878663241862 0.03700148686766624
v 0.003199999453499913 -0.002160934032872319 0.03665990382432937
v 0.003199999453499913 -0.001092910300940275 0.036916553974151604
v 0.0032000034116208553 -0.006997878663241862 0.03700148686766624
v 0.003199999453499913 -0.004112105816602706 0.035665214061737054
v 0.003199999453499913 -0.0031756740063428874 0.03623934090137481
v 0.003199999453499913 -0.002160934032872319 0.03665990382432937
v 0.0032000034116208553 -0.006997878663241862 0.03700148686766624
v 0.003199999453499913 -0.0031756740063428874 0.03623934090137481
v 0.003199999453499913 -0.0049471892416477195 0.03495164960622787
v 0.003199999453499913 -0.004112105816602706 0.035665214061737054
v 0.0032000034116208553 -0.006997878663241862 0.03700148686766624
v 0.017999999225139618 0.003336533205583691 0.023847343400120728
v 0.017999999225139618 0.0022751013748347755 0.036624167114496224
v 0.017999999225139618 0.002277878345921635 0.023382712155580517
v 0.017999999225139618 0.0011572118382900951 0.023098684847354885
v 0.017999999225139618 0.002277878345921635 0.023382712155580517
v 0.017999999225139618 0.0022751013748347755 0.036624167114496224
v 0.017999999225139618 0.003336533205583691 0.023847343400120728
v 0.017999999225139618 0.0043042455799877635 0.024479880928993218
v 0.017999999225139618 0.004301926121115684 0.03552785143256187
v 0.017999999225139618 0.006789017468690871 0.031722802668809884
v 0.017999999225139618 0.006414597388356923 0.027192436158657067
v 0.017999999225139618 0.006789749953895806 0.02828600257635116
v 0.017999999225139618 0.006414597388356923 0.027192436158657067
v 0.017999999225139618 0.005862961523234843 0.03383281454443931
v 0.017999999225139618 0.00586457923054695 0.026175558567047112
v 0.017999999225139618 0.005862961523234843 0.03383281454443931
v 0.017999999225139618 0.005154648330062627 0.025263084098696702
v 0.017999999225139618 0.00586457923054695 0.026175558567047112
v 0.017999999225139618 0.0043042455799877635 0.024479880928993218
v 0.017999999225139618 0.005154648330062627 0.025263084098696702
v 0.017999999225139618 0.004301926121115684 0.03552785143256187
v 0.017999999225139618 0.0011542821303009985 0.036907736212015145
v 0.017999999225139618 5.081655672256601e-06 0.02300295233726501
v 0.017999999225139618 0.0011572118382900951 0.023098684847354885
v 0.018000002950429916 -0.0033267361577600236 0.023845938965678208
v 0.018000002950429916 -0.0022678982932120557 0.023381765931844708
v 0.017999999225139618 -0.002270705765113234 0.03662319108843803
v 0.018000002950429916 -0.004297072999179362 0.03552602231502532
v 0.018000002950429916 -0.00514546176418662 0.02526088617742061
v 0.018000002950429916 -0.0042947232723236075 0.024478079751133912
v 0.018000002950429916 -0.004297072999179362 0.03552602231502532
v 0.018000002950429916 -0.0042947232723236075 0.024478079751133912
v 0.018000002950429916 -0.0033267361577600236 0.023845938965678208
v 0.017999999225139618 -0.0011471095494925974 0.023098196834325787
v 0.017999999225139618 -0.001150039257481694 0.036907248198986047
v 0.018000002950429916 -0.0022678982932120557 0.023381765931844708
v 0.018000002950429916 -0.005855758674442767 0.026173086836934083
v 0.018000002950429916 -0.005857375916093587 0.03383034467697143
v 0.018000002950429916 -0.0064062345772981635 0.027189750224351876
v 0.018000002950429916 -0.006972366012632846 0.029423423111438744
v 0.018000002950429916 -0.00678184488788247 0.028283134102821343
v 0.018000002950429916 -0.0069726104848086825 0.030579552054405205
v 0.018000002950429916 -0.00678184488788247 0.028283134102821343
v 0.018000002950429916 -0.0064062345772981635 0.027189750224351876
v 0.018000002950429916 -0.006407424807548522 0.032813467085361474
v 0.018000002950429916 -0.00514546176418662 0.02526088617742061
v 0.018000002950429916 -0.005857375916093587 0.03383034467697143
v 0.018000002950429916 -0.005855758674442767 0.026173086836934083
v 0.017999999225139618 5.081655672256601e-06 0.02300295233726501
v 0.017999999225139618 -0.001150039257481694 0.036907248198986047
v 0.017999999225139618 -0.0011471095494925974 0.023098196834325787
v 0.017999999225139618 0.006789749953895806 0.02828600257635116
v 0.017999999225139618 0.006979813333600759 0.029426382854580872
v 0.017999999225139618 0.006979569327086209 0.030582480132579797
v 0.017999999225139618 0.006414597388356923 0.027192436158657067
v 0.017999999225139618 0.006789017468690871 0.031722802668809884
v 0.017999999225139618 0.006413407158106565 0.03281618282198905
v 0.017999999225139618 0.006413407158106565 0.03281618282198905
v 0.017999999225139618 0.005862961523234843 0.03383281454443931
v 0.017999999225139618 0.006414597388356923 0.027192436158657067
v 0.017999999225139618 0.005154648330062627 0.025263084098696702
v 0.017999999225139618 0.005862961523234843 0.03383281454443931
v 0.017999999225139618 0.005152665078639983 0.03474501520395278
v 0.017999999225139618 0.004301926121115684 0.03552785143256187
v 0.017999999225139618 0.0033339392393827434 0.036159962415695183
v 0.017999999225139618 0.003336533205583691 0.023847343400120728
v 0.017999999225139618 0.0011542821303009985 0.036907736212015145
v 0.017999999225139618 0.0011572118382900951 0.023098684847354885
v 0.017999999225139618 0.0022751013748347755 0.036624167114496224
v 0.017999999225139618 0.003336533205583691 0.023847343400120728
v 0.017999999225139618 0.0033339392393827434 0.036159962415695183
v 0.017999999225139618 0.0022751013748347755 0.036624167114496224
v 0.017999999225139618 0.005152665078639983 0.03474501520395278
v 0.017999999225139618 0.004301926121115684 0.03552785143256187
v 0.017999999225139618 0.005154648330062627 0.025263084098696702
v 0.017999999225139618 5.081655672256601e-06 0.02300295233726501
v 0.017999999225139618 0.0011542821303009985 0.036907736212015145
v 0.017999999225139618 2.12145050682011e-06 0.03700295090675353
v 0.018000002950429916 -0.005857375916093587 0.03383034467697143
v 0.018000002950429916 -0.006407424807548522 0.032813467085361474
v 0.018000002950429916 -0.0064062345772981635 0.027189750224351876
v 0.018000002950429916 -0.0069726104848086825 0.030579552054405205
v 0.018000002950429916 -0.00678184488788247 0.028283134102821343
v 0.018000002950429916 -0.006782577373087405 0.03171993046998977
v 0.018000002950429916 -0.006782577373087405 0.03171993046998977
v 0.018000002950429916 -0.00678184488788247 0.028283134102821343
v 0.018000002950429916 -0.006407424807548522 0.032813467085361474
v 0.018000002950429916 -0.005857375916093587 0.03383034467697143
v 0.018000002950429916 -0.00514546176418662 0.02526088617742061
v 0.018000002950429916 -0.005147475749254226 0.034742850810289376
v 0.018000002950429916 -0.0033293301239609714 0.03615855798125266
v 0.018000002950429916 -0.0033267361577600236 0.023845938965678208
v 0.017999999225139618 -0.002270705765113234 0.03662319108843803
v 0.018000002950429916 -0.00514546176418662 0.02526088617742061
v 0.018000002950429916 -0.004297072999179362 0.03552602231502532
v 0.018000002950429916 -0.005147475749254226 0.034742850810289376
v 0.018000002950429916 -0.0033267361577600236 0.023845938965678208
v 0.018000002950429916 -0.0033293301239609714 0.03615855798125266
v 0.018000002950429916 -0.004297072999179362 0.03552602231502532
v 0.017999999225139618 -0.002270705765113234 0.03662319108843803
v 0.018000002950429916 -0.0022678982932120557 0.023381765931844708
v 0.017999999225139618 -0.001150039257481694 0.036907248198986047
v 0.017999999225139618 5.081655672256601e-06 0.02300295233726501
v 0.017999999225139618 2.12145050682011e-06 0.03700295090675353
v 0.017999999225139618 -0.001150039257481694 0.036907248198986047
v 0.017999999225139618 0.006789749953895806 0.02828600257635116
v 0.017999999225139618 0.006979569327086209 0.030582480132579797
v 0.017999999225139618 0.006789017468690871 0.031722802668809884
v 0.0032000034116208553 -0.006994918454438447 0.023001486435532566
v 0.003199999453499913 -0.0010899807093665002 0.023088918998837468
v 0.003199999453499913 -0.0021581265609711404 0.02334511466324329
v 0.0032000034116208553 -0.006994918454438447 0.023001486435532566
v 0.003199999453499913 5.051138032285961e-06 0.02300295233726501
v 0.003199999453499913 -0.0010899807093665002 0.023088918998837468
v 0.003199999453499913 -0.004109725821763276 0.024338981136679642
v 0.0032000034116208553 -0.006994918454438447 0.023001486435532566
v 0.003199999453499913 -0.0031730190385133024 0.023765251040458672
v 0.003199999453499913 -0.0021581265609711404 0.02334511466324329
v 0.003199999453499913 -0.0031730190385133024 0.023765251040458672
v 0.0032000034116208553 -0.006994918454438447 0.023001486435532566
v 0.003199999453499913 -0.004945113789290189 0.02505217678844928
v 0.0032000034116208553 -0.006994918454438447 0.023001486435532566
v 0.003199999453499913 -0.004109725821763276 0.024338981136679642
v 0.0032000034116208553 -0.006994918454438447 0.023001486435532566
v 0.0032000034116208553 -0.005658675916492938 0.025887260213494294
v 0.0032000034116208553 -0.0062327724881470195 0.0268237218260765
v 0.0032000034116208553 -0.006994918454438447 0.023001486435532566
v 0.003199999453499913 -0.004945113789290189 0.02505217678844928
v 0.0032000034116208553 -0.005658675916492938 0.025887260213494294
v 0.0032000034116208553 -0.006994918454438447 0.023001486435532566
v 0.0032000034116208553 -0.006909988354891538 0.02890645526349544
v 0.0032000034116208553 -0.0069964141584932795 0.030001487582921975
v 0.0032000034116208553 -0.006994918454438447 0.023001486435532566
v 0.0032000034116208553 -0.006653335411101579 0.02783843129873275
v 0.0032000034116208553 -0.006909988354891538 0.02890645526349544
v 0.0032000034116208553 -0.006994918454438447 0.023001486435532566
v 0.0032000034116208553 -0.0062327724881470195 0.0268237218260765
v 0.0032000034116208553 -0.006653335411101579 0.02783843129873275
v -1.3426154632512066e-09 0.013999986462295054 0.047005910426378236
v -0.0015999960014596581 -0.014000015333294867 0.04699999094009398
v 2.4720820945844935e-09 -0.014000015333294867 0.04699999094009398
v -0.0015999960014596581 -0.014000015333294867 0.04699999094009398
v -0.0016000036848708987 0.013999986462295054 0.047005910426378236
v -0.0016000036848708987 0.014019853435456751 -0.046994093805551515
v -1.3426154632512066e-09 0.014019853435456751 -0.046994093805551515
v -0.0016000036848708987 0.013999986462295054 0.047005910426378236
v -1.3426154632512066e-09 0.013999986462295054 0.047005910426378236
v -0.0015999960014596581 -0.01398014836013317 -0.04700001329183577
v -0.0016000036848708987 0.014019853435456751 -0.046994093805551515
v -1.3426154632512066e-09 0.014019853435456751 -0.046994093805551515
v 2.4720820945844935e-09 -0.014000015333294867 0.04699999094009398
v -0.0015999960014596581 -0.01398014836013317 -0.04700001329183577
v 2.4720820945844935e-09 -0.01398014836013317 -0.04700001329183577
v -1.3426154632512066e-09 0.013999986462295054 0.047005910426378236
v -1.3426154632512066e-09 0.0070050512440502635 0.023004448041319844
v -1.3426154632512066e-09 0.007014786358922719 -0.022995555773377415
v -1.3426154632512066e-09 0.007017716299742459 -0.036995556205511086
v 2.4720820945844935e-09 -0.01398014836013317 -0.04700001329183577
v -1.3426154632512066e-09 0.014019853435456751 -0.046994093805551515
v 2.4720820945844935e-09 -0.006985214073210954 -0.022998515516519543
v -1.3426154632512066e-09 0.0070050512440502635 0.023004448041319844
v 2.4720820945844935e-09 -0.006994949188083409 0.023001486435532566
v -1.3426154632512066e-09 0.013999986462295054 0.047005910426378236
v 2.4720820945844935e-09 -0.006997878663241862 0.03700148686766624
v -1.3426154632512066e-09 0.0070021217688918105 0.037004444748163216
v 0.003199999453499913 0.003195511410012841 -0.03623341023921966
v 0.01060000155121088 0.0033173377159982915 -0.03616981208324432
v 0.01060000155121088 0.0026963965501636262 -0.0364636369049549
v 0.003199999453499913 0.0011127477046102283 -0.03691062703728675
v 0.01060000155121088 0.002049667993560433 -0.036695204675197594
v 0.01060000155121088 0.0007038426701910793 -0.03696320950984954
v 0.01060000155121088 0.002049667993560433 -0.036695204675197594
v 0.017999999225139618 0.0022905431687831874 -0.03661729395389556
v 0.017999999225139618 0.0011698766611516474 -0.036901317536830895
v 0.01060000155121088 0.003906479571014642 -0.03581650927662849
v 0.003199999453499913 0.003195511410012841 -0.03623341023921966
v 0.003199999453499913 0.004131943453103303 -0.0356592833995819
v 0.003199999453499913 0.0049670571461319915 -0.0349457524716854
v 0.01060000155121088 0.0049670571461319915 -0.0349457524716854
v 0.01060000155121088 0.004458145704120397 -0.03540717810392379
v 0.003199999453499913 0.0049670571461319915 -0.0349457524716854
v 0.01060000155121088 0.005428269039839505 -0.034436658024787896
v 0.01060000155121088 0.0049670571461319915 -0.0349457524716854
v 0.003199999453499913 0.006253983359783887 -0.03317365795373916
v 0.010599997825920582 0.006483963690698146 -0.03267445042729377
v 0.010599997825920582 0.006190415006130933 -0.03329551592469215
v 0.003199999453499913 0.006674118805676698 -0.032158765941858285
v 0.010599997825920582 0.0068820351734757415 -0.031361218541860574
v 0.010599997825920582 0.006715256720781325 -0.03202763199806213
v 0.003199999453499913 0.006253983359783887 -0.03317365795373916
v 0.010599997825920582 0.006190415006130933 -0.03329551592469215
v 0.01060000155121088 0.005837357137352227 -0.03388480842113494
v 0.003199999453499913 0.007016251329332589 -0.029995555058121674
v 0.010599997825920582 0.007016251329332589 -0.029995555058121674
v 0.010599997825920582 0.006982682272791862 -0.030681682750582688
v 0.01060000155121088 0.0049670571461319915 -0.0349457524716854
v 0.017999999225139618 0.005167313385754823 -0.034736920148134225
v 0.017999999225139618 0.004316910635679959 -0.03552012518048286
v 0.017999999225139618 0.005877243820577859 -0.033824443817138665
v 0.01060000155121088 0.005428269039839505 -0.034436658024787896
v 0.01060000155121088 0.005837357137352227 -0.03388480842113494
v 0.010599997825920582 0.006715256720781325 -0.03202763199806213
v 0.017999999225139618 0.006802414543926715 -0.03171399980783462
v 0.017999999225139618 0.006427261978387832 -0.03280756995081901
v 0.017999999225139618 0.0069924783892929545 -0.030573619529604905
v 0.010599997825920582 0.0068820351734757415 -0.031361218541860574
v 0.010599997825920582 0.006982682272791862 -0.030681682750582688
v 0.003199999453499913 0.006673203315585851 -0.027832530438899987
v 0.010599997825920582 0.006714402232319116 -0.027963634580373757
v 0.010599997825920582 0.006881455425173043 -0.02862995490431785
v 0.010599997825920582 0.006714402232319116 -0.027963634580373757
v 0.017999999225139618 0.006426071748137473 -0.027183817699551575
v 0.017999999225139618 0.006801682524383067 -0.028277201578021043
v 0.010599997825920582 0.005835709162056445 -0.026106821373105042
v 0.003199999453499913 0.0062526403926312915 -0.02681779116392135
v 0.003199999453499913 0.005678513087332248 -0.02588135749101638
v 0.003199999453499913 0.004964951425790786 -0.02504624426364898
v 0.01060000155121088 0.004964951425790786 -0.02504624426364898
v 0.01060000155121088 0.005426377058029174 -0.025555156171321862
v 0.003199999453499913 0.004964951425790786 -0.02504624426364898
v 0.01060000155121088 0.004455856978893279 -0.024585032835602753
v 0.01060000155121088 0.004964951425790786 -0.02504624426364898
v 0.003199999453499913 0.0031928564421832557 -0.02375931851565837
v 0.01060000155121088 0.00269368034787476 -0.023529307916760438
v 0.01060000155121088 0.0033147437497973438 -0.023822886869311326
v 0.003199999453499913 0.0031928564421832557 -0.02375931851565837
v 0.01060000155121088 0.0033147437497973438 -0.023822886869311326
v 0.01060000155121088 0.003904007608070969 -0.024175943806767457
v 0.003199999453499913 0.00217796373181045 -0.02333918213844299
v 0.01060000155121088 0.0013804478803649543 -0.023131266236305233
v 0.01060000155121088 0.0020468297880142923 -0.023298045620322224
v 0.01060000155121088 0.004964951425790786 -0.02504624426364898
v 0.017999999225139618 0.0043145911768078795 -0.02447214722633361
v 0.017999999225139618 0.005165329668670892 -0.025254985317587846
v 0.017999999225139618 0.0033466040622442956 -0.023840038105845444
v 0.01060000155121088 0.003904007608070969 -0.024175943806767457
v 0.01060000155121088 0.0033147437497973438 -0.023822886869311326
v 0.01060000155121088 0.0020468297880142923 -0.023298045620322224
v 0.017999999225139618 0.0011669469531625507 -0.023092266172170636
v 0.017999999225139618 0.0022877661976963277 -0.023375835269689556
v 0.003199999453499913 -0.0021482692100107665 -0.02334009855985641
v 0.01060000155121088 -0.0026638943236321207 -0.02353046648204326
v 0.01060000155121088 -0.0020171657670289274 -0.02329890057444572
v 0.003199999453499913 -0.0010802455944940446 -0.023083446547389027
v 0.01060000155121088 -0.0020171657670289274 -0.02329890057444572
v 0.01060000155121088 -0.0006713405018672346 -0.023030893877148625
v 0.01060000155121088 -0.0020171657670289274 -0.02329890057444572
v 0.018000002950429916 -0.002258040942251682 -0.023376811295747753
v 0.017999999225139618 -0.0011373744346201418 -0.023092754185199734
v 0.01060000155121088 -0.0038739773444831367 -0.024177592247724526
v 0.003199999453499913 -0.003163009416311979 -0.023760661482810967
v 0.003199999453499913 -0.0040994412265717975 -0.024334788322448724
v 0.0032000034116208553 -0.004934524185955524 -0.02504835091531276
v 0.01060000155121088 -0.004934524185955524 -0.02504835091531276
v 0.01060000155121088 -0.004425643477588891 -0.024586925283074372
v 0.0032000034116208553 -0.004934524185955524 -0.02504835091531276
v 0.01060000155121088 -0.005395766813308 -0.025557445362210267
v 0.01060000155121088 -0.004934524185955524 -0.02504835091531276
v 0.0032000034116208553 -0.006641586311161517 -0.027835337445139878
v 0.01060000155121088 -0.00668275449424982 -0.027966471388936036
v 0.01060000155121088 -0.00645146146416664 -0.027319621294736855
v 0.0032000034116208553 -0.006641586311161517 -0.027835337445139878
v 0.01060000155121088 -0.006849532946944236 -0.028632853180170052
v 0.01060000155121088 -0.00668275449424982 -0.027966471388936036
v 0.0032000034116208553 -0.006221450399607419 -0.026820415630936616
v 0.01060000155121088 -0.006157882511615752 -0.026698557659983628
v 0.01060000155121088 -0.005804855376482009 -0.02610929496586322
v 0.0032000034116208553 -0.006983749102801084 -0.029998514801263802
v 0.01060000155121088 -0.006983749102801084 -0.029998514801263802
v 0.01060000155121088 -0.006950180046260356 -0.029312388971447938
v 0.01060000155121088 -0.004934524185955524 -0.02504835091531276
v 0.018000002950429916 -0.005134811159223317 -0.0252571515738964
v 0.018000002950429916 -0.004284408409148454 -0.024473980069160454
v 0.018000002950429916 -0.005844711326062678 -0.02616965770721435
v 0.01060000155121088 -0.005395766813308 -0.025557445362210267
v 0.01060000155121088 -0.005804855376482009 -0.02610929496586322
v 0.01060000155121088 -0.00668275449424982 -0.027966471388936036
v 0.018000002950429916 -0.006769912783056497 -0.028280070051550858
v 0.018000002950429916 -0.006394759751856326 -0.027186533436179154
v 0.018000002950429916 -0.006959945429116487 -0.02942045219242572
v 0.01060000155121088 -0.006849532946944236 -0.028632853180170052
v 0.01060000155121088 -0.006950180046260356 -0.029312388971447938
v 0.0032000034116208553 -0.006640701089054345 -0.032161574810743325
v 0.01060000155121088 -0.00668190000578761 -0.032030470669269555
v 0.01060000155121088 -0.006848953198641538 -0.03136411681771278
v 0.01060000155121088 -0.00668190000578761 -0.032030470669269555
v 0.018000002950429916 -0.006393569987267255 -0.0328102558851242
v 0.018000002950429916 -0.006769180297851562 -0.031716868281364434
v 0.01060000155121088 -0.005803207401186227 -0.03388728201389312
v 0.0032000034116208553 -0.006220107898116111 -0.033176284283399575
v 0.0032000034116208553 -0.0056460113264620295 -0.03411274403333663
v 0.0032000034116208553 -0.00493244919925928 -0.034947827458381646
v 0.01060000155121088 -0.00493244919925928 -0.034947827458381646
v 0.01060000155121088 -0.005393874831497668 -0.03443894907832145
v 0.0032000034116208553 -0.00493244919925928 -0.034947827458381646
v 0.01060000155121088 -0.004423354752361774 -0.03540907055139541
v 0.01060000155121088 -0.00493244919925928 -0.034947827458381646
v 0.003199999453499913 -0.002145461738109588 -0.03665488958358764
v 0.01060000155121088 -0.0020143275614827867 -0.03669605776667594
v 0.01060000155121088 -0.0026611783541738983 -0.03646476566791534
v 0.003199999453499913 -0.00316035421565175 -0.0362347550690174
v 0.01060000155121088 -0.0032822110224515195 -0.03617118671536445
v 0.01060000155121088 -0.0038715053815394636 -0.035818159580230706
v 0.003199999453499913 -0.002145461738109588 -0.03665488958358764
v 0.01060000155121088 -0.0013479152694344518 -0.036862835288047784
v 0.01060000155121088 -0.0020143275614827867 -0.03669605776667594
v 0.01060000155121088 -0.00493244919925928 -0.034947827458381646
v 0.018000002950429916 -0.004282058216631412 -0.035521924495697015
v 0.018000002950429916 -0.005132797174155711 -0.03473908826708793
v 0.018000002950429916 -0.0033140713348984714 -0.03615406528115272
v 0.01060000155121088 -0.0038715053815394636 -0.035818159580230706
v 0.01060000155121088 -0.0032822110224515195 -0.03617118671536445
v 0.01060000155121088 -0.0020143275614827867 -0.03669605776667594
v 0.018000002950429916 -0.0011344447266310451 -0.03690180927515029
v 0.018000002950429916 -0.0022552334703505035 -0.03661823645234107
v 0.003199999453499913 0.0031828465871512886 0.023766594007611268
v 0.01060000155121088 0.0033046728931367393 0.02383019216358661
v 0.01060000155121088 0.002683731727302074 0.023536369204521172
v 0.003199999453499913 0.001100082881748676 0.02308937720954418
v 0.01060000155121088 0.0020370031706988807 0.023304801434278485
v 0.01060000155121088 0.0006911779055371879 0.023036796599626538
v 0.01060000155121088 0.0020370031706988807 0.023304801434278485
v 0.017999999225139618 0.002277878345921635 0.023382712155580517
v 0.017999999225139618 0.0011572118382900951 0.023098684847354885
v 0.01060000155121088 0.00389381474815309 0.02418349310755729
v 0.003199999453499913 0.0031828465871512886 0.023766594007611268
v 0.003199999453499913 0.004119278397411107 0.024340689182281487
v 0.003199999453499913 0.004954392090439796 0.025054251775145524
v 0.010599997825920582 0.004954392090439796 0.025054251775145524
v 0.01060000155121088 0.004445481114089488 0.024592826142907136
v 0.003199999453499913 0.004954392090439796 0.025054251775145524
v 0.010599997825920582 0.005415604449808597 0.02556334622204303
v 0.010599997825920582 0.004954392090439796 0.025054251775145524
v 0.003199999453499913 0.006241318304091691 0.026826346293091767
v 0.010599997825920582 0.006471299100667237 0.027325553819537156
v 0.010599997825920582 0.006177750416100024 0.02670449018478393
v 0.003199999453499913 0.006661454215645789 0.02784124016761779
v 0.010599997825920582 0.006869370117783546 0.028638785704970353
v 0.010599997825920582 0.0067025916650891295 0.02797237411141395
v 0.003199999453499913 0.006241318304091691 0.026826346293091767
v 0.010599997825920582 0.006177750416100024 0.02670449018478393
v 0.010599997825920582 0.005824692547321319 0.026115195825695985
v 0.003199999453499913 0.007003586739301681 0.030004447326064103
v 0.010599997825920582 0.007003586739301681 0.030004447326064103
v 0.010599997825920582 0.006970017217099666 0.02931832149624824
v 0.010599997825920582 0.004954392090439796 0.025054251775145524
v 0.017999999225139618 0.005154648330062627 0.025263084098696702
v 0.017999999225139618 0.0043042455799877635 0.024479880928993218
v 0.017999999225139618 0.00586457923054695 0.026175558567047112
v 0.010599997825920582 0.005415604449808597 0.02556334622204303
v 0.010599997825920582 0.005824692547321319 0.026115195825695985
v 0.010599997825920582 0.0067025916650891295 0.02797237411141395
v 0.017999999225139618 0.006789749953895806 0.02828600257635116
v 0.017999999225139618 0.006414597388356923 0.027192436158657067
v 0.017999999225139618 0.006979813333600759 0.029426382854580872
v 0.010599997825920582 0.006869370117783546 0.028638785704970353
v 0.010599997825920582 0.006970017217099666 0.02931832149624824
v 0.003199999453499913 0.006660538725554942 0.03216747194528579
v 0.010599997825920582 0.00670173717662692 0.03203636780381202
v 0.010599997825920582 0.0068687903694808474 0.03137004747986793
v 0.010599997825920582 0.00670173717662692 0.03203636780381202
v 0.017999999225139618 0.006413407158106565 0.03281618282198905
v 0.017999999225139618 0.006789017468690871 0.031722802668809884
v 0.010599997825920582 0.005823044572025537 0.033893179148435586
v 0.003199999453499913 0.006239975802600383 0.03318221122026443
v 0.003199999453499913 0.005665848497301339 0.0341186411678791
v 0.003199999453499913 0.00495228637009859 0.0349537543952465
v 0.010599997825920582 0.00495228637009859 0.0349537543952465
v 0.010599997825920582 0.005413712467998265 0.034444846212863915
v 0.003199999453499913 0.00495228637009859 0.0349537543952465
v 0.01060000155121088 0.004443192388862371 0.035414967685937875
v 0.010599997825920582 0.00495228637009859 0.0349537543952465
v 0.003199999453499913 0.0031801916193217035 0.036240682005882256
v 0.01060000155121088 0.002681015525013208 0.03647069260478019
v 0.01060000155121088 0.0033020789269357915 0.0361771136522293
v 0.003199999453499913 0.0031801916193217035 0.036240682005882256
v 0.01060000155121088 0.0033020789269357915 0.0361771136522293
v 0.01060000155121088 0.003891342785209417 0.03582405671477317
v 0.003199999453499913 0.0021652991417795415 0.03666081652045249
v 0.01060000155121088 0.0013677831739187238 0.03686873242259025
v 0.01060000155121088 0.00203416496515274 0.03670195490121841
v 0.010599997825920582 0.00495228637009859 0.0349537543952465
v 0.017999999225139618 0.004301926121115684 0.03552785143256187
v 0.017999999225139618 0.005152665078639983 0.03474501520395278
v 0.017999999225139618 0.0033339392393827434 0.036159962415695183
v 0.01060000155121088 0.003891342785209417 0.03582405671477317
v 0.01060000155121088 0.0033020789269357915 0.0361771136522293
v 0.01060000155121088 0.00203416496515274 0.03670195490121841
v 0.017999999225139618 0.0011542821303009985 0.036907736212015145
v 0.017999999225139618 0.0022751013748347755 0.036624167114496224
v 0.003199999453499913 -0.001092910300940275 0.036916553974151604
v 0.01060000155121088 -0.0020298305898904796 0.03670110180974006
v 0.01060000155121088 -0.0006840052665211259 0.03696910664439201
v 0.01060000155121088 -0.0020298305898904796 0.03670110180974006
v 0.017999999225139618 -0.002270705765113234 0.03662319108843803
v 0.017999999225139618 -0.001150039257481694 0.036907248198986047
v 0.01060000155121088 -0.003886642167344689 0.03582241013646125
v 0.003199999453499913 -0.0031756740063428874 0.03623934090137481
v 0.003199999453499913 -0.004112105816602706 0.035665214061737054
v 0.003199999453499913 -0.0049471892416477195 0.03495164960622787
v 0.01060000155121088 -0.0049471892416477195 0.03495164960622787
v 0.01060000155121088 -0.004438308533281087 0.035413075238466256
v 0.003199999453499913 -0.0049471892416477195 0.03495164960622787
v 0.01060000155121088 -0.005408431869000196 0.03444255515933036
v 0.01060000155121088 -0.0049471892416477195 0.03495164960622787
v 0.0032000034116208553 -0.006654250901192426 0.03216466307640075
v 0.01060000155121088 -0.006695419084280728 0.03203352913260459
v 0.01060000155121088 -0.006464126519858836 0.03268038108944892
v 0.0032000034116208553 -0.006654250901192426 0.03216466307640075
v 0.01060000155121088 -0.0068621975369751445 0.031367149204015725
v 0.01060000155121088 -0.006695419084280728 0.03203352913260459
v 0.0032000034116208553 -0.006234115455299615 0.033179555088281625
v 0.01060000155121088 -0.006170547101646661 0.033301442861557
v 0.01060000155121088 -0.005817519966512918 0.03389070555567741
v 0.0032000034116208553 -0.0069964141584932795 0.030001487582921975
v 0.01060000155121088 -0.0069964141584932795 0.030001487582921975
v 0.01060000155121088 -0.006962844636291265 0.03068761341273784
v 0.01060000155121088 -0.0049471892416477195 0.03495164960622787
v 0.018000002950429916 -0.005147475749254226 0.034742850810289376
v 0.018000002950429916 -0.004297072999179362 0.03552602231502532
v 0.018000002950429916 -0.005857375916093587 0.03383034467697143
v 0.01060000155121088 -0.005408431869000196 0.03444255515933036
v 0.01060000155121088 -0.005817519966512918 0.03389070555567741
v 0.01060000155121088 -0.006695419084280728 0.03203352913260459
v 0.018000002950429916 -0.006782577373087405 0.03171993046998977
v 0.018000002950429916 -0.006407424807548522 0.032813467085361474
v 0.018000002950429916 -0.0069726104848086825 0.030579552054405205
v 0.01060000155121088 -0.0068621975369751445 0.031367149204015725
v 0.01060000155121088 -0.006962844636291265 0.03068761341273784
v 0.0032000034116208553 -0.006653335411101579 0.02783843129873275
v 0.01060000155121088 -0.006694564595818519 0.02796953544020652
v 0.01060000155121088 -0.006861617788672446 0.02863588742911815
v 0.01060000155121088 -0.006694564595818519 0.02796953544020652
v 0.018000002950429916 -0.0064062345772981635 0.027189750224351876
v 0.018000002950429916 -0.00678184488788247 0.028283134102821343
v 0.01060000155121088 -0.0058158719912171355 0.026112724095582955
v 0.0032000034116208553 -0.0062327724881470195 0.0268237218260765
v 0.0032000034116208553 -0.005658675916492938 0.025887260213494294
v 0.003199999453499913 -0.004945113789290189 0.02505217678844928
v 0.01060000155121088 -0.004945113789290189 0.02505217678844928
v 0.01060000155121088 -0.005406539887189864 0.025561057031154626
v 0.003199999453499913 -0.004945113789290189 0.02505217678844928
v 0.01060000155121088 -0.0044360198080539695 0.024590933695435517
v 0.01060000155121088 -0.004945113789290189 0.02505217678844928
v 0.003199999453499913 -0.0031730190385133024 0.023765251040458672
v 0.01060000155121088 -0.002673842944204807 0.02353523857891559
v 0.01060000155121088 -0.0032948758453130718 0.023828819394111626
v 0.003199999453499913 -0.0031730190385133024 0.023765251040458672
v 0.01060000155121088 -0.0032948758453130718 0.023828819394111626
v 0.01060000155121088 -0.003884170204401016 0.02418184652924537
v 0.003199999453499913 -0.0021581265609711404 0.02334511466324329
v 0.01060000155121088 -0.0013605799758806823 0.023137168958783146
v 0.01060000155121088 -0.002026992384344339 0.023303946480154988
v 0.01060000155121088 -0.004945113789290189 0.02505217678844928
v 0.018000002950429916 -0.0042947232723236075 0.024478079751133912
v 0.018000002950429916 -0.00514546176418662 0.02526088617742061
v 0.018000002950429916 -0.0033267361577600236 0.023845938965678208
v 0.01060000155121088 -0.003884170204401016 0.02418184652924537
v 0.01060000155121088 -0.0032948758453130718 0.023828819394111626
v 0.01060000155121088 -0.002026992384344339 0.023303946480154988
v 0.017999999225139618 -0.0011471095494925974 0.023098196834325787
v 0.018000002950429916 -0.0022678982932120557 0.023381765931844708
v 0.0013500696513801813 0.013934739865362642 0.047005910426378236
v -1.3426154632512066e-09 0.014006609097123144 0.015672566369175907
v -1.3426154632512066e-09 0.013999986462295054 0.047005910426378236
v 0.0026875596959143877 0.013739610090851782 0.04700585082173346
v 0.001372236874885857 0.01394252199679613 5.910030267841647e-06
v 0.0013500696513801813 0.013934739865362642 0.047005910426378236
v 0.0026875596959143877 0.013739610090851782 0.04700585082173346
v 0.003999998793005943 0.013416398316621779 0.04700578749179839
v 0.003999998793005943 0.013417039997875689 0.044005788862705224
v 0.0026875596959143877 0.013739610090851782 0.04700585082173346
v 0.003999998793005943 0.013417039997875689 0.044005788862705224
v 0.003999998793005943 0.013417680747807024 0.041005790233612054
v 0.0026875596959143877 0.013739610090851782 0.04700585082173346
v 0.003999998793005943 0.013417680747807024 0.041005790233612054
v 0.004063982516527176 0.013407090678811072 5.787960162706439e-06
v 0.005681223701685667 0.01279670838266611 0.041005667299032204
v 0.007269347086548805 0.011966081336140631 0.04100548475980758
v 0.0065995510667562485 0.012356827966868876 5.574337137659312e-06
v 0.009899493306875229 0.009909410029649733 5.055538167653139e-06
v 0.008738338015973568 0.01093934755772352 0.04100526869297027
v 0.010064120404422283 0.009733353741466997 0.04100499674677848
v 0.009899493306875229 0.009909410029649733 5.055538167653139e-06
v 0.010064120404422283 0.009733353741466997 0.04100499674677848
v 0.010822147130966187 0.008891435340046881 4.841915142606012e-06
v 0.012010245583951473 0.007197159808129071 0.03212486952543258
v 0.012201862409710884 0.006865281146019696 0.04100441560149192
v 0.012154849246144295 0.006949906237423419 0.032831165939569466
v 0.011842544190585613 0.007470322307199239 0.030708702281117432
v 0.011224971152842045 0.008367875590920447 0.041004721075296395
v 0.012201862409710884 0.006865281146019696 0.04100441560149192
v 0.007777979597449303 0.011650498956441878 5.421748937806114e-06
v 0.007269347086548805 0.011966081336140631 0.04100548475980758
v 0.008738338015973568 0.01093934755772352 0.04100526869297027
v 0.005357565823942423 0.012944230809807776 5.69640724279452e-06
v 0.003999998793005943 0.013417680747807024 0.041005790233612054
v 0.005681223701685667 0.01279670838266611 0.041005667299032204
v 0.011905559338629246 0.00736927893012762 0.03141600638628005
v 0.012201862409710884 0.006865281146019696 0.04100441560149192
v 0.012010245583951473 0.007197159808129071 0.03212486952543258
v -1.3426154632512066e-09 0.014006609097123144 0.015672566369175907
v 0.0013500696513801813 0.013934739865362642 0.047005910426378236
v 0.001372236874885857 0.01394252199679613 5.910030267841647e-06
v 0.001372236874885857 0.01394252199679613 5.910030267841647e-06
v 0.0026875596959143877 0.013739610090851782 0.04700585082173346
v 0.004063982516527176 0.013407090678811072 5.787960162706439e-06
v 0.0026875596959143877 0.013759447261691092 -0.04699415341019629
v 0.001372236874885857 0.01394252199679613 5.910030267841647e-06
v 0.004063982516527176 0.013407090678811072 5.787960162706439e-06
v -1.3426154632512066e-09 0.01401323080062866 -0.015660747885704037
v -1.3426154632512066e-09 0.014006609097123144 0.015672566369175907
v 0.001372236874885857 0.01394252199679613 5.910030267841647e-06
v 0.0056812274269759655 0.012814043089747427 -0.04099433869123458
v 0.005357565823942423 0.012944230809807776 5.69640724279452e-06
v 0.0065995510667562485 0.012356827966868876 5.574337137659312e-06
v 0.005681223701685667 0.01279670838266611 0.041005667299032204
v 0.0065995510667562485 0.012356827966868876 5.574337137659312e-06
v 0.005357565823942423 0.012944230809807776 5.69640724279452e-06
v 0.007777979597449303 0.011650498956441878 5.421748937806114e-06
v 0.008881503716111183 0.010832078754901884 5.238643552729626e-06
v 0.008738338015973568 0.010956651531159876 -0.04099473357200622
v 0.008738338015973568 0.01093934755772352 0.04100526869297027
v 0.008881503716111183 0.010832078754901884 5.238643552729626e-06
v 0.007777979597449303 0.011650498956441878 5.421748937806114e-06
v 0.007777979597449303 0.011650498956441878 5.421748937806114e-06
v 0.0065995510667562485 0.012356827966868876 5.574337137659312e-06
v 0.007269347086548805 0.011966081336140631 0.04100548475980758
v 0.007269347086548805 0.011983384378254412 -0.040994521230459206
v 0.0065995510667562485 0.012356827966868876 5.574337137659312e-06
v 0.007777979597449303 0.011650498956441878 5.421748937806114e-06
v 0.003999998793005943 0.013417680747807024 0.041005790233612054
v 0.005357565823942423 0.012944230809807776 5.69640724279452e-06
v 0.004063982516527176 0.013407090678811072 5.787960162706439e-06
v 0.004063982516527176 0.013407090678811072 5.787960162706439e-06
v 0.005357565823942423 0.012944230809807776 5.69640724279452e-06
v 0.003999998793005943 0.013434983789920805 -0.04099421575665473
v 0.010822147130966187 0.008891435340046881 4.841915142606012e-06
v 0.010064120404422283 0.009733353741466997 0.04100499674677848
v 0.011224971152842045 0.008367875590920447 0.041004721075296395
v 0.011224971152842045 0.008367875590920447 0.041004721075296395
v 0.011842544190585613 0.007470322307199239 0.030708702281117432
v 0.01182159036397934 0.007503586821258067 0.030004538595676415
v 0.01182159036397934 0.007503586821258067 0.030004538595676415
v 0.011842540465295315 0.007470627781003713 0.029300438240170472
v 0.011640574783086777 0.0077879191376268855 4.597774477588245e-06
v 0.011640574783086777 0.0077879191376268855 4.597774477588245e-06
v 0.011224971152842045 0.008367875590920447 0.041004721075296395
v 0.01182159036397934 0.007503586821258067 0.030004538595676415
v 0.011905601248145103 0.007369797676801681 0.028592642396688454
v 0.011640574783086777 0.0077879191376268855 4.597774477588245e-06
v 0.011842540465295315 0.007470627781003713 0.029300438240170472
v 0.011905601248145103 0.007369797676801681 0.028592642396688454
v 0.012010383419692516 0.007197830826044082 0.027883322909474366
v 0.011640574783086777 0.0077879191376268855 4.597774477588245e-06
v 0.008738338015973568 0.01093934755772352 0.04100526869297027
v 0.009899493306875229 0.009909410029649733 5.055538167653139e-06
v 0.008881503716111183 0.010832078754901884 5.238643552729626e-06
v 0.011905559338629246 0.00736927893012762 0.03141600638628005
v 0.011842544190585613 0.007470322307199239 0.030708702281117432
v 0.012201862409710884 0.006865281146019696 0.04100441560149192
v 0.008881503716111183 0.010832078754901884 5.238643552729626e-06
v 0.009899493306875229 0.009909410029649733 5.055538167653139e-06
v 0.008738338015973568 0.010956651531159876 -0.04099473357200622
v 0.012978785671293736 0.005250199232250451 0.04100408032536506
v 0.012546088546514511 0.006215256638824939 0.034205984324216836
v 0.012201862409710884 0.006865281146019696 0.04100441560149192
v 0.01323559507727623 0.004565109964460134 0.03595631942152976
v 0.012978785671293736 0.005250199232250451 0.04100408032536506
v 0.013543006964027882 0.003549088258296251 0.04100371524691581
v 0.012978785671293736 0.005250199232250451 0.04100408032536506
v 0.013009128160774708 0.005175705533474683 0.0354342870414257
v 0.01277508120983839 0.005729447118937968 0.034846976399421685
v 0.013543006964027882 0.003549088258296251 0.04100371524691581
v 0.013442710973322392 0.003912949468940496 0.036403492093086236
v 0.01323559507727623 0.004565109964460134 0.03595631942152976
v 0.01323559507727623 0.004565109964460134 0.03595631942152976
v 0.013009128160774708 0.005175705533474683 0.0354342870414257
v 0.012978785671293736 0.005250199232250451 0.04100408032536506
v 0.013442710973322392 0.003912949468940496 0.036403492093086236
v 0.013543006964027882 0.003549088258296251 0.04100371524691581
v 0.013622806407511234 0.0032300269231200214 0.03677348792552947
v 0.01277508120983839 0.005729447118937968 0.034846976399421685
v 0.012546088546514511 0.006215256638824939 0.034205984324216836
v 0.012978785671293736 0.005250199232250451 0.04100408032536506
v 0.0139999995008111 1.266958292944764e-06 0.041002951562404626
v 0.013957549817860126 0.001091446494683623 0.03742363676428794
v 0.013885283842682838 0.0017898412188515065 0.04100334644317626
v 0.013995292596518993 0.00036500598071143026 0.037494253367185586
v 0.0139999995008111 1.266958292944764e-06 0.041002951562404626
v 0.013995285145938396 -0.0003614039451349526 0.03749407082796096
v 0.013995292596518993 0.00036500598071143026 0.037494253367185586
v 0.013957549817860126 0.001091446494683623 0.03742363676428794
v 0.0139999995008111 1.266958292944764e-06 0.041002951562404626
v 0.013770225457847118 0.00252815312705934 0.03706529736518859
v 0.013622806407511234 0.0032300269231200214 0.03677348792552947
v 0.013543006964027882 0.003549088258296251 0.04100371524691581
v 0.013885283842682838 0.0017898412188515065 0.04100334644317626
v 0.013957549817860126 0.001091446494683623 0.03742363676428794
v 0.01388238463550806 0.0018129736417904494 0.03728142380714416
v 0.01388238463550806 0.0018129736417904494 0.03728142380714416
v 0.013770225457847118 0.00252815312705934 0.03706529736518859
v 0.013885283842682838 0.0017898412188515065 0.04100334644317626
v 0.013885283842682838 0.0017898412188515065 0.04100334644317626
v 0.013770225457847118 0.00252815312705934 0.03706529736518859
v 0.013543006964027882 0.003549088258296251 0.04100371524691581
v 0.012201862409710884 0.006865281146019696 0.04100441560149192
v 0.012546088546514511 0.006215256638824939 0.034205984324216836
v 0.012335967272520065 0.006622818764299153 0.03352940827608108
v 0.012336185202002525 0.006623886991292237 0.02647853828966617
v 0.012346896342933178 0.006609482690691947 4.353633812570478e-06
v 0.012155085802078247 0.0069506997242569915 0.02717665769159793
v 0.012775142677128315 0.005731369834393262 0.02516121603548526
v 0.012346896342933178 0.006609482690691947 4.353633812570478e-06
v 0.012546328827738762 0.00621653813868761 0.02580184116959571
v 0.012546328827738762 0.00621653813868761 0.02580184116959571
v 0.012346896342933178 0.006609482690691947 4.353633812570478e-06
v 0.012336185202002525 0.006623886991292237 0.02647853828966617
v 0.012155085802078247 0.0069506997242569915 0.02717665769159793
v 0.012346896342933178 0.006609482690691947 4.353633812570478e-06
v 0.012010383419692516 0.007197830826044082 0.027883322909474366
v 0.01344292052090168 0.003914932720363139 0.023603629320859902
v 0.01339716650545597 0.004073898773640393 3.8043172025936647e-06
v 0.013235717080533504 0.0045672766864299765 0.024051262065768235
v 0.013235717080533504 0.0045672766864299765 0.024051262065768235
v 0.012934314087033272 0.005367478355765342 4.078975507582071e-06
v 0.0130093302577734 0.00517747551202774 0.024573326110839837
v 0.013770293444395065 0.002530747093260288 0.022941550239920613
v 0.013730994425714016 0.0027411961928009983 3.529658897605258e-06
v 0.013622920960187912 0.003232407150790095 0.023233573883771893
v 0.013957534916698933 0.001094772829674184 0.0225827544927597
v 0.013932586647570133 0.0013821568572893737 3.255000819990527e-06
v 0.01388238463550806 0.0018160253530368207 0.02272524125874042
v 0.01388238463550806 0.0018160253530368207 0.02272524125874042
v 0.013730994425714016 0.0027411961928009983 3.529658897605258e-06
v 0.013770293444395065 0.002530747093260288 0.022941550239920613
v 0.013622920960187912 0.003232407150790095 0.023233573883771893
v 0.01339716650545597 0.004073898773640393 3.8043172025936647e-06
v 0.01344292052090168 0.003914932720363139 0.023603629320859902
v 0.0130093302577734 0.00517747551202774 0.024573326110839837
v 0.012934314087033272 0.005367478355765342 4.078975507582071e-06
v 0.012775142677128315 0.005731369834393262 0.02516121603548526
v 0.0139999995008111 9.933950423146596e-06 2.9498248750314806e-06
v 0.013995285145938396 0.0003685765550471842 0.022511832416057583
v 0.013995296321809292 -0.00035783339990302915 0.022511679679155346
v 0.012201862409710884 0.006865281146019696 0.04100441560149192
v 0.012335967272520065 0.006622818764299153 0.03352940827608108
v 0.012154849246144295 0.006949906237423419 0.032831165939569466
v 0.013995285145938396 0.0003685765550471842 0.022511832416057583
v 0.013932586647570133 0.0013821568572893737 3.255000819990527e-06
v 0.013957534916698933 0.001094772829674184 0.0225827544927597
v 0.009899493306875229 0.009909410029649733 5.055538167653139e-06
v 0.010822147130966187 0.008891435340046881 4.841915142606012e-06
v 0.010064120404422283 0.009750657714903353 -0.040995009243488305
v 0.011224971152842045 0.008367875590920447 0.041004721075296395
v 0.011640574783086777 0.0077879191376268855 4.597774477588245e-06
v 0.010822147130966187 0.008891435340046881 4.841915142606012e-06
v 0.010822147130966187 0.008891435340046881 4.841915142606012e-06
v 0.011640574783086777 0.0077879191376268855 4.597774477588245e-06
v 0.011224971152842045 0.008385178633034228 -0.04099528491497039
v 0.011640574783086777 0.0077879191376268855 4.597774477588245e-06
v 0.011842544190585613 0.007482987362891435 -0.029291301965713494
v 0.01182159036397934 0.007516251411288976 -0.029995463788509362
v 0.011640574783086777 0.0077879191376268855 4.597774477588245e-06
v 0.01182159036397934 0.007516251411288976 -0.029995463788509362
v 0.011224971152842045 0.008385178633034228 -0.04099528491497039
v 0.011842544190585613 0.007482987362891435 -0.029291301965713494
v 0.011640574783086777 0.0077879191376268855 4.597774477588245e-06
v 0.011905559338629246 0.007381943520158528 -0.028583995997905724
v 0.01182159036397934 0.007516251411288976 -0.029995463788509362
v 0.011842540465295315 0.007483292371034621 -0.030699566006660454
v 0.011224971152842045 0.008385178633034228 -0.04099528491497039
v 0.012335967272520065 0.006635483354330062 -0.02647059224545955
v 0.012154849246144295 0.006962570827454328 -0.02716883458197116
v 0.012346896342933178 0.006609482690691947 4.353633812570478e-06
v 0.012010245583951473 0.00720982439815998 -0.027875132858753197
v 0.012346896342933178 0.006609482690691947 4.353633812570478e-06
v 0.012154849246144295 0.006962570827454328 -0.02716883458197116
v 0.011905559338629246 0.007381943520158528 -0.028583995997905724
v 0.011640574783086777 0.0077879191376268855 4.597774477588245e-06
v 0.012010245583951473 0.00720982439815998 -0.027875132858753197
v 0.011905601248145103 0.007382462266832589 -0.03140735998749732
v 0.012201862409710884 0.006882584653794765 -0.040995586663484566
v 0.011842540465295315 0.007483292371034621 -0.030699566006660454
v 0.012346896342933178 0.006609482690691947 4.353633812570478e-06
v 0.012010245583951473 0.00720982439815998 -0.027875132858753197
v 0.011640574783086777 0.0077879191376268855 4.597774477588245e-06
v 0.012346896342933178 0.006609482690691947 4.353633812570478e-06
v 0.011640574783086777 0.0077879191376268855 4.597774477588245e-06
v 0.012010383419692516 0.007197830826044082 0.027883322909474366
v 0.012010383419692516 0.007210495881736278 -0.03211668133735656
v 0.012201862409710884 0.006882584653794765 -0.040995586663484566
v 0.011905601248145103 0.007382462266832589 -0.03140735998749732
v 0.0026875596959143877 0.013759447261691092 -0.04699415341019629
v 0.004063982516527176 0.013407090678811072 5.787960162706439e-06
v 0.003999998793005943 0.013434983789920805 -0.04099421575665473
v 0.0026875596959143877 0.013759447261691092 -0.04699415341019629
v 0.003999998793005943 0.013434983789920805 -0.04099421575665473
v 0.003999998793005943 0.01343562453985214 -0.0439942143857479
v 0.0013500696513801813 0.01395460683852434 -0.046994093805551515
v -1.3426154632512066e-09 0.014019853435456751 -0.046994093805551515
v -1.3426154632512066e-09 0.01401323080062866 -0.015660747885704037
v 0.003999998793005943 0.01343562453985214 -0.0439942143857479
v 0.003999998793005943 0.013436235487461088 -0.046994216740131364
v 0.0026875596959143877 0.013759447261691092 -0.04699415341019629
v -1.3426154632512066e-09 0.01401323080062866 -0.015660747885704037
v 0.001372236874885857 0.01394252199679613 5.910030267841647e-06
v 0.0013500696513801813 0.01395460683852434 -0.046994093805551515
v 0.001372236874885857 0.01394252199679613 5.910030267841647e-06
v 0.0026875596959143877 0.013759447261691092 -0.04699415341019629
v 0.0013500696513801813 0.01395460683852434 -0.046994093805551515
v 0.007269347086548805 0.011983384378254412 -0.040994521230459206
v 0.0056812274269759655 0.012814043089747427 -0.04099433869123458
v 0.0065995510667562485 0.012356827966868876 5.574337137659312e-06
v 0.012336185202002525 0.006636551581323146 -0.03352146595716476
v 0.012201862409710884 0.006882584653794765 -0.040995586663484566
v 0.012155089527368546 0.0069633643142879 -0.03282331675291061
v 0.012201862409710884 0.006882584653794765 -0.040995586663484566
v 0.011224971152842045 0.008385178633034228 -0.04099528491497039
v 0.011842540465295315 0.007483292371034621 -0.030699566006660454
v 0.012201862409710884 0.006882584653794765 -0.040995586663484566
v 0.012336185202002525 0.006636551581323146 -0.03352146595716476
v 0.012546328827738762 0.006229203194379806 -0.034198164939880364
v 0.012155089527368546 0.0069633643142879 -0.03282331675291061
v 0.012201862409710884 0.006882584653794765 -0.040995586663484566
v 0.012010383419692516 0.007210495881736278 -0.03211668133735656
v 0.012546088546514511 0.0062279212288558474 -0.025794016197323792
v 0.012335967272520065 0.006635483354330062 -0.02647059224545955
v 0.012346896342933178 0.006609482690691947 4.353633812570478e-06
v 0.01339716650545597 0.004073898773640393 3.8043172025936647e-06
v 0.013235598802566528 0.004577774554491042 -0.024043681100010865
v 0.012934314087033272 0.005367478355765342 4.078975507582071e-06
v 0.013235717080533504 0.0045672766864299765 0.024051262065768235
v 0.01339716650545597 0.004073898773640393 3.8043172025936647e-06
v 0.012934314087033272 0.005367478355765342 4.078975507582071e-06
v 0.013730994425714016 0.0027411961928009983 3.529658897605258e-06
v 0.013622810132801533 0.0032426917459815736 -0.02322651259601116
v 0.01339716650545597 0.004073898773640393 3.8043172025936647e-06
v 0.013622810132801533 0.0032426917459815736 -0.02322651259601116
v 0.013442710973322392 0.003925614058971404 -0.023596506565809243
v 0.01339716650545597 0.004073898773640393 3.8043172025936647e-06
v 0.012934314087033272 0.005367478355765342 4.078975507582071e-06
v 0.013009128160774708 0.005188370589166879 -0.02456571534276008
v 0.01277508120983839 0.005742112174630164 -0.025153025984764092
v 0.01339716650545597 0.004073898773640393 3.8043172025936647e-06
v 0.013442710973322392 0.003925614058971404 -0.023596506565809243
v 0.013235598802566528 0.004577774554491042 -0.024043681100010865
v 0.013235598802566528 0.004577774554491042 -0.024043681100010865
v 0.013009128160774708 0.005188370589166879 -0.02456571534276008
v 0.012934314087033272 0.005367478355765342 4.078975507582071e-06
v 0.012346896342933178 0.006609482690691947 4.353633812570478e-06
v 0.01277508120983839 0.005742112174630164 -0.025153025984764092
v 0.012546088546514511 0.0062279212288558474 -0.025794016197323792
v 0.01388238463550806 0.0018256383482366798 -0.022718576714396473
v 0.013730994425714016 0.0027411961928009983 3.529658897605258e-06
v 0.013932586647570133 0.0013821568572893737 3.255000819990527e-06
v 0.01388238463550806 0.0018160253530368207 0.02272524125874042
v 0.013932586647570133 0.0013821568572893737 3.255000819990527e-06
v 0.013730994425714016 0.0027411961928009983 3.529658897605258e-06
v 0.013995285145938396 0.0003685765550471842 0.022511832416057583
v 0.0139999995008111 9.933950423146596e-06 2.9498248750314806e-06
v 0.013932586647570133 0.0013821568572893737 3.255000819990527e-06
v 0.013995296321809292 0.00037767077446915204 -0.022505747154355046
v 0.013932586647570133 0.0013821568572893737 3.255000819990527e-06
v 0.0139999995008111 9.933950423146596e-06 2.9498248750314806e-06
v 0.013730994425714016 0.0027411961928009983 3.529658897605258e-06
v 0.01388238463550806 0.0018256383482366798 -0.022718576714396473
v 0.013770225457847118 0.0025408179499208923 -0.02293470315635204
v 0.013932586647570133 0.0013821568572893737 3.255000819990527e-06
v 0.013995296321809292 0.00037767077446915204 -0.022505747154355046
v 0.013957549817860126 0.0011041112011298535 -0.02257636561989784
v 0.013957549817860126 0.0011041112011298535 -0.02257636561989784
v 0.01388238463550806 0.0018256383482366798 -0.022718576714396473
v 0.013932586647570133 0.0013821568572893737 3.255000819990527e-06
v 0.013622810132801533 0.0032426917459815736 -0.02322651259601116
v 0.013730994425714016 0.0027411961928009983 3.529658897605258e-06
v 0.013770225457847118 0.0025408179499208923 -0.02293470315635204
v 0.013730994425714016 0.0027411961928009983 3.529658897605258e-06
v 0.01339716650545597 0.004073898773640393 3.8043172025936647e-06
v 0.013622920960187912 0.003232407150790095 0.023233573883771893
v 0.012978785671293736 0.0052675027400255195 -0.040995925664901726
v 0.012546328827738762 0.006229203194379806 -0.034198164939880364
v 0.012775142677128315 0.005744034424424171 -0.034838788211345666
v 0.013235717080533504 0.004579941276460885 -0.03594874218106269
v 0.012978785671293736 0.0052675027400255195 -0.040995925664901726
v 0.0130093302577734 0.0051901405677199355 -0.03542667999863624
v 0.012775142677128315 0.005744034424424171 -0.034838788211345666
v 0.0130093302577734 0.0051901405677199355 -0.03542667999863624
v 0.012978785671293736 0.0052675027400255195 -0.040995925664901726
v 0.013543006964027882 0.0035663915332406755 -0.040996290743350976
v 0.012978785671293736 0.0052675027400255195 -0.040995925664901726
v 0.013235717080533504 0.004579941276460885 -0.03594874218106269
v 0.01344292052090168 0.003927597776055335 -0.036396376788616173
v 0.013543006964027882 0.0035663915332406755 -0.040996290743350976
v 0.013235717080533504 0.004579941276460885 -0.03594874218106269
v 0.012201862409710884 0.006882584653794765 -0.040995586663484566
v 0.012546328827738762 0.006229203194379806 -0.034198164939880364
v 0.012978785671293736 0.0052675027400255195 -0.040995925664901726
v 0.013543006964027882 0.0035663915332406755 -0.040996290743350976
v 0.01344292052090168 0.003927597776055335 -0.036396376788616173
v 0.013622920960187912 0.003245071973651647 -0.036766432225704186
v 0.013885283842682838 0.0018071447266265748 -0.040996655821800225
v 0.013770293444395065 0.00254341191612184 -0.03705845400691032
v 0.01388238463550806 0.001828690175898373 -0.03727476298809051
v 0.013543006964027882 0.0035663915332406755 -0.040996290743350976
v 0.013622920960187912 0.003245071973651647 -0.036766432225704186
v 0.013770293444395065 0.00254341191612184 -0.03705845400691032
v 0.013885283842682838 0.0018071447266265748 -0.040996655821800225
v 0.013543006964027882 0.0035663915332406755 -0.040996290743350976
v 0.013770293444395065 0.00254341191612184 -0.03705845400691032
v 0.0139999995008111 1.8570426618680355e-05 -0.04099705442786216
v 0.013885283842682838 0.0018071447266265748 -0.040996655821800225
v 0.013957534916698933 0.0011074376525357363 -0.03741724789142608
v 0.013885283842682838 0.0018071447266265748 -0.040996655821800225
v 0.01388238463550806 0.001828690175898373 -0.03727476298809051
v 0.013957534916698933 0.0011074376525357363 -0.03741724789142608
v 0.013995285145938396 0.00038124134880490596 -0.037488173693418496
v 0.0139999995008111 1.8570426618680355e-05 -0.04099705442786216
v 0.013957534916698933 0.0011074376525357363 -0.03741724789142608
v 0.013995285145938396 -0.00034873915137723083 -0.02250593155622482
v 0.013995296321809292 0.00037767077446915204 -0.022505747154355046
v 0.0139999995008111 9.933950423146596e-06 2.9498248750314806e-06
v 0.012934314087033272 0.005367478355765342 4.078975507582071e-06
v 0.01277508120983839 0.005742112174630164 -0.025153025984764092
v 0.012346896342933178 0.006609482690691947 4.353633812570478e-06
v 0.012934314087033272 0.005367478355765342 4.078975507582071e-06
v 0.012346896342933178 0.006609482690691947 4.353633812570478e-06
v 0.012775142677128315 0.005731369834393262 0.02516121603548526
v 0.013995285145938396 -0.0003614039451349526 0.03749407082796096
v 0.0139999995008111 1.266958292944764e-06 0.041002951562404626
v 0.013957534916698933 -0.001087600248865783 0.03742314875125884
v 0.013885283842682838 -0.0017872768221423028 0.04100258275866508
v 0.013957534916698933 -0.001087600248865783 0.03742314875125884
v 0.0139999995008111 1.266958292944764e-06 0.041002951562404626
v 0.01388238463550806 -0.0018088527722284196 0.03728066012263297
v 0.013957534916698933 -0.001087600248865783 0.03742314875125884
v 0.013885283842682838 -0.0017872768221423028 0.04100258275866508
v 0.013885283842682838 -0.0017872768221423028 0.04100258275866508
v 0.013770293444395065 -0.0025235745124518867 0.03706435114145278
v 0.01388238463550806 -0.0018088527722284196 0.03728066012263297
v 0.013770293444395065 -0.0025235745124518867 0.03706435114145278
v 0.01354301068931818 -0.003546554362401366 0.04100221768021583
v 0.01362292468547821 -0.003225234569981694 0.03677235916256904
v 0.01354301068931818 -0.003546554362401366 0.04100221768021583
v 0.013770293444395065 -0.0025235745124518867 0.03706435114145278
v 0.013885283842682838 -0.0017872768221423028 0.04100258275866508
v 0.013235717080533504 -0.0045601041056215754 0.03595463931560516
v 0.01344292052090168 -0.003907729871571063 0.036402303725481026
v 0.01354301068931818 -0.003546554362401366 0.04100221768021583
v 0.012978785671293736 -0.0052476348355412475 0.04100185260176658
v 0.013235717080533504 -0.0045601041056215754 0.03595463931560516
v 0.01354301068931818 -0.003546554362401366 0.04100221768021583
v 0.01362292468547821 -0.003225234569981694 0.03677235916256904
v 0.01354301068931818 -0.003546554362401366 0.04100221768021583
v 0.01344292052090168 -0.003907729871571063 0.036402303725481026
v 0.012978785671293736 -0.0052476348355412475 0.04100185260176658
v 0.013009333983063698 -0.0051703029312193385 0.035432577133178704
v 0.013235717080533504 -0.0045601041056215754 0.03595463931560516
v 0.012978785671293736 -0.0052476348355412475 0.04100185260176658
v 0.01254633255302906 -0.006209335289895534 0.03420406207442283
v 0.012775142677128315 -0.005724197253584861 0.03484471514821052
v 0.012775142677128315 -0.005724197253584861 0.03484471514821052
v 0.013009333983063698 -0.0051703029312193385 0.035432577133178704
v 0.012978785671293736 -0.0052476348355412475 0.04100185260176658
v 0.01254633255302906 -0.006209335289895534 0.03420406207442283
v 0.012978785671293736 -0.0052476348355412475 0.04100185260176658
v 0.012201866135001183 -0.006862747017294168 0.04100151732563972
v 0.013730994425714016 -0.0027213282883167263 2.3699908524577036e-06
v 0.013770225457847118 -0.002520980546250939 0.022940604016184803
v 0.013622810132801533 -0.0032228543423116203 0.023232413455843922
v 0.013730994425714016 -0.0027213282883167263 2.3699908524577036e-06
v 0.013882388360798359 -0.0018057704437524078 0.022724479436874386
v 0.013770225457847118 -0.002520980546250939 0.022940604016184803
v 0.013932586647570133 -0.0013623195700347421 2.67516679741675e-06
v 0.013995296321809292 -0.00035783339990302915 0.022511679679155346
v 0.013957549817860126 -0.0010842432966455815 0.022582266479730603
v 0.01388238463550806 -0.0017961879493668673 -0.022719340398907658
v 0.013932586647570133 -0.0013623195700347421 2.67516679741675e-06
v 0.013730994425714016 -0.0027213282883167263 2.3699908524577036e-06
v 0.013882388360798359 -0.0018057704437524078 0.022724479436874386
v 0.013932586647570133 -0.0013623195700347421 2.67516679741675e-06
v 0.013957549817860126 -0.0010842432966455815 0.022582266479730603
v 0.013932586647570133 -0.0013623195700347421 2.67516679741675e-06
v 0.013882388360798359 -0.0018057704437524078 0.022724479436874386
v 0.013730994425714016 -0.0027213282883167263 2.3699908524577036e-06
v 0.0139999995008111 9.933950423146596e-06 2.9498248750314806e-06
v 0.013932586647570133 -0.0013623195700347421 2.67516679741675e-06
v 0.013995285145938396 -0.00034873915137723083 -0.02250593155622482
v 0.013730994425714016 -0.0027213282883167263 2.3699908524577036e-06
v 0.013622810132801533 -0.0032228543423116203 0.023232413455843922
v 0.01339716650545597 -0.004054061602801084 2.0953327748429724e-06
v 0.012346900999546051 -0.00658964505419135 1.5765339185236367e-06
v 0.012934314087033272 -0.005347640719264745 1.8206745835414036e-06
v 0.012775084935128689 -0.005722274538129567 0.025158958509564393
v 0.012934314087033272 -0.005347640719264745 1.8206745835414036e-06
v 0.013009128160774708 -0.005168532952666282 0.02457164600491523
v 0.012775084935128689 -0.005722274538129567 0.025158958509564393
v 0.013622810132801533 -0.0032228543423116203 0.023232413455843922
v 0.013442710973322392 -0.0039057461544871326 0.023602409288287156
v 0.01339716650545597 -0.004054061602801084 2.0953327748429724e-06
v 0.013235598802566528 -0.0045579373836517325 0.02404958195984363
v 0.01339716650545597 -0.004054061602801084 2.0953327748429724e-06
v 0.013442710973322392 -0.0039057461544871326 0.023602409288287156
v 0.01339716650545597 -0.004054061602801084 2.0953327748429724e-06
v 0.013235598802566528 -0.0045579373836517325 0.02404958195984363
v 0.012934314087033272 -0.005347640719264745 1.8206745835414036e-06
v 0.013009128160774708 -0.005168532952666282 0.02457164600491523
v 0.012934314087033272 -0.005347640719264745 1.8206745835414036e-06
v 0.013235598802566528 -0.0045579373836517325 0.02404958195984363
v 0.013235717080533504 -0.004547439515590667 -0.024045359343290322
v 0.01339716650545597 -0.004054061602801084 2.0953327748429724e-06
v 0.012934314087033272 -0.005347640719264745 1.8206745835414036e-06
v 0.012346900999546051 -0.00658964505419135 1.5765339185236367e-06
v 0.012775084935128689 -0.005722274538129567 0.025158958509564393
v 0.01254609227180481 -0.0062080533243715754 0.025799948722124093
v 0.01362292468547821 -0.003212569979950785 -0.023227641358971592
v 0.013730994425714016 -0.0027213282883167263 2.3699908524577036e-06
v 0.01339716650545597 -0.004054061602801084 2.0953327748429724e-06
v 0.013932586647570133 -0.0013623195700347421 2.67516679741675e-06
v 0.0139999995008111 9.933950423146596e-06 2.9498248750314806e-06
v 0.013995296321809292 -0.00035783339990302915 0.022511679679155346
v 0.012010387144982815 -0.007190658245235681 0.03212260827422141
v 0.012155089527368546 -0.006943496409803628 0.03282924368977546
v 0.012201866135001183 -0.006862747017294168 0.04100151732563972
v 0.011224974878132343 -0.008365340530872343 0.041001182049512856
v 0.011842544190585613 -0.007463424466550349 0.030705496668815606
v 0.012201866135001183 -0.006862747017294168 0.04100151732563972
v 0.012155089527368546 -0.006943496409803628 0.03282924368977546
v 0.012336185202002525 -0.006616714410483836 0.03352739661931991
v 0.012201866135001183 -0.006862747017294168 0.04100151732563972
v 0.010064124129712582 -0.009730819612741469 0.04100090637803077
v 0.008738341741263866 -0.010936812497675417 0.04100066050887107
v 0.009899497963488102 -0.009889571927487848 8.746296202843948e-07
v 0.011224974878132343 -0.008365340530872343 0.041001182049512856
v 0.010064124129712582 -0.009730819612741469 0.04100090637803077
v 0.010822150856256485 -0.008871596306562422 1.0882527021749409e-06
v 0.01254633255302906 -0.006209335289895534 0.03420406207442283
v 0.012201866135001183 -0.006862747017294168 0.04100151732563972
v 0.012336185202002525 -0.006616714410483836 0.03352739661931991
v 0.004000002518296242 -0.013415786437690256 0.04400011152029037
v 0.004000002518296242 -0.01341639645397663 0.04700011387467383
v 0.00268756365403533 -0.013739608228206633 0.047000050544738756
v 0.00268756365403533 -0.013739608228206633 0.047000050544738756
v 0.0027312685269862413 -0.013721084222197531 5.06549824308422e-08
v 0.004000002518296242 -0.01341514568775892 0.0410001128911972
v 2.4720820945844935e-09 -0.014000015333294867 0.04699999094009398
v 2.4720820945844935e-09 -0.013993392698466776 0.01566667668521404
v 0.0013500773347914219 -0.013934738002717493 0.04700002074241637
v 0.00268756365403533 -0.013739608228206633 0.047000050544738756
v 0.004000002518296242 -0.01341514568775892 0.0410001128911972
v 0.004000002518296242 -0.013415786437690256 0.04400011152029037
v 0.00268756365403533 -0.013739608228206633 0.047000050544738756
v 0.0013500773347914219 -0.013934738002717493 0.04700002074241637
v 0.0013722445582970977 -0.013922653160989283 2.0137402856335026e-08
v 0.008738341741263866 -0.010936812497675417 0.04100066050887107
v 0.007269354537129402 -0.011963546276092528 0.04100041836500167
v 0.007777987513691187 -0.011630660854279993 5.084186796011635e-07
v 0.007269354537129402 -0.011963546276092528 0.04100041836500167
v 0.005681231152266264 -0.01279417425394058 0.041000265628099435
v 0.006599558517336845 -0.012336989864706991 3.558307923867687e-07
v 0.011905604973435402 -0.0073626250959932795 0.031413260847330086
v 0.012010387144982815 -0.007190658245235681 0.03212260827422141
v 0.012201866135001183 -0.006862747017294168 0.04100151732563972
v 0.012154853902757168 -0.006942733656615018 0.027174765244126313
v 0.012346900999546051 -0.00658964505419135 1.5765339185236367e-06
v 0.012335971929132938 -0.00661561544984579 0.026476493105292313
v 0.012335971929132938 -0.00661561544984579 0.026476493105292313
v 0.012346900999546051 -0.00658964505419135 1.5765339185236367e-06
v 0.01254609227180481 -0.0062080533243715754 0.025799948722124093
v 0.012346900999546051 -0.00658964505419135 1.5765339185236367e-06
v 0.012154853902757168 -0.006942733656615018 0.027174765244126313
v 0.012010249309241772 -0.00718998722732067 0.02788103371858596
v 0.012010249309241772 -0.00718998722732067 0.02788103371858596
v 0.011640578508377075 -0.0077680512331426135 1.301875727222068e-06
v 0.012346900999546051 -0.00658964505419135 1.5765339185236367e-06
v 0.011640578508377075 -0.0077680512331426135 1.301875727222068e-06
v 0.012010249309241772 -0.00718998722732067 0.02788103371858596
v 0.011905563063919544 -0.007362106349319219 0.028589896857738488
v 0.011821594089269638 -0.007496414240449666 0.030001364648342126
v 0.011842544190585613 -0.007463424466550349 0.030705496668815606
v 0.011224974878132343 -0.008365340530872343 0.041001182049512856
v 0.011640578508377075 -0.0077680512331426135 1.301875727222068e-06
v 0.011842547915875912 -0.007463119458407163 0.029297202825546258
v 0.011821594089269638 -0.007496414240449666 0.030001364648342126
v 0.011224974878132343 -0.008348037488758562 -0.04099882394075393
v 0.011640578508377075 -0.0077680512331426135 1.301875727222068e-06
v 0.010822150856256485 -0.008871596306562422 1.0882527021749409e-06
v 0.011640578508377075 -0.0077680512331426135 1.301875727222068e-06
v 0.011821594089269638 -0.007496414240449666 0.030001364648342126
v 0.011224974878132343 -0.008365340530872343 0.041001182049512856
v 0.0013722445582970977 -0.013922653160989283 2.0137402856335026e-08
v 0.0013500773347914219 -0.013934738002717493 0.04700002074241637
v 2.4720820945844935e-09 -0.013993392698466776 0.01566667668521404
v 0.010822150856256485 -0.008871596306562422 1.0882527021749409e-06
v 0.011640578508377075 -0.0077680512331426135 1.301875727222068e-06
v 0.011224974878132343 -0.008365340530872343 0.041001182049512856
v 0.010822150856256485 -0.008871596306562422 1.0882527021749409e-06
v 0.009899497963488102 -0.009889571927487848 8.746296202843948e-07
v 0.010064128786325455 -0.009713515639305113 -0.040999099612236016
v 0.011842544190585613 -0.007463424466550349 0.030705496668815606
v 0.011905604973435402 -0.0073626250959932795 0.031413260847330086
v 0.012201866135001183 -0.006862747017294168 0.04100151732563972
v 0.011905563063919544 -0.007362106349319219 0.028589896857738488
v 0.011842547915875912 -0.007463119458407163 0.029297202825546258
v 0.011640578508377075 -0.0077680512331426135 1.301875727222068e-06
v 0.005681231152266264 -0.01279417425394058 0.041000265628099435
v 0.004000002518296242 -0.01341514568775892 0.0410001128911972
v 0.005357569549232721 -0.012924392707645891 2.3376045987788524e-07
v 0.012010387144982815 -0.007177993655204772 -0.027877390384674065
v 0.012346900999546051 -0.00658964505419135 1.5765339185236367e-06
v 0.011640578508377075 -0.0077680512331426135 1.301875727222068e-06
v 0.012775146402418613 -0.005711532197892665 -0.02515528351068496
v 0.012934314087033272 -0.005347640719264745 1.8206745835414036e-06
v 0.012346900999546051 -0.00658964505419135 1.5765339185236367e-06
v 0.013957534916698933 -0.0010749355424195526 -0.022576853632926937
v 0.013995285145938396 -0.00034873915137723083 -0.02250593155622482
v 0.013932586647570133 -0.0013623195700347421 2.67516679741675e-06
v 0.01388238463550806 -0.0017961879493668673 -0.022719340398907658
v 0.013957534916698933 -0.0010749355424195526 -0.022576853632926937
v 0.013932586647570133 -0.0013623195700347421 2.67516679741675e-06
v 0.01362292468547821 -0.003212569979950785 -0.023227641358971592
v 0.013770298101007938 -0.0025109096895903345 -0.02293564938008785
v 0.013730994425714016 -0.0027213282883167263 2.3699908524577036e-06
v 0.01344292052090168 -0.0038950650487095113 -0.0235976967960596
v 0.01362292468547821 -0.003212569979950785 -0.023227641358971592
v 0.01339716650545597 -0.004054061602801084 2.0953327748429724e-06
v 0.01388238463550806 -0.0017961879493668673 -0.022719340398907658
v 0.013730994425714016 -0.0027213282883167263 2.3699908524577036e-06
v 0.013770298101007938 -0.0025109096895903345 -0.02293564938008785
v 0.013009333983063698 -0.00515763834118843 -0.024567423388361924
v 0.013235717080533504 -0.004547439515590667 -0.024045359343290322
v 0.012934314087033272 -0.005347640719264745 1.8206745835414036e-06
v 0.012775146402418613 -0.005711532197892665 -0.02515528351068496
v 0.013009333983063698 -0.00515763834118843 -0.024567423388361924
v 0.012934314087033272 -0.005347640719264745 1.8206745835414036e-06
v 0.012154853902757168 -0.006930068600922822 -0.03282523900270461
v 0.012201866135001183 -0.006845413241535424 -0.04099848866462707
v 0.012335971929132938 -0.006602950859814881 -0.03352351114153861
v 0.01254633255302906 -0.0061967009678483 -0.025795940309762948
v 0.012346900999546051 -0.00658964505419135 1.5765339185236367e-06
v 0.012336185202002525 -0.00660404935479164 -0.02647260576486587
v 0.012201866135001183 -0.006845413241535424 -0.04099848866462707
v 0.01254609227180481 -0.006195388734340667 -0.03420005738735198
v 0.012335971929132938 -0.006602950859814881 -0.03352351114153861
v 0.012775146402418613 -0.005711532197892665 -0.02515528351068496
v 0.012346900999546051 -0.00658964505419135 1.5765339185236367e-06
v 0.01254633255302906 -0.0061967009678483 -0.025795940309762948
v 0.01344292052090168 -0.0038950650487095113 -0.0235976967960596
v 0.01339716650545597 -0.004054061602801084 2.0953327748429724e-06
v 0.013235717080533504 -0.004547439515590667 -0.024045359343290322
v 0.01354301068931818 -0.003529220353811979 -0.04099778458476066
v 0.013885283842682838 -0.0017699733143672345 -0.04099741950631141
v 0.013770225457847118 -0.0025083157233893867 -0.037059400230646126
v 0.013885283842682838 -0.0017699733143672345 -0.04099741950631141
v 0.013882388360798359 -0.0017931057373061774 -0.03727552667260169
v 0.013770225457847118 -0.0025083157233893867 -0.037059400230646126
v 0.013957549817860126 -0.001071578590199351 -0.037417739629745476
v 0.0139999995008111 1.8570426618680355e-05 -0.04099705442786216
v 0.013995296321809292 -0.00034516860614530737 -0.03748832643032073
v 0.013995296321809292 -0.00034516860614530737 -0.03748832643032073
v 0.0139999995008111 1.8570426618680355e-05 -0.04099705442786216
v 0.013995285145938396 0.00038124134880490596 -0.037488173693418496
v 0.0139999995008111 1.8570426618680355e-05 -0.04099705442786216
v 0.013957549817860126 -0.001071578590199351 -0.037417739629745476
v 0.013885283842682838 -0.0017699733143672345 -0.04099741950631141
v 0.013882388360798359 -0.0017931057373061774 -0.03727552667260169
v 0.013885283842682838 -0.0017699733143672345 -0.04099741950631141
v 0.013957549817860126 -0.001071578590199351 -0.037417739629745476
v 0.01354301068931818 -0.003529220353811979 -0.04099778458476066
v 0.013770225457847118 -0.0025083157233893867 -0.037059400230646126
v 0.013622810132801533 -0.003210189519450068 -0.03676759079098701
v 0.012978785671293736 -0.005230331327766179 -0.04099815338850021
v 0.013009128160774708 -0.005155868362635373 -0.03542835637927055
v 0.012775084935128689 -0.005709609948098659 -0.034841045737266534
v 0.012978785671293736 -0.005230331327766179 -0.04099815338850021
v 0.013235598802566528 -0.004545272793620824 -0.03595039248466491
v 0.013009128160774708 -0.005155868362635373 -0.03542835637927055
v 0.01354301068931818 -0.003529220353811979 -0.04099778458476066
v 0.01344271469861269 -0.0038930813316255804 -0.03639759495854377
v 0.013235598802566528 -0.004545272793620824 -0.03595039248466491
v 0.012978785671293736 -0.005230331327766179 -0.04099815338850021
v 0.01354301068931818 -0.003529220353811979 -0.04099778458476066
v 0.013235598802566528 -0.004545272793620824 -0.03595039248466491
v 0.012775084935128689 -0.005709609948098659 -0.034841045737266534
v 0.01254609227180481 -0.006195388734340667 -0.03420005738735198
v 0.012978785671293736 -0.005230331327766179 -0.04099815338850021
v 0.012978785671293736 -0.005230331327766179 -0.04099815338850021
v 0.01254609227180481 -0.006195388734340667 -0.03420005738735198
v 0.012201866135001183 -0.006845413241535424 -0.04099848866462707
v 0.01354301068931818 -0.003529220353811979 -0.04099778458476066
v 0.013622810132801533 -0.003210189519450068 -0.03676759079098701
v 0.01344271469861269 -0.0038930813316255804 -0.03639759495854377
v 0.012155089527368546 -0.0069308318197727195 -0.027170756831765168
v 0.012346900999546051 -0.00658964505419135 1.5765339185236367e-06
v 0.012010387144982815 -0.007177993655204772 -0.027877390384674065
v 0.012346900999546051 -0.00658964505419135 1.5765339185236367e-06
v 0.012155089527368546 -0.0069308318197727195 -0.027170756831765168
v 0.012336185202002525 -0.00660404935479164 -0.02647260576486587
v 0.012010387144982815 -0.007177993655204772 -0.027877390384674065
v 0.011640578508377075 -0.0077680512331426135 1.301875727222068e-06
v 0.011905604973435402 -0.007349960040301084 -0.02858674153685569
v 0.011640578508377075 -0.0077680512331426135 1.301875727222068e-06
v 0.011821594089269638 -0.00748374918475747 -0.02999863773584365
v 0.011842544190585613 -0.007450759876519441 -0.02929450571537017
v 0.011905604973435402 -0.007349960040301084 -0.02858674153685569
v 0.011640578508377075 -0.0077680512331426135 1.301875727222068e-06
v 0.011842544190585613 -0.007450759876519441 -0.02929450571537017
v 0.011821594089269638 -0.00748374918475747 -0.02999863773584365
v 0.011224974878132343 -0.008348037488758562 -0.04099882394075393
v 0.011842547915875912 -0.007450454402714967 -0.03070279955863952
v 0.011224974878132343 -0.008348037488758562 -0.04099882394075393
v 0.011821594089269638 -0.00748374918475747 -0.02999863773584365
v 0.011640578508377075 -0.0077680512331426135 1.301875727222068e-06
v 0.007269354537129402 -0.011946243233978747 -0.040999587625265115
v 0.007777987513691187 -0.011630660854279993 5.084186796011635e-07
v 0.006599558517336845 -0.012336989864706991 3.558307923867687e-07
v 0.007269354537129402 -0.011963546276092528 0.04100041836500167
v 0.006599558517336845 -0.012336989864706991 3.558307923867687e-07
v 0.007777987513691187 -0.011630660854279993 5.084186796011635e-07
v 0.005357569549232721 -0.012924392707645891 2.3376045987788524e-07
v 0.005681231152266264 -0.012776870280504225 -0.04099974036216735
v 0.006599558517336845 -0.012336989864706991 3.558307923867687e-07
v 0.0027312685269862413 -0.013721084222197531 5.06549824308422e-08
v 0.004000002518296242 -0.013397841714322565 -0.04099989309906959
v 0.00406399043276906 -0.013387252576649187 1.422077247070774e-07
v 0.004000002518296242 -0.01341514568775892 0.0410001128911972
v 0.0027312685269862413 -0.013721084222197531 5.06549824308422e-08
v 0.00406399043276906 -0.013387252576649187 1.422077247070774e-07
v 0.0027312685269862413 -0.013721084222197531 5.06549824308422e-08
v 0.0013722445582970977 -0.013922653160989283 2.0137402856335026e-08
v 0.0026875673793256283 -0.013719771988689898 -0.046999953687190996
v 2.4720820945844935e-09 -0.013993392698466776 0.01566667668521404
v 2.4720820945844935e-09 -0.013986770063638685 -0.015666667371988293
v 0.0013722445582970977 -0.013922653160989283 2.0137402856335026e-08
v 0.005357569549232721 -0.012924392707645891 2.3376045987788524e-07
v 0.00406399043276906 -0.013387252576649187 1.422077247070774e-07
v 0.004000002518296242 -0.013397841714322565 -0.04099989309906959
v 0.00888151116669178 -0.010812209919095038 6.610065952372678e-07
v 0.007777987513691187 -0.011630660854279993 5.084186796011635e-07
v 0.008738345466554165 -0.010919509455561636 -0.040999341756105416
v 2.4720820945844935e-09 -0.013986770063638685 -0.015666667371988293
v 0.0013500773347914219 -0.013914901763200758 -0.04699998348951338
v 0.0013722445582970977 -0.013922653160989283 2.0137402856335026e-08
v 0.011905563063919544 -0.007349441293627023 -0.03141010552644729
v 0.011842547915875912 -0.007450454402714967 -0.03070279955863952
v 0.012201866135001183 -0.006845413241535424 -0.04099848866462707
v 0.012010249309241772 -0.007177322171628474 -0.032118968665599816
v 0.011905563063919544 -0.007349441293627023 -0.03141010552644729
v 0.012201866135001183 -0.006845413241535424 -0.04099848866462707
v 0.011224974878132343 -0.008348037488758562 -0.04099882394075393
v 0.012201866135001183 -0.006845413241535424 -0.04099848866462707
v 0.011842547915875912 -0.007450454402714967 -0.03070279955863952
v 0.008738345466554165 -0.010919509455561636 -0.040999341756105416
v 0.010064128786325455 -0.009713515639305113 -0.040999099612236016
v 0.009899497963488102 -0.009889571927487848 8.746296202843948e-07
v 0.012154853902757168 -0.006930068600922822 -0.03282523900270461
v 0.012010249309241772 -0.007177322171628474 -0.032118968665599816
v 0.012201866135001183 -0.006845413241535424 -0.04099848866462707
v 0.005681231152266264 -0.012776870280504225 -0.04099974036216735
v 0.007269354537129402 -0.011946243233978747 -0.040999587625265115
v 0.006599558517336845 -0.012336989864706991 3.558307923867687e-07
v 0.0026875673793256283 -0.013719771988689898 -0.046999953687190996
v 0.004000002518296242 -0.01339720096439123 -0.04399989172816276
v 0.004000002518296242 -0.013397841714322565 -0.04099989309906959
v 0.004000002518296242 -0.01339720096439123 -0.04399989172816276
v 0.0026875673793256283 -0.013719771988689898 -0.046999953687190996
v 0.004000002518296242 -0.013396560214459894 -0.04699989035725592
v 0.0026875673793256283 -0.013719771988689898 -0.046999953687190996
v 0.004000002518296242 -0.013397841714322565 -0.04099989309906959
v 0.0027312685269862413 -0.013721084222197531 5.06549824308422e-08
v 0.0013500773347914219 -0.013914901763200758 -0.04699998348951338
v 2.4720820945844935e-09 -0.013986770063638685 -0.015666667371988293
v 2.4720820945844935e-09 -0.01398014836013317 -0.04700001329183577
v 2.4720820945844935e-09 -0.010999374091625212 0.04400063306093215
v 2.4720820945844935e-09 -0.013993392698466776 0.01566667668521404
v 2.4720820945844935e-09 -0.014000015333294867 0.04699999094009398
v 2.4720820945844935e-09 -0.014000015333294867 0.04699999094009398
v 2.4720820945844935e-09 -0.01050001475960016 0.04700072482228278
v 2.4720820945844935e-09 -0.010999374091625212 0.04400063306093215
v 2.4720820945844935e-09 -0.010980788618326185 -0.04399937391281127
v 2.4720820945844935e-09 -0.01398014836013317 -0.04700001329183577
v 2.4720820945844935e-09 -0.013986770063638685 -0.015666667371988293
v 2.4720820945844935e-09 -0.01398014836013317 -0.04700001329183577
v 2.4720820945844935e-09 -0.010980788618326185 -0.04399937391281127
v 2.4720820945844935e-09 -0.010480147786438463 -0.046999249607324586
v 2.4720820945844935e-09 -0.010999374091625212 0.04400063306093215
v 2.4720820945844935e-09 -0.013986770063638685 -0.015666667371988293
v 2.4720820945844935e-09 -0.013993392698466776 0.01566667668521404
v -1.3426154632512066e-09 0.010519852861762045 -0.046994823962450014
v 2.4720820945844935e-09 -0.010480147786438463 -0.046999249607324586
v -1.3426154632512066e-09 0.011019212193787096 -0.04399473220109939
v 2.4720820945844935e-09 -0.01050001475960016 0.04700072482228278
v -1.3426154632512066e-09 0.010499985888600348 0.04700518026947974
v 2.4720820945844935e-09 -0.010999374091625212 0.04400063306093215
v -1.3426154632512066e-09 0.011019212193787096 -0.04399473220109939
v -1.3426154632512066e-09 0.01100062672048807 0.04400527104735374
v -1.3426154632512066e-09 0.01401323080062866 -0.015660747885704037
v -1.3426154632512066e-09 0.013999986462295054 0.047005910426378236
v -1.3426154632512066e-09 0.01100062672048807 0.04400527104735374
v -1.3426154632512066e-09 0.010499985888600348 0.04700518026947974
v -1.3426154632512066e-09 0.01100062672048807 0.04400527104735374
v -1.3426154632512066e-09 0.013999986462295054 0.047005910426378236
v -1.3426154632512066e-09 0.014006609097123144 0.015672566369175907
v -1.3426154632512066e-09 0.014019853435456751 -0.046994093805551515
v -1.3426154632512066e-09 0.010519852861762045 -0.046994823962450014
v -1.3426154632512066e-09 0.011019212193787096 -0.04399473220109939
v -1.3426154632512066e-09 0.011019212193787096 -0.04399473220109939
v -1.3426154632512066e-09 0.01401323080062866 -0.015660747885704037
v -1.3426154632512066e-09 0.014019853435456751 -0.046994093805551515
v 2.4720820945844935e-09 -0.010999374091625212 0.04400063306093215
v 2.4720820945844935e-09 -0.010980788618326185 -0.04399937391281127
v 2.4720820945844935e-09 -0.013986770063638685 -0.015666667371988293
v 0.00268756365403533 -0.013739608228206633 0.047000050544738756
v 0.001364027732051909 -0.010411025956273077 0.047000754624605165
v 0.0013500773347914219 -0.013934738002717493 0.04700002074241637
v 0.0013500773347914219 -0.013934738002717493 0.04700002074241637
v 2.4720820945844935e-09 -0.01050001475960016 0.04700072482228278
v 2.4720820945844935e-09 -0.014000015333294867 0.04699999094009398
v 0.001364027732051909 -0.010411025956273077 0.047000754624605165
v 0.00268756365403533 -0.013739608228206633 0.047000050544738756
v 0.004000002518296242 -0.01341639645397663 0.04700011387467383
v 0.004000002518296242 -0.01341639645397663 0.04700011387467383
v 0.004000002518296242 -0.009708235971629618 0.0470009073615074
v 0.0027049356140196323 -0.01014561392366886 0.04700081422924994
v 0.0013500773347914219 -0.013934738002717493 0.04700002074241637
v 0.001364027732051909 -0.010411025956273077 0.047000754624605165
v 2.4720820945844935e-09 -0.01050001475960016 0.04700072482228278
v 0.004000002518296242 -0.01341639645397663 0.04700011387467383
v 0.0027049356140196323 -0.01014561392366886 0.04700081422924994
v 0.001364027732051909 -0.010411025956273077 0.047000754624605165
v -0.010499999858438969 -5.335789410310098e-07 0.049502950161695466
v -0.010499999858438969 -1.478009714617201e-08 0.04700295254588126
v -0.010393125005066395 -0.0014943081187084315 0.047002647072076784
v -0.010393125005066395 -0.0014943081187084315 0.047002647072076784
v -0.010074676014482975 -0.002958205761387944 0.04700234159827231
v -0.010393125005066395 -0.0014953762292861936 0.0520026460289955
v -0.009551135823130608 -0.00436186185106635 0.047002036124467836
v -0.008833161555230618 -0.0056767421774566165 0.04700176045298575
v -0.009551135823130608 -0.004362930078059434 0.05200203508138655
v -0.008833161555230618 -0.0056767421774566165 0.04700176045298575
v -0.00793536938726902 -0.006876052822917699 0.04700151830911635
v -0.008833161555230618 -0.0056777801364660254 0.052001759409904466
v -0.010074676014482975 -0.002958205761387944 0.04700234159827231
v -0.009551135823130608 -0.00436186185106635 0.047002036124467836
v -0.009551135823130608 -0.004362930078059434 0.05200203508138655
v -0.006876035593450069 -0.007935378700494765 0.04700127243995665
v -0.0056767272762954235 -0.008833175525069235 0.047001089900732027
v -0.006876035593450069 -0.007936416193842886 0.05200127139687537
v -0.0056767272762954235 -0.008833175525069235 0.047001089900732027
v -0.004361856263130903 -0.009551132097840307 0.04700093716382979
v -0.004361856263130903 -0.009552199393510817 0.052000936120748506
v -0.0029581906273961067 -0.010074690915644167 0.04700084403157233
v -0.0014943041605874896 -0.010393111966550348 0.047000754624605165
v -0.0014943041605874896 -0.010394180193543432 0.05200075358152388
v 2.4720820945844935e-09 -0.010501052252948282 0.052000723779201494
v -0.0014943041605874896 -0.010394180193543432 0.05200075358152388
v -0.0014943041605874896 -0.010393111966550348 0.047000754624605165
v -0.004361856263130903 -0.009551132097840307 0.04700093716382979
v -0.0029581906273961067 -0.010074690915644167 0.04700084403157233
v -0.004361856263130903 -0.009552199393510817 0.052000936120748506
v -0.00793536938726902 -0.006876052822917699 0.04700151830911635
v -0.006876035593450069 -0.007935378700494765 0.04700127243995665
v -0.006876035593450069 -0.007936416193842886 0.05200127139687537
v -0.010499999858438969 -1.0523777973503454e-06 0.052002951502799974
v -0.010499999858438969 -5.335789410310098e-07 0.049502950161695466
v -0.010393125005066395 -0.0014953762292861936 0.0520026460289955
v -0.010393125005066395 -0.0014953762292861936 0.0520026460289955
v -0.010499999858438969 -5.335789410310098e-07 0.049502950161695466
v -0.010393125005066395 -0.0014943081187084315 0.047002647072076784
v 0.001364027732051909 -0.010411025956273077 0.047000754624605165
v 0.0027049356140196323 -0.01014561392366886 0.04700081422924994
v 0.001494307187385857 -0.010394180193543432 0.05200075358152388
v 0.0027049356140196323 -0.01014561392366886 0.04700081422924994
v 0.004000002518296242 -0.009708235971629618 0.0470009073615074
v 0.0029581934213638306 -0.010075729340314863 0.05200084671378134
v 0.005383315030485392 -0.009014968760311602 0.04700106009840964
v 0.006649721879512072 -0.008125960826873778 0.04700124263763426
v 0.005676730070263147 -0.008834213018417357 0.05200108885765074
v 0.006649721879512072 -0.008125960826873778 0.04700124263763426
v 0.007771727629005909 -0.007060470525175332 0.047001454979181276
v 0.0068760402500629425 -0.007936416193842886 0.05200127139687537
v 0.004000002518296242 -0.009708235971629618 0.0470009073615074
v 0.005383315030485392 -0.009014968760311602 0.04700106009840964
v 0.004361860919743776 -0.009552199393510817 0.052000936120748506
v 0.008724967017769814 -0.0058416593819856635 0.04700173065066336
v 0.009488734416663647 -0.0044959867373108855 0.04700200632214545
v 0.008833163417875767 -0.0056777801364660254 0.052001759409904466
v 0.009488734416663647 -0.0044959867373108855 0.04700200632214545
v 0.01004644762724638 -0.0030526882037520404 0.04700231179594992
v 0.009551139548420906 -0.004362899344414472 0.05200203508138655
v 0.010499999858438969 -5.335789410310098e-07 0.049502950161695466
v 0.010385993868112564 -0.0015431056963279841 0.0470026135444641
v 0.010499999858438969 1.5737482428335167e-08 0.04700295254588126
v 0.01004644762724638 -0.0030526882037520404 0.04700231179594992
v 0.010385993868112564 -0.0015431056963279841 0.0470026135444641
v 0.010074676014482975 -0.002959243487566709 0.052002340555191026
v 0.007771727629005909 -0.007060470525175332 0.047001454979181276
v 0.008724967017769814 -0.0058416593819856635 0.04700173065066336
v 0.007935374043881893 -0.006877090316265821 0.052001517266035066
v 0.010393126867711544 -0.0014953456120565531 0.0520026460289955
v 0.010385993868112564 -0.0015431056963279841 0.0470026135444641
v 0.010499999858438969 -5.335789410310098e-07 0.049502950161695466
v 0.001494307187385857 -0.010394180193543432 0.05200075358152388
v 2.4720820945844935e-09 -0.010501052252948282 0.052000723779201494
v 0.001364027732051909 -0.010411025956273077 0.047000754624605165
v 0.010499999858438969 -5.335789410310098e-07 0.049502950161695466
v 0.010499999858438969 -1.0523777973503454e-06 0.052002951502799974
v 0.010393126867711544 -0.0014953456120565531 0.0520026460289955
v 0.004000002518296242 -0.009707595221698282 0.04400090500712394
v 0.004000002518296242 -0.00970698520541191 0.04100090637803077
v 0.005383315030485392 -0.009013717062771319 0.04100105911493301
v 0.005383315030485392 -0.009013717062771319 0.04100105911493301
v 0.006649721879512072 -0.008124679327011107 0.04100124165415763
v 0.006649721879512072 -0.008125960826873778 0.04700124263763426
v 0.005383315030485392 -0.009013717062771319 0.04100105911493301
v 0.005383315030485392 -0.009014968760311602 0.04700106009840964
v 0.004000002518296242 -0.009707595221698282 0.04400090500712394
v 0.005383315030485392 -0.009014968760311602 0.04700106009840964
v 0.004000002518296242 -0.009708235971629618 0.0470009073615074
v 0.004000002518296242 -0.009707595221698282 0.04400090500712394
v 0.007771727629005909 -0.007059188559651374 0.041001453995704644
v 0.008724967017769814 -0.005840377416461705 0.04100172966718673
v 0.007771727629005909 -0.007060470525175332 0.047001454979181276
v 0.006649721879512072 -0.008124679327011107 0.04100124165415763
v 0.007771727629005909 -0.007059188559651374 0.041001453995704644
v 0.007771727629005909 -0.007060470525175332 0.047001454979181276
v 0.008724967017769814 -0.005840377416461705 0.04100172966718673
v 0.009488734416663647 -0.00449473550543189 0.041002005338668816
v 0.009488734416663647 -0.0044959867373108855 0.04700200632214545
v 0.009488734416663647 -0.00449473550543189 0.041002005338668816
v 0.01004644762724638 -0.0030514369718730445 0.04100231081247329
v 0.009488734416663647 -0.0044959867373108855 0.04700200632214545
v 0.010499999858438969 1.266958292944764e-06 0.041002951562404626
v 0.010499999858438969 1.5737482428335167e-08 0.04700295254588126
v 0.010385993868112564 -0.0015431056963279841 0.0470026135444641
v 0.01004644762724638 -0.0030514369718730445 0.04100231081247329
v 0.010385993868112564 -0.0015418239636346696 0.041002616286277764
v 0.010385993868112564 -0.0015431056963279841 0.0470026135444641
v 0.010385993868112564 0.0015443578595295546 0.04100328683853149
v 0.01004644762724638 0.0030539708677679296 0.04100359231233596
v 0.010074676014482975 0.002957138698548078 0.05200359225273131
v 0.009488730691373348 0.004497269168496131 0.041003897786140435
v 0.008724963292479515 0.005842941813170909 0.04100420325994491
v 0.008833159692585468 0.0056756753474473945 0.05200413987040518
v 0.008724963292479515 0.005842941813170909 0.04100420325994491
v 0.007771727629005909 0.007061752956360578 0.04100444540381431
v 0.007935370318591595 0.00687498552724719 0.05200441554188727
v 0.01004644762724638 0.0030539708677679296 0.04100359231233596
v 0.009488730691373348 0.004497269168496131 0.041003897786140435
v 0.009551135823130608 0.004360794555395841 0.052003867924213396
v 0.010385993868112564 0.0015443578595295546 0.04100328683853149
v 0.010499999858438969 1.5737482428335167e-08 0.04700295254588126
v 0.010499999858438969 1.266958292944764e-06 0.041002951562404626
v 0.007771727629005909 0.007061752956360578 0.04100444540381431
v 0.006649718154221773 0.008127213455736635 0.04100466147065162
v 0.006876036524772644 0.007934311404824255 0.05200462788343428
v 0.010393126867711544 0.001493240939453244 0.052003286778926835
v 0.010499999858438969 -1.0523777973503454e-06 0.052002951502799974
v 0.010499999858438969 -5.335789410310098e-07 0.049502950161695466
v 0.010499999858438969 1.5737482428335167e-08 0.04700295254588126
v 0.010393126867711544 0.001493240939453244 0.052003286778926835
v 0.010499999858438969 -5.335789410310098e-07 0.049502950161695466
v 0.010385993868112564 0.0015443578595295546 0.04100328683853149
v 0.010393126867711544 0.001493240939453244 0.052003286778926835
v 0.010499999858438969 1.5737482428335167e-08 0.04700295254588126
v 0.005676726344972849 0.0088321091607213 0.052004814147949205
v 0.006876036524772644 0.007934311404824255 0.05200462788343428
v 0.006649718154221773 0.008127213455736635 0.04100466147065162
v 0.003999998793005943 0.009708878584206103 0.04400499537587165
v 0.005383310839533806 0.009016252122819422 0.04100487381219863
v 0.003999998793005943 0.009709520265460013 0.04100499674677848
v 0.004361857194453478 0.009550096467137335 0.05200496688485144
v 0.005383310839533806 0.009016252122819422 0.04100487381219863
v 0.003999998793005943 0.009708878584206103 0.04400499537587165
v 0.003999998793005943 0.009708237834274767 0.047004994004964815
v 0.004361857194453478 0.009550096467137335 0.05200496688485144
v 0.003999998793005943 0.009708878584206103 0.04400499537587165
v 0.002704931888729334 0.010145615786314009 0.047005087137222276
v 0.0013640238903462887 0.010411027818918226 0.04700514674186705
v 0.0014943034620955586 0.010392076335847376 0.052005149424076066
v -1.3426154632512066e-09 0.010499985888600348 0.04700518026947974
v -0.00149430800229311 0.010393113829195498 0.04700514674186705
v -0.00149430800229311 0.010392076335847376 0.052005149424076066
v 0.0013640238903462887 0.010411027818918226 0.04700514674186705
v -1.3426154632512066e-09 0.010499985888600348 0.04700518026947974
v -1.3426154632512066e-09 0.010498948395252226 0.052005179226398454
v 0.003999998793005943 0.009708237834274767 0.047004994004964815
v 0.002704931888729334 0.010145615786314009 0.047005087137222276
v 0.002958189696073532 0.010073625482618807 0.05200508609414099
v -0.002958194352686405 0.010074662975966929 0.047005087137222276
v -0.004361859988421202 0.009551133960485457 0.04700496420264243
v -0.004361859988421202 0.009550065733492373 0.05200496688485144
v -0.006876039318740368 0.007935379631817339 0.047004628926515565
v -0.006876039318740368 0.007934311404824255 0.05200462788343428
v -0.005676731001585722 0.0088321091607213 0.052004814147949205
v -0.004361859988421202 0.009551133960485457 0.04700496420264243
v -0.005676731001585722 0.008833146654069422 0.04700481146574019
v -0.005676731001585722 0.0088321091607213 0.052004814147949205
v -0.008833163417875767 0.005676712840795516 0.04700414091348647
v -0.008833163417875767 0.0056756753474473945 0.05200413987040518
v -0.007935373112559319 0.006876023020595311 0.04700441658496855
v -0.010074676014482975 0.0029581761918961997 0.04700359329581259
v -0.010074676014482975 0.002957138698548078 0.05200359225273131
v -0.009551137685775757 0.004360794555395841 0.052003867924213396
v -0.010393125005066395 0.0014943090500310061 0.04700328782200812
v -0.010393125005066395 0.001493240939453244 0.052003286778926835
v -0.010074676014482975 0.002957138698548078 0.05200359225273131
v -0.009551137685775757 0.004361862782388925 0.04700386524200438
v -0.009551137685775757 0.004360794555395841 0.052003867924213396
v -0.008833163417875767 0.0056756753474473945 0.05200413987040518
v -0.007935373112559319 0.006876023020595311 0.04700441658496855
v -0.007935373112559319 0.00687498552724719 0.05200441554188727
v -0.006876039318740368 0.007934311404824255 0.05200462788343428
v -0.00149430800229311 0.010393113829195498 0.04700514674186705
v -0.002958194352686405 0.010074662975966929 0.047005087137222276
v -0.00149430800229311 0.010392076335847376 0.052005149424076066
v -0.010393125005066395 0.001493240939453244 0.052003286778926835
v -0.010393125005066395 0.0014943090500310061 0.04700328782200812
v -0.010499999858438969 -5.335789410310098e-07 0.049502950161695466
v -0.010499999858438969 -5.335789410310098e-07 0.049502950161695466
v -0.010499999858438969 -1.0523777973503454e-06 0.052002951502799974
v -0.010393125005066395 0.001493240939453244 0.052003286778926835
v 0.005676726344972849 0.0088321091607213 0.052004814147949205
v 0.005383310839533806 0.009016252122819422 0.04100487381219863
v 0.004361857194453478 0.009550096467137335 0.05200496688485144
v 0.012201862409710884 0.006865281146019696 0.04100441560149192
v 0.011224971152842045 0.008367875590920447 0.041004721075296395
v 0.009488730691373348 0.004497269168496131 0.041003897786140435
v 0.010064120404422283 0.009733353741466997 0.04100499674677848
v 0.008724963292479515 0.005842941813170909 0.04100420325994491
v 0.011224971152842045 0.008367875590920447 0.041004721075296395
v 0.012201862409710884 0.006865281146019696 0.04100441560149192
v 0.009488730691373348 0.004497269168496131 0.041003897786140435
v 0.012978785671293736 0.005250199232250451 0.04100408032536506
v 0.010385993868112564 0.0015443578595295546 0.04100328683853149
v 0.013885283842682838 0.0017898412188515065 0.04100334644317626
v 0.013543006964027882 0.003549088258296251 0.04100371524691581
v 0.013543006964027882 0.003549088258296251 0.04100371524691581
v 0.01004644762724638 0.0030539708677679296 0.04100359231233596
v 0.010385993868112564 0.0015443578595295546 0.04100328683853149
v 0.013885283842682838 0.0017898412188515065 0.04100334644317626
v 0.010385993868112564 0.0015443578595295546 0.04100328683853149
v 0.010499999858438969 1.266958292944764e-06 0.041002951562404626
v 0.010499999858438969 1.266958292944764e-06 0.041002951562404626
v 0.0139999995008111 1.266958292944764e-06 0.041002951562404626
v 0.013885283842682838 0.0017898412188515065 0.04100334644317626
v 0.012978785671293736 0.005250199232250451 0.04100408032536506
v 0.01004644762724638 0.0030539708677679296 0.04100359231233596
v 0.013543006964027882 0.003549088258296251 0.04100371524691581
v 0.009488730691373348 0.004497269168496131 0.041003897786140435
v 0.01004644762724638 0.0030539708677679296 0.04100359231233596
v 0.012978785671293736 0.005250199232250451 0.04100408032536506
v 0.007269347086548805 0.011966081336140631 0.04100548475980758
v 0.005681223701685667 0.01279670838266611 0.041005667299032204
v 0.005383310839533806 0.009016252122819422 0.04100487381219863
v 0.003999998793005943 0.009709520265460013 0.04100499674677848
v 0.005681223701685667 0.01279670838266611 0.041005667299032204
v 0.003999998793005943 0.013417680747807024 0.041005790233612054
v 0.005681223701685667 0.01279670838266611 0.041005667299032204
v 0.003999998793005943 0.009709520265460013 0.04100499674677848
v 0.005383310839533806 0.009016252122819422 0.04100487381219863
v 0.006649718154221773 0.008127213455736635 0.04100466147065162
v 0.008738338015973568 0.01093934755772352 0.04100526869297027
v 0.007269347086548805 0.011966081336140631 0.04100548475980758
v 0.008724963292479515 0.005842941813170909 0.04100420325994491
v 0.010064120404422283 0.009733353741466997 0.04100499674677848
v 0.007771727629005909 0.007061752956360578 0.04100444540381431
v 0.007269347086548805 0.011966081336140631 0.04100548475980758
v 0.005383310839533806 0.009016252122819422 0.04100487381219863
v 0.006649718154221773 0.008127213455736635 0.04100466147065162
v 0.008738338015973568 0.01093934755772352 0.04100526869297027
v 0.006649718154221773 0.008127213455736635 0.04100466147065162
v 0.007771727629005909 0.007061752956360578 0.04100444540381431
v 0.010064120404422283 0.009733353741466997 0.04100499674677848
v 0.008738338015973568 0.01093934755772352 0.04100526869297027
v 0.007771727629005909 0.007061752956360578 0.04100444540381431
v 0.008724963292479515 0.005842941813170909 0.04100420325994491
v 0.009488730691373348 0.004497269168496131 0.041003897786140435
v 0.011224971152842045 0.008367875590920447 0.041004721075296395
v 0.010499999858438969 1.266958292944764e-06 0.041002951562404626
v 0.010385993868112564 -0.0015418239636346696 0.041002616286277764
v 0.013885283842682838 -0.0017872768221423028 0.04100258275866508
v 0.010385993868112564 -0.0015418239636346696 0.041002616286277764
v 0.01004644762724638 -0.0030514369718730445 0.04100231081247329
v 0.01354301068931818 -0.003546554362401366 0.04100221768021583
v 0.01354301068931818 -0.003546554362401366 0.04100221768021583
v 0.013885283842682838 -0.0017872768221423028 0.04100258275866508
v 0.010385993868112564 -0.0015418239636346696 0.041002616286277764
v 0.0139999995008111 1.266958292944764e-06 0.041002951562404626
v 0.010499999858438969 1.266958292944764e-06 0.041002951562404626
v 0.013885283842682838 -0.0017872768221423028 0.04100258275866508
v 0.009488734416663647 -0.00449473550543189 0.041002005338668816
v 0.012978785671293736 -0.0052476348355412475 0.04100185260176658
v 0.01004644762724638 -0.0030514369718730445 0.04100231081247329
v 0.009488734416663647 -0.00449473550543189 0.041002005338668816
v 0.011224974878132343 -0.008365340530872343 0.041001182049512856
v 0.012201866135001183 -0.006862747017294168 0.04100151732563972
v 0.012978785671293736 -0.0052476348355412475 0.04100185260176658
v 0.009488734416663647 -0.00449473550543189 0.041002005338668816
v 0.012201866135001183 -0.006862747017294168 0.04100151732563972
v 0.01004644762724638 -0.0030514369718730445 0.04100231081247329
v 0.012978785671293736 -0.0052476348355412475 0.04100185260176658
v 0.01354301068931818 -0.003546554362401366 0.04100221768021583
v 0.010064124129712582 -0.009730819612741469 0.04100090637803077
v 0.011224974878132343 -0.008365340530872343 0.041001182049512856
v 0.008724967017769814 -0.005840377416461705 0.04100172966718673
v 0.008724967017769814 -0.005840377416461705 0.04100172966718673
v 0.011224974878132343 -0.008365340530872343 0.041001182049512856
v 0.009488734416663647 -0.00449473550543189 0.041002005338668816
v 0.008738341741263866 -0.010936812497675417 0.04100066050887107
v 0.007771727629005909 -0.007059188559651374 0.041001453995704644
v 0.006649721879512072 -0.008124679327011107 0.04100124165415763
v 0.007269354537129402 -0.011963546276092528 0.04100041836500167
v 0.006649721879512072 -0.008124679327011107 0.04100124165415763
v 0.005383315030485392 -0.009013717062771319 0.04100105911493301
v 0.008724967017769814 -0.005840377416461705 0.04100172966718673
v 0.007771727629005909 -0.007059188559651374 0.041001453995704644
v 0.010064124129712582 -0.009730819612741469 0.04100090637803077
v 0.007269354537129402 -0.011963546276092528 0.04100041836500167
v 0.005383315030485392 -0.009013717062771319 0.04100105911493301
v 0.005681231152266264 -0.01279417425394058 0.041000265628099435
v 0.004000002518296242 -0.01341514568775892 0.0410001128911972
v 0.005681231152266264 -0.01279417425394058 0.041000265628099435
v 0.004000002518296242 -0.00970698520541191 0.04100090637803077
v 0.005681231152266264 -0.01279417425394058 0.041000265628099435
v 0.005383315030485392 -0.009013717062771319 0.04100105911493301
v 0.004000002518296242 -0.00970698520541191 0.04100090637803077
v 0.008738341741263866 -0.010936812497675417 0.04100066050887107
v 0.006649721879512072 -0.008124679327011107 0.04100124165415763
v 0.007269354537129402 -0.011963546276092528 0.04100041836500167
v 0.010064124129712582 -0.009730819612741469 0.04100090637803077
v 0.007771727629005909 -0.007059188559651374 0.041001453995704644
v 0.008738341741263866 -0.010936812497675417 0.04100066050887107
v 0.003999998793005943 0.009708878584206103 0.04400499537587165
v 0.003999998793005943 0.009709520265460013 0.04100499674677848
v 0.003999998793005943 0.013417680747807024 0.041005790233612054
v 0.003999998793005943 0.009708237834274767 0.047004994004964815
v 0.003999998793005943 0.009708878584206103 0.04400499537587165
v 0.003999998793005943 0.013417039997875689 0.044005788862705224
v 0.003999998793005943 0.013416398316621779 0.04700578749179839
v 0.002704931888729334 0.010145615786314009 0.047005087137222276
v 0.003999998793005943 0.009708237834274767 0.047004994004964815
v 0.0013500696513801813 0.013934739865362642 0.047005910426378236
v -1.3426154632512066e-09 0.010499985888600348 0.04700518026947974
v 0.0013640238903462887 0.010411027818918226 0.04700514674186705
v 0.0013640238903462887 0.010411027818918226 0.04700514674186705
v 0.002704931888729334 0.010145615786314009 0.047005087137222276
v 0.003999998793005943 0.013416398316621779 0.04700578749179839
v 0.0026875596959143877 0.013739610090851782 0.04700585082173346
v 0.0013500696513801813 0.013934739865362642 0.047005910426378236
v 0.0013640238903462887 0.010411027818918226 0.04700514674186705
v 0.0013500696513801813 0.013934739865362642 0.047005910426378236
v -1.3426154632512066e-09 0.013999986462295054 0.047005910426378236
v -1.3426154632512066e-09 0.010499985888600348 0.04700518026947974
v 0.003999998793005943 0.013416398316621779 0.04700578749179839
v 0.0026875596959143877 0.013739610090851782 0.04700585082173346
v 0.0013640238903462887 0.010411027818918226 0.04700514674186705
v 0.004000002518296242 -0.013415786437690256 0.04400011152029037
v 0.004000002518296242 -0.01341514568775892 0.0410001128911972
v 0.004000002518296242 -0.00970698520541191 0.04100090637803077
v 0.004000002518296242 -0.01341639645397663 0.04700011387467383
v 0.004000002518296242 -0.013415786437690256 0.04400011152029037
v 0.004000002518296242 -0.009707595221698282 0.04400090500712394
v -0.006876039318740368 0.007934311404824255 0.05200462788343428
v -0.006000001914799213 0.005998948123306035 0.052004233002662645
v -0.005676731001585722 0.0088321091607213 0.052004814147949205
v -0.005676731001585722 0.0088321091607213 0.052004814147949205
v -0.006000001914799213 0.005998948123306035 0.052004233002662645
v -0.004361859988421202 0.009550065733492373 0.05200496688485144
v -0.002958194352686405 0.010073625482618807 0.05200508609414099
v -0.006000001914799213 0.005998948123306035 0.052004233002662645
v -0.00149430800229311 0.010392076335847376 0.052005149424076066
v -0.002958194352686405 0.010073625482618807 0.05200508609414099
v -0.004361859988421202 0.009550065733492373 0.05200496688485144
v -0.006000001914799213 0.005998948123306035 0.052004233002662645
v -0.007935373112559319 0.00687498552724719 0.05200441554188727
v -0.006000001914799213 0.005998948123306035 0.052004233002662645
v -0.006876039318740368 0.007934311404824255 0.05200462788343428
v -0.010393125005066395 0.001493240939453244 0.052003286778926835
v -0.006000001914799213 0.005998948123306035 0.052004233002662645
v -0.010074676014482975 0.002957138698548078 0.05200359225273131
v -0.010499999858438969 -1.0523777973503454e-06 0.052002951502799974
v -0.006000001914799213 0.005998948123306035 0.052004233002662645
v -0.010393125005066395 0.001493240939453244 0.052003286778926835
v -0.009551137685775757 0.004360794555395841 0.052003867924213396
v -0.006000001914799213 0.005998948123306035 0.052004233002662645
v -0.008833163417875767 0.0056756753474473945 0.05200413987040518
v -0.007935373112559319 0.00687498552724719 0.05200441554188727
v -0.008833163417875767 0.0056756753474473945 0.05200413987040518
v -0.006000001914799213 0.005998948123306035 0.052004233002662645
v -0.010074676014482975 0.002957138698548078 0.05200359225273131
v -0.006000001914799213 0.005998948123306035 0.052004233002662645
v -0.009551137685775757 0.004360794555395841 0.052003867924213396
v -0.00149430800229311 0.010392076335847376 0.052005149424076066
v -0.006000001914799213 0.005998948123306035 0.052004233002662645
v -1.3426154632512066e-09 0.010498948395252226 0.052005179226398454
v 0.004361857194453478 0.009550096467137335 0.05200496688485144
v 0.002958189696073532 0.010073625482618807 0.05200508609414099
v 0.005999998655170202 0.005998948123306035 0.052004233002662645
v 0.005999998655170202 0.005998948123306035 0.052004233002662645
v 0.002958189696073532 0.010073625482618807 0.05200508609414099
v 0.0014943034620955586 0.010392076335847376 0.052005149424076066
v 0.005676726344972849 0.0088321091607213 0.052004814147949205
v 0.004361857194453478 0.009550096467137335 0.05200496688485144
v 0.005999998655170202 0.005998948123306035 0.052004233002662645
v 0.005999998655170202 0.005998948123306035 0.052004233002662645
v 0.006876036524772644 0.007934311404824255 0.05200462788343428
v 0.005676726344972849 0.0088321091607213 0.052004814147949205
v -1.3426154632512066e-09 0.010498948395252226 0.052005179226398454
v 0.005999998655170202 0.005998948123306035 0.052004233002662645
v 0.0014943034620955586 0.010392076335847376 0.052005149424076066
v 0.008833159692585468 0.0056756753474473945 0.05200413987040518
v 0.007935370318591595 0.00687498552724719 0.05200441554188727
v 0.005999998655170202 0.005998948123306035 0.052004233002662645
v 0.006876036524772644 0.007934311404824255 0.05200462788343428
v 0.005999998655170202 0.005998948123306035 0.052004233002662645
v 0.007935370318591595 0.00687498552724719 0.05200441554188727
v 0.009551135823130608 0.004360794555395841 0.052003867924213396
v 0.008833159692585468 0.0056756753474473945 0.05200413987040518
v 0.005999998655170202 0.005998948123306035 0.052004233002662645
v 0.009551135823130608 0.004360794555395841 0.052003867924213396
v 0.005999998655170202 0.005998948123306035 0.052004233002662645
v 0.010074676014482975 0.002957138698548078 0.05200359225273131
v 0.010393126867711544 0.001493240939453244 0.052003286778926835
v 0.010074676014482975 0.002957138698548078 0.05200359225273131
v 0.005999998655170202 0.005998948123306035 0.052004233002662645
v 0.005999998655170202 0.005998948123306035 0.052004233002662645
v -1.3426154632512066e-09 0.010498948395252226 0.052005179226398454
v -0.006000001914799213 0.005998948123306035 0.052004233002662645
v 0.010393126867711544 0.001493240939453244 0.052003286778926835
v 0.005999998655170202 0.005998948123306035 0.052004233002662645
v 0.010499999858438969 -1.0523777973503454e-06 0.052002951502799974
v -0.010499999858438969 -1.0523777973503454e-06 0.052002951502799974
v -0.005999999586492777 -0.006001052446663379 0.05200169980525969
v -0.006000001914799213 0.005998948123306035 0.052004233002662645
v -0.010074676014482975 -0.002959243487566709 0.052002340555191026
v -0.005999999586492777 -0.006001052446663379 0.05200169980525969
v -0.010393125005066395 -0.0014953762292861936 0.0520026460289955
v -0.009551135823130608 -0.004362930078059434 0.05200203508138655
v -0.005999999586492777 -0.006001052446663379 0.05200169980525969
v -0.010074676014482975 -0.002959243487566709 0.052002340555191026
v -0.005999999586492777 -0.006001052446663379 0.05200169980525969
v -0.008833161555230618 -0.0056777801364660254 0.052001759409904466
v -0.00793536938726902 -0.006877090316265821 0.052001517266035066
v -0.006876035593450069 -0.007936416193842886 0.05200127139687537
v -0.005999999586492777 -0.006001052446663379 0.05200169980525969
v -0.00793536938726902 -0.006877090316265821 0.052001517266035066
v -0.009551135823130608 -0.004362930078059434 0.05200203508138655
v -0.008833161555230618 -0.0056777801364660254 0.052001759409904466
v -0.005999999586492777 -0.006001052446663379 0.05200169980525969
v -0.0056767272762954235 -0.008834213018417357 0.05200108885765074
v -0.004361856263130903 -0.009552199393510817 0.052000936120748506
v -0.005999999586492777 -0.006001052446663379 0.05200169980525969
v -0.0029581906273961067 -0.010075729340314863 0.05200084671378134
v -0.005999999586492777 -0.006001052446663379 0.05200169980525969
v -0.004361856263130903 -0.009552199393510817 0.052000936120748506
v -0.005999999586492777 -0.006001052446663379 0.05200169980525969
v -0.0014943041605874896 -0.010394180193543432 0.05200075358152388
v 2.4720820945844935e-09 -0.010501052252948282 0.052000723779201494
v -0.0014943041605874896 -0.010394180193543432 0.05200075358152388
v -0.005999999586492777 -0.006001052446663379 0.05200169980525969
v -0.0029581906273961067 -0.010075729340314863 0.05200084671378134
v -0.006876035593450069 -0.007936416193842886 0.05200127139687537
v -0.0056767272762954235 -0.008834213018417357 0.05200108885765074
v -0.005999999586492777 -0.006001052446663379 0.05200169980525969
v 2.4720820945844935e-09 -0.010501052252948282 0.052000723779201494
v 0.006000002846121788 -0.006001052446663379 0.05200169980525969
v -0.005999999586492777 -0.006001052446663379 0.05200169980525969
v 0.008833163417875767 -0.0056777801364660254 0.052001759409904466
v 0.009551139548420906 -0.004362899344414472 0.05200203508138655
v 0.006000002846121788 -0.006001052446663379 0.05200169980525969
v 0.010074676014482975 -0.002959243487566709 0.052002340555191026
v 0.006000002846121788 -0.006001052446663379 0.05200169980525969
v 0.009551139548420906 -0.004362899344414472 0.05200203508138655
v 0.007935374043881893 -0.006877090316265821 0.052001517266035066
v 0.008833163417875767 -0.0056777801364660254 0.052001759409904466
v 0.006000002846121788 -0.006001052446663379 0.05200169980525969
v 0.010499999858438969 -1.0523777973503454e-06 0.052002951502799974
v 0.006000002846121788 -0.006001052446663379 0.05200169980525969
v 0.010393126867711544 -0.0014953456120565531 0.0520026460289955
v 0.010074676014482975 -0.002959243487566709 0.052002340555191026
v 0.010393126867711544 -0.0014953456120565531 0.0520026460289955
v 0.006000002846121788 -0.006001052446663379 0.05200169980525969
v 0.010499999858438969 -1.0523777973503454e-06 0.052002951502799974
v 0.005999998655170202 0.005998948123306035 0.052004233002662645
v 0.006000002846121788 -0.006001052446663379 0.05200169980525969
v 0.006000002846121788 -0.006001052446663379 0.05200169980525969
v 0.0029581934213638306 -0.010075729340314863 0.05200084671378134
v 0.004361860919743776 -0.009552199393510817 0.052000936120748506
v 0.005676730070263147 -0.008834213018417357 0.05200108885765074
v 0.006000002846121788 -0.006001052446663379 0.05200169980525969
v 0.004361860919743776 -0.009552199393510817 0.052000936120748506
v 0.007935374043881893 -0.006877090316265821 0.052001517266035066
v 0.006000002846121788 -0.006001052446663379 0.05200169980525969
v 0.0068760402500629425 -0.007936416193842886 0.05200127139687537
v 0.0068760402500629425 -0.007936416193842886 0.05200127139687537
v 0.006000002846121788 -0.006001052446663379 0.05200169980525969
v 0.005676730070263147 -0.008834213018417357 0.05200108885765074
v 0.001494307187385857 -0.010394180193543432 0.05200075358152388
v 0.0029581934213638306 -0.010075729340314863 0.05200084671378134
v 0.006000002846121788 -0.006001052446663379 0.05200169980525969
v 0.006000002846121788 -0.006001052446663379 0.05200169980525969
v 2.4720820945844935e-09 -0.010501052252948282 0.052000723779201494
v 0.001494307187385857 -0.010394180193543432 0.05200075358152388
v -0.010393125005066395 -0.0014953762292861936 0.0520026460289955
v -0.005999999586492777 -0.006001052446663379 0.05200169980525969
v -0.010499999858438969 -1.0523777973503454e-06 0.052002951502799974
v -0.006000001914799213 0.005998948123306035 0.052004233002662645
v -0.005999999586492777 -0.006001052446663379 0.05200169980525969
v -0.005999999586492777 -0.006000411696732043 0.04900170117616652
v 0.005999998655170202 0.005998948123306035 0.052004233002662645
v -0.006000001914799213 0.005998948123306035 0.052004233002662645
v -0.006000001914799213 0.005999588873237371 0.049004234373569475
v 0.006000002846121788 -0.006001052446663379 0.05200169980525969
v 0.005999998655170202 0.005998948123306035 0.052004233002662645
v 0.006000002846121788 -0.006000411696732043 0.04900170117616652
v -0.005999999586492777 -0.006001052446663379 0.05200169980525969
v 0.006000002846121788 -0.006001052446663379 0.05200169980525969
v 0.006000002846121788 -0.006000411696732043 0.04900170117616652
v 0.005999998655170202 0.005999588873237371 0.049004234373569475
v -0.006000001914799213 0.005999588873237371 0.049004234373569475
v -0.005999999586492777 -0.006000411696732043 0.04900170117616652
v -0.008833163417875767 0.005676712840795516 0.04700414091348647
v -0.007935373112559319 0.006876023020595311 0.04700441658496855
v -0.00793536938726902 -0.006876052822917699 0.04700151830911635
v -0.010074676014482975 0.0029581761918961997 0.04700359329581259
v -0.009551137685775757 0.004361862782388925 0.04700386524200438
v -0.009551135823130608 -0.00436186185106635 0.047002036124467836
v -0.009551135823130608 -0.00436186185106635 0.047002036124467836
v -0.009551137685775757 0.004361862782388925 0.04700386524200438
v -0.008833163417875767 0.005676712840795516 0.04700414091348647
v -0.006876035593450069 -0.007935378700494765 0.04700127243995665
v -0.007935373112559319 0.006876023020595311 0.04700441658496855
v -0.006876039318740368 0.007935379631817339 0.047004628926515565
v -0.002958194352686405 0.010074662975966929 0.047005087137222276
v -0.00149430800229311 0.010393113829195498 0.04700514674186705
v -0.0029581906273961067 -0.010074690915644167 0.04700084403157233
v -0.004361859988421202 0.009551133960485457 0.04700496420264243
v -0.002958194352686405 0.010074662975966929 0.047005087137222276
v -0.004361856263130903 -0.009551132097840307 0.04700093716382979
v -0.006876039318740368 0.007935379631817339 0.047004628926515565
v -0.005676731001585722 0.008833146654069422 0.04700481146574019
v -0.006876035593450069 -0.007935378700494765 0.04700127243995665
v -0.004361859988421202 0.009551133960485457 0.04700496420264243
v -0.0056767272762954235 -0.008833175525069235 0.047001089900732027
v -0.005676731001585722 0.008833146654069422 0.04700481146574019
v 2.4720820945844935e-09 -0.01050001475960016 0.04700072482228278
v -0.00149430800229311 0.010393113829195498 0.04700514674186705
v -1.3426154632512066e-09 0.010499985888600348 0.04700518026947974
v -0.010074676014482975 0.0029581761918961997 0.04700359329581259
v -0.010393125005066395 -0.0014943081187084315 0.047002647072076784
v -0.010393125005066395 0.0014943090500310061 0.04700328782200812
v -0.010074676014482975 0.0029581761918961997 0.04700359329581259
v -0.010074676014482975 -0.002958205761387944 0.04700234159827231
v -0.010393125005066395 -0.0014943081187084315 0.047002647072076784
v -0.010074676014482975 0.0029581761918961997 0.04700359329581259
v -0.009551135823130608 -0.00436186185106635 0.047002036124467836
v -0.010074676014482975 -0.002958205761387944 0.04700234159827231
v -0.008833161555230618 -0.0056767421774566165 0.04700176045298575
v -0.008833163417875767 0.005676712840795516 0.04700414091348647
v -0.00793536938726902 -0.006876052822917699 0.04700151830911635
v -0.008833161555230618 -0.0056767421774566165 0.04700176045298575
v -0.009551135823130608 -0.00436186185106635 0.047002036124467836
v -0.008833163417875767 0.005676712840795516 0.04700414091348647
v -0.007935373112559319 0.006876023020595311 0.04700441658496855
v -0.006876035593450069 -0.007935378700494765 0.04700127243995665
v -0.00793536938726902 -0.006876052822917699 0.04700151830911635
v -0.0056767272762954235 -0.008833175525069235 0.047001089900732027
v -0.004361859988421202 0.009551133960485457 0.04700496420264243
v -0.004361856263130903 -0.009551132097840307 0.04700093716382979
v -0.004361856263130903 -0.009551132097840307 0.04700093716382979
v -0.002958194352686405 0.010074662975966929 0.047005087137222276
v -0.0029581906273961067 -0.010074690915644167 0.04700084403157233
v 2.4720820945844935e-09 -0.01050001475960016 0.04700072482228278
v -0.0014943041605874896 -0.010393111966550348 0.047000754624605165
v -0.00149430800229311 0.010393113829195498 0.04700514674186705
v -0.00149430800229311 0.010393113829195498 0.04700514674186705
v -0.0014943041605874896 -0.010393111966550348 0.047000754624605165
v -0.0029581906273961067 -0.010074690915644167 0.04700084403157233
v -0.0056767272762954235 -0.008833175525069235 0.047001089900732027
v -0.006876035593450069 -0.007935378700494765 0.04700127243995665
v -0.005676731001585722 0.008833146654069422 0.04700481146574019
v -0.010499999858438969 -1.478009714617201e-08 0.04700295254588126
v -0.010393125005066395 0.0014943090500310061 0.04700328782200812
v -0.010393125005066395 -0.0014943081187084315 0.047002647072076784
v 0.001364027732051909 -0.010391188785433767 -0.046999249607324586
v 0.0027049356140196323 -0.010125777684152125 -0.04699919000267981
v 0.004000002518296242 -0.013396560214459894 -0.04699989035725592
v 0.004000002518296242 -0.013396560214459894 -0.04699989035725592
v 0.0027049356140196323 -0.010125777684152125 -0.04699919000267981
v 0.004000002518296242 -0.009688399732112883 -0.04699909687042235
v 0.001364027732051909 -0.010391188785433767 -0.046999249607324586
v 0.004000002518296242 -0.013396560214459894 -0.04699989035725592
v 0.0026875673793256283 -0.013719771988689898 -0.046999953687190996
v 2.4720820945844935e-09 -0.010480147786438463 -0.046999249607324586
v 0.0013500773347914219 -0.013914901763200758 -0.04699998348951338
v 2.4720820945844935e-09 -0.01398014836013317 -0.04700001329183577
v 0.0013500773347914219 -0.013914901763200758 -0.04699998348951338
v 2.4720820945844935e-09 -0.010480147786438463 -0.046999249607324586
v 0.001364027732051909 -0.010391188785433767 -0.046999249607324586
v 0.0026875673793256283 -0.013719771988689898 -0.046999953687190996
v 0.0013500773347914219 -0.013914901763200758 -0.04699998348951338
v 0.001364027732051909 -0.010391188785433767 -0.046999249607324586
v 0.010499999858438969 2.037096237472724e-05 -0.049497053027153
v 0.010499999858438969 1.9852164768963117e-05 -0.046997051686048494
v 0.010385993868112564 -0.0015232692239806054 -0.046997390687465654
v 0.01004644762724638 -0.0030328517314046617 -0.04699769616127013
v 0.009488734416663647 -0.004476150032132863 -0.0469979979097843
v 0.01003351528197527 -0.003074020147323608 -0.051997695118188844
v 0.009488734416663647 -0.004476150032132863 -0.0469979979097843
v 0.008724967017769814 -0.005821823142468928 -0.04699827358126639
v 0.009460174478590488 -0.004534896463155746 -0.05199800059199332
v 0.010385993868112564 -0.0015232692239806054 -0.046997390687465654
v 0.01004644762724638 -0.0030328517314046617 -0.04699769616127013
v 0.01038272399455309 -0.0015440516872331498 -0.05199738964438437
v 0.007771731354296207 -0.00704063381999731 -0.046998549252748476
v 0.006649721879512072 -0.008106124587357042 -0.04699876159429549
v 0.00769704720005393 -0.007120925933122634 -0.05199854820966719
v 0.006649721879512072 -0.008106124587357042 -0.04699876159429549
v 0.005383315030485392 -0.008995131589472292 -0.04699894413352011
v 0.00654664495959878 -0.008188338950276373 -0.05199879407882689
v 0.004000002518296242 -0.009688399732112883 -0.04699909687042235
v 0.0027049356140196323 -0.010125777684152125 -0.04699919000267981
v 0.0038360850885510445 -0.00975328031927347 -0.051999099552631364
v 0.0027049356140196323 -0.010125777684152125 -0.04699919000267981
v 0.001364027732051909 -0.010391188785433767 -0.046999249607324586
v 0.002336474135518074 -0.010215834714472292 -0.051999218761920915
v 0.005383315030485392 -0.008995131589472292 -0.04699894413352011
v 0.004000002518296242 -0.009688399732112883 -0.04699909687042235
v 0.005250002723187208 -0.009072371758520601 -0.051998976618051515
v 0.008724967017769814 -0.005821823142468928 -0.04699827358126639
v 0.007771731354296207 -0.00704063381999731 -0.046998549252748476
v 0.008675510063767433 -0.0058939666487276545 -0.05199830606579779
v 0.010499999858438969 2.0889761799480763e-05 -0.05199705436825751
v 0.010499999858438969 2.037096237472724e-05 -0.049497053027153
v 0.01038272399455309 -0.0015440516872331498 -0.05199738964438437
v 0.01038272399455309 -0.0015440516872331498 -0.05199738964438437
v 0.010499999858438969 2.037096237472724e-05 -0.049497053027153
v 0.010385993868112564 -0.0015232692239806054 -0.046997390687465654
v 0.0007846704684197903 -0.010449752211570738 -0.0519992522895336
v 0.001364027732051909 -0.010391188785433767 -0.046999249607324586
v 2.4720820945844935e-09 -0.010480147786438463 -0.046999249607324586
v -0.0007846636581234634 -0.010449752211570738 -0.0519992522895336
v 2.4720820945844935e-09 -0.010480147786438463 -0.046999249607324586
v -0.0014943021815270185 -0.010373275727033613 -0.046999249607324586
v -0.0014943021815270185 -0.010373275727033613 -0.046999249607324586
v -0.0029581887647509575 -0.01005482394248247 -0.04699916020035742
v -0.002336467383429408 -0.010215834714472292 -0.051999218761920915
v -0.004361856263130903 -0.009531294927000998 -0.04699906706809996
v -0.0056767272762954235 -0.008813308551907538 -0.046998914331197725
v -0.005249998066574335 -0.009072371758520601 -0.051998976618051515
v -0.0056767272762954235 -0.008813308551907538 -0.046998914331197725
v -0.006876035593450069 -0.00791554246097803 -0.0469987317919731
v -0.006546640302985907 -0.008188338950276373 -0.05199879407882689
v -0.0029581887647509575 -0.01005482394248247 -0.04699916020035742
v -0.004361856263130903 -0.009531294927000998 -0.04699906706809996
v -0.0038360783364623785 -0.00975328031927347 -0.051999099552631364
v -0.00793536938726902 -0.0068561858497560016 -0.0469984896481037
v -0.008833159692585468 -0.005656875204294919 -0.046998243778944
v -0.008675506338477135 -0.0058939666487276545 -0.05199830606579779
v -0.008833159692585468 -0.005656875204294919 -0.046998243778944
v -0.009551135823130608 -0.004342025611549615 -0.046997968107461915
v -0.009460171684622765 -0.004534896463155746 -0.05199800059199332
v -0.010074676014482975 -0.0029383387882262464 -0.04699766263365744
v -0.010393125005066395 -0.0014744716463610528 -0.04699735715985297
v -0.01038272213190794 -0.0015440516872331498 -0.05199738964438437
v -0.010499999858438969 2.037096237472724e-05 -0.049497053027153
v -0.010393125005066395 -0.0014744716463610528 -0.04699735715985297
v -0.010499999858438969 1.9852164768963117e-05 -0.046997051686048494
v -0.009551135823130608 -0.004342025611549615 -0.046997968107461915
v -0.010074676014482975 -0.0029383387882262464 -0.04699766263365744
v -0.01003351341933012 -0.0030740506481379266 -0.051997695118188844
v -0.006876035593450069 -0.00791554246097803 -0.0469987317919731
v -0.00793536938726902 -0.0068561858497560016 -0.0469984896481037
v -0.007697042543441057 -0.007120925933122634 -0.05199854820966719
v -0.010499999858438969 2.037096237472724e-05 -0.049497053027153
v -0.010499999858438969 2.0889761799480763e-05 -0.05199705436825751
v -0.01038272213190794 -0.0015440516872331498 -0.05199738964438437
v -0.010499999858438969 2.037096237472724e-05 -0.049497053027153
v -0.01038272213190794 -0.0015440516872331498 -0.05199738964438437
v -0.010393125005066395 -0.0014744716463610528 -0.04699735715985297
v 0.0007846704684197903 -0.010449752211570738 -0.0519992522895336
v 2.4720820945844935e-09 -0.010480147786438463 -0.046999249607324586
v -0.0007846636581234634 -0.010449752211570738 -0.0519992522895336
v -0.010499999858438969 2.037096237472724e-05 -0.049497053027153
v -0.010499999858438969 1.9852164768963117e-05 -0.046997051686048494
v -0.010393125005066395 0.001514145405963063 -0.04699671640992163
v -0.010074676014482975 0.002978043165057897 -0.04699641093611716
v -0.009551137685775757 0.004381699487566947 -0.04699613898992537
v -0.01003351528197527 0.0031158300116658206 -0.051996383816003786
v -0.010393125005066395 0.001514145405963063 -0.04699671640992163
v -0.010074676014482975 0.002978043165057897 -0.04699641093611716
v -0.01038272399455309 0.0015858312835916875 -0.05199671909213065
v -0.008833163417875767 0.0056965798139572135 -0.046995863318443284
v -0.00793537124991417 0.006895889993757009 -0.0469955876469612
v -0.008675508201122284 0.005935745779424905 -0.051995802670717226
v -0.006876039318740368 0.007955215871334074 -0.046995375305414186
v -0.005676731001585722 0.00885301362723112 -0.04699519276618956
v -0.006546644028276205 0.008230119012296198 -0.05199531465768813
v -0.00793537124991417 0.006895889993757009 -0.0469955876469612
v -0.006876039318740368 0.007955215871334074 -0.046995375305414186
v -0.007697046268731356 0.007162705063819884 -0.05199552699923514
v -0.009551137685775757 0.004381699487566947 -0.04699613898992537
v -0.008833163417875767 0.0056965798139572135 -0.046995863318443284
v -0.009460174478590488 0.004576676059514283 -0.05199607834219931
v -0.004361859988421202 0.009570970200002192 -0.046995040029287324
v -0.002958194352686405 0.010094529949128626 -0.046994917094707475
v -0.003836082061752677 0.009795060381293295 -0.051994979381561265
v 0.005383310839533806 0.009033555164933203 -0.040995132178068154
v 0.00524999899789691 0.009114152751863001 -0.0519951321184635
v 0.003999998793005943 0.009727464057505129 -0.043995007872581475
v -0.0007846674416214228 0.010491533204913138 -0.05199482664465903
v -0.00149430800229311 0.010412980802357195 -0.0469948574900627
v -1.3426154632512066e-09 0.010519852861762045 -0.046994823962450014
v 0.0013640238903462887 0.010430864058434961 -0.0469948574900627
v 0.002704931888729334 0.010165452025830744 -0.046994917094707475
v 0.0023364664521068335 0.010257646441459654 -0.051994886249303804
v 0.0007846628432162106 0.010491533204913138 -0.05199482664465903
v -1.3426154632512066e-09 0.010519852861762045 -0.046994823962450014
v 0.0013640238903462887 0.010430864058434961 -0.0469948574900627
v -0.002958194352686405 0.010094529949128626 -0.046994917094707475
v -0.00149430800229311 0.010412980802357195 -0.0469948574900627
v -0.0023364711087197065 0.010257646441459654 -0.051994886249303804
v -0.005676731001585722 0.00885301362723112 -0.04699519276618956
v -0.004361859988421202 0.009570970200002192 -0.046995040029287324
v -0.0052500017918646336 0.009114152751863001 -0.0519951321184635
v -0.010499999858438969 2.0889761799480763e-05 -0.05199705436825751
v -0.010499999858438969 2.037096237472724e-05 -0.049497053027153
v -0.010393125005066395 0.001514145405963063 -0.04699671640992163
v -0.01038272399455309 0.0015858312835916875 -0.05199671909213065
v -0.010499999858438969 2.0889761799480763e-05 -0.05199705436825751
v -0.010393125005066395 0.001514145405963063 -0.04699671640992163
v 0.0007846628432162106 0.010491533204913138 -0.05199482664465903
v -0.0007846674416214228 0.010491533204913138 -0.05199482664465903
v -1.3426154632512066e-09 0.010519852861762045 -0.046994823962450014
v 0.003836077405139804 0.009795060381293295 -0.051994979381561265
v 0.0023364664521068335 0.010257646441459654 -0.051994886249303804
v 0.002704931888729334 0.010165452025830744 -0.046994917094707475
v 0.003999998793005943 0.009728074073791502 -0.04699501022696494
v 0.00524999899789691 0.009114152751863001 -0.0519951321184635
v 0.003836077405139804 0.009795060381293295 -0.051994979381561265
v 0.00524999899789691 0.009114152751863001 -0.0519951321184635
v 0.003999998793005943 0.009728074073791502 -0.04699501022696494
v 0.003999998793005943 0.009727464057505129 -0.043995007872581475
v 0.005383310839533806 0.009033555164933203 -0.040995132178068154
v 0.003999998793005943 0.009727464057505129 -0.043995007872581475
v 0.003999998793005943 0.009726823307573794 -0.040995009243488305
v 0.005383310839533806 0.009033555164933203 -0.040995132178068154
v 0.006649721879512072 0.008144548162817953 -0.040995344519615166
v 0.006546641234308481 0.008230119012296198 -0.05199531465768813
v 0.007771727629005909 0.007079056464135646 -0.04099555686116218
v 0.008724963292479515 0.005860245320945977 -0.04099580273032188
v 0.008675506338477135 0.005935745779424905 -0.051995802670717226
v 0.006649721879512072 0.008144548162817953 -0.040995344519615166
v 0.007771727629005909 0.007079056464135646 -0.04099555686116218
v 0.007697043474763632 0.007162705063819884 -0.05199552699923514
v 0.009488730691373348 0.004514572676271199 -0.04099610820412635
v 0.01004644762724638 0.003071274375542998 -0.040996413677930825
v 0.01003351528197527 0.0031158300116658206 -0.051996383816003786
v 0.010499999858438969 1.8570426618680355e-05 -0.04099705442786216
v 0.010499999858438969 1.9852164768963117e-05 -0.046997051686048494
v 0.010385993868112564 0.0015616918681189416 -0.0409967191517353
v 0.01004644762724638 0.003071274375542998 -0.040996413677930825
v 0.010385993868112564 0.0015616918681189416 -0.0409967191517353
v 0.01038272399455309 0.0015858312835916875 -0.05199671909213065
v 0.008724963292479515 0.005860245320945977 -0.04099580273032188
v 0.009488730691373348 0.004514572676271199 -0.04099610820412635
v 0.009460174478590488 0.004576676059514283 -0.05199607834219931
v 0.010385993868112564 -0.0015245204558596013 -0.04099738970398902
v 0.01004644762724638 -0.0030341029632836576 -0.040997695177793496
v 0.01004644762724638 -0.0030328517314046617 -0.04699769616127013
v 0.009488734416663647 -0.004477431997656821 -0.04099800065159797
v 0.008724967017769814 -0.005823073908686637 -0.04099827259778976
v 0.008724967017769814 -0.005821823142468928 -0.04699827358126639
v 0.01004644762724638 -0.0030341029632836576 -0.040997695177793496
v 0.009488734416663647 -0.004477431997656821 -0.04099800065159797
v 0.01004644762724638 -0.0030328517314046617 -0.04699769616127013
v 0.007771731354296207 -0.007041885051876306 -0.040998548269271844
v 0.006649721879512072 -0.008107375353574751 -0.040998760610818856
v 0.006649721879512072 -0.008106124587357042 -0.04699876159429549
v 0.004000002518296242 -0.009689040482044218 -0.043999098241329186
v 0.005383315030485392 -0.008996414020657538 -0.04099894687533378
v 0.004000002518296242 -0.009689681231975554 -0.040999099612236016
v 0.006649721879512072 -0.008107375353574751 -0.040998760610818856
v 0.005383315030485392 -0.008996414020657538 -0.04099894687533378
v 0.005383315030485392 -0.008995131589472292 -0.04699894413352011
v 0.008724967017769814 -0.005823073908686637 -0.04099827259778976
v 0.007771731354296207 -0.007041885051876306 -0.040998548269271844
v 0.008724967017769814 -0.005821823142468928 -0.04699827358126639
v 0.010499999858438969 1.8570426618680355e-05 -0.04099705442786216
v 0.010385993868112564 -0.0015245204558596013 -0.04099738970398902
v 0.010499999858438969 1.9852164768963117e-05 -0.046997051686048494
v 0.005383315030485392 -0.008996414020657538 -0.04099894687533378
v 0.004000002518296242 -0.009689040482044218 -0.043999098241329186
v 0.005383315030485392 -0.008995131589472292 -0.04699894413352011
v 0.010385993868112564 0.0015616918681189416 -0.0409967191517353
v 0.010499999858438969 1.9852164768963117e-05 -0.046997051686048494
v 0.01038272399455309 0.0015858312835916875 -0.05199671909213065
v 0.010499999858438969 2.037096237472724e-05 -0.049497053027153
v 0.01038272399455309 0.0015858312835916875 -0.05199671909213065
v 0.010499999858438969 1.9852164768963117e-05 -0.046997051686048494
v 0.01038272399455309 0.0015858312835916875 -0.05199671909213065
v 0.010499999858438969 2.037096237472724e-05 -0.049497053027153
v 0.010499999858438969 2.0889761799480763e-05 -0.05199705436825751
v 0.004000002518296242 -0.009689040482044218 -0.043999098241329186
v 0.004000002518296242 -0.009688399732112883 -0.04699909687042235
v 0.005383315030485392 -0.008995131589472292 -0.04699894413352011
v 0.004000002518296242 -0.009689040482044218 -0.043999098241329186
v 0.004000002518296242 -0.009689681231975554 -0.040999099612236016
v 0.004000002518296242 -0.013397841714322565 -0.04099989309906959
v 0.004000002518296242 -0.009688399732112883 -0.04699909687042235
v 0.004000002518296242 -0.009689040482044218 -0.043999098241329186
v 0.004000002518296242 -0.01339720096439123 -0.04399989172816276
v 0.012201862409710884 0.006882584653794765 -0.040995586663484566
v 0.009488730691373348 0.004514572676271199 -0.04099610820412635
v 0.011224971152842045 0.008385178633034228 -0.04099528491497039
v 0.010064120404422283 0.009750657714903353 -0.040995009243488305
v 0.011224971152842045 0.008385178633034228 -0.04099528491497039
v 0.008724963292479515 0.005860245320945977 -0.04099580273032188
v 0.012201862409710884 0.006882584653794765 -0.040995586663484566
v 0.012978785671293736 0.0052675027400255195 -0.040995925664901726
v 0.009488730691373348 0.004514572676271199 -0.04099610820412635
v 0.010499999858438969 1.8570426618680355e-05 -0.04099705442786216
v 0.010385993868112564 0.0015616918681189416 -0.0409967191517353
v 0.013885283842682838 0.0018071447266265748 -0.040996655821800225
v 0.01004644762724638 0.003071274375542998 -0.040996413677930825
v 0.013543006964027882 0.0035663915332406755 -0.040996290743350976
v 0.010385993868112564 0.0015616918681189416 -0.0409967191517353
v 0.013885283842682838 0.0018071447266265748 -0.040996655821800225
v 0.010385993868112564 0.0015616918681189416 -0.0409967191517353
v 0.013543006964027882 0.0035663915332406755 -0.040996290743350976
v 0.012978785671293736 0.0052675027400255195 -0.040995925664901726
v 0.013543006964027882 0.0035663915332406755 -0.040996290743350976
v 0.01004644762724638 0.003071274375542998 -0.040996413677930825
v 0.010499999858438969 1.8570426618680355e-05 -0.04099705442786216
v 0.013885283842682838 0.0018071447266265748 -0.040996655821800225
v 0.0139999995008111 1.8570426618680355e-05 -0.04099705442786216
v 0.009488730691373348 0.004514572676271199 -0.04099610820412635
v 0.012978785671293736 0.0052675027400255195 -0.040995925664901726
v 0.01004644762724638 0.003071274375542998 -0.040996413677930825
v 0.007269347086548805 0.011983384378254412 -0.040994521230459206
v 0.005383310839533806 0.009033555164933203 -0.040995132178068154
v 0.0056812274269759655 0.012814043089747427 -0.04099433869123458
v 0.003999998793005943 0.009726823307573794 -0.040995009243488305
v 0.003999998793005943 0.013434983789920805 -0.04099421575665473
v 0.0056812274269759655 0.012814043089747427 -0.04099433869123458
v 0.0056812274269759655 0.012814043089747427 -0.04099433869123458
v 0.005383310839533806 0.009033555164933203 -0.040995132178068154
v 0.003999998793005943 0.009726823307573794 -0.040995009243488305
v 0.006649721879512072 0.008144548162817953 -0.040995344519615166
v 0.007269347086548805 0.011983384378254412 -0.040994521230459206
v 0.008738338015973568 0.010956651531159876 -0.04099473357200622
v 0.008724963292479515 0.005860245320945977 -0.04099580273032188
v 0.007771727629005909 0.007079056464135646 -0.04099555686116218
v 0.010064120404422283 0.009750657714903353 -0.040995009243488305
v 0.007269347086548805 0.011983384378254412 -0.040994521230459206
v 0.006649721879512072 0.008144548162817953 -0.040995344519615166
v 0.005383310839533806 0.009033555164933203 -0.040995132178068154
v 0.008738338015973568 0.010956651531159876 -0.04099473357200622
v 0.007771727629005909 0.007079056464135646 -0.04099555686116218
v 0.006649721879512072 0.008144548162817953 -0.040995344519615166
v 0.010064120404422283 0.009750657714903353 -0.040995009243488305
v 0.007771727629005909 0.007079056464135646 -0.04099555686116218
v 0.008738338015973568 0.010956651531159876 -0.04099473357200622
v 0.008724963292479515 0.005860245320945977 -0.04099580273032188
v 0.011224971152842045 0.008385178633034228 -0.04099528491497039
v 0.009488730691373348 0.004514572676271199 -0.04099610820412635
v 0.010385993868112564 -0.0015245204558596013 -0.04099738970398902
v 0.010499999858438969 1.8570426618680355e-05 -0.04099705442786216
v 0.013885283842682838 -0.0017699733143672345 -0.04099741950631141
v 0.0139999995008111 1.8570426618680355e-05 -0.04099705442786216
v 0.013885283842682838 -0.0017699733143672345 -0.04099741950631141
v 0.010499999858438969 1.8570426618680355e-05 -0.04099705442786216
v 0.010385993868112564 -0.0015245204558596013 -0.04099738970398902
v 0.01354301068931818 -0.003529220353811979 -0.04099778458476066
v 0.01004644762724638 -0.0030341029632836576 -0.040997695177793496
v 0.01354301068931818 -0.003529220353811979 -0.04099778458476066
v 0.010385993868112564 -0.0015245204558596013 -0.04099738970398902
v 0.013885283842682838 -0.0017699733143672345 -0.04099741950631141
v 0.009488734416663647 -0.004477431997656821 -0.04099800065159797
v 0.01004644762724638 -0.0030341029632836576 -0.040997695177793496
v 0.012978785671293736 -0.005230331327766179 -0.04099815338850021
v 0.009488734416663647 -0.004477431997656821 -0.04099800065159797
v 0.012201866135001183 -0.006845413241535424 -0.04099848866462707
v 0.011224974878132343 -0.008348037488758562 -0.04099882394075393
v 0.012978785671293736 -0.005230331327766179 -0.04099815338850021
v 0.012201866135001183 -0.006845413241535424 -0.04099848866462707
v 0.009488734416663647 -0.004477431997656821 -0.04099800065159797
v 0.01004644762724638 -0.0030341029632836576 -0.040997695177793496
v 0.01354301068931818 -0.003529220353811979 -0.04099778458476066
v 0.012978785671293736 -0.005230331327766179 -0.04099815338850021
v 0.010064128786325455 -0.009713515639305113 -0.040999099612236016
v 0.008724967017769814 -0.005823073908686637 -0.04099827259778976
v 0.011224974878132343 -0.008348037488758562 -0.04099882394075393
v 0.008724967017769814 -0.005823073908686637 -0.04099827259778976
v 0.009488734416663647 -0.004477431997656821 -0.04099800065159797
v 0.011224974878132343 -0.008348037488758562 -0.04099882394075393
v 0.008738345466554165 -0.010919509455561636 -0.040999341756105416
v 0.006649721879512072 -0.008107375353574751 -0.040998760610818856
v 0.007771731354296207 -0.007041885051876306 -0.040998548269271844
v 0.007269354537129402 -0.011946243233978747 -0.040999587625265115
v 0.005383315030485392 -0.008996414020657538 -0.04099894687533378
v 0.006649721879512072 -0.008107375353574751 -0.040998760610818856
v 0.008724967017769814 -0.005823073908686637 -0.04099827259778976
v 0.010064128786325455 -0.009713515639305113 -0.040999099612236016
v 0.007771731354296207 -0.007041885051876306 -0.040998548269271844
v 0.007269354537129402 -0.011946243233978747 -0.040999587625265115
v 0.005681231152266264 -0.012776870280504225 -0.04099974036216735
v 0.005383315030485392 -0.008996414020657538 -0.04099894687533378
v 0.004000002518296242 -0.013397841714322565 -0.04099989309906959
v 0.004000002518296242 -0.009689681231975554 -0.040999099612236016
v 0.005681231152266264 -0.012776870280504225 -0.04099974036216735
v 0.005681231152266264 -0.012776870280504225 -0.04099974036216735
v 0.004000002518296242 -0.009689681231975554 -0.040999099612236016
v 0.005383315030485392 -0.008996414020657538 -0.04099894687533378
v 0.008738345466554165 -0.010919509455561636 -0.040999341756105416
v 0.007269354537129402 -0.011946243233978747 -0.040999587625265115
v 0.006649721879512072 -0.008107375353574751 -0.040998760610818856
v 0.010064128786325455 -0.009713515639305113 -0.040999099612236016
v 0.008738345466554165 -0.010919509455561636 -0.040999341756105416
v 0.007771731354296207 -0.007041885051876306 -0.040998548269271844
v 0.003999998793005943 0.01343562453985214 -0.0439942143857479
v 0.003999998793005943 0.013434983789920805 -0.04099421575665473
v 0.003999998793005943 0.009726823307573794 -0.040995009243488305
v 0.003999998793005943 0.013436235487461088 -0.046994216740131364
v 0.003999998793005943 0.01343562453985214 -0.0439942143857479
v 0.003999998793005943 0.009727464057505129 -0.043995007872581475
v 0.003999998793005943 0.013436235487461088 -0.046994216740131364
v 0.003999998793005943 0.009728074073791502 -0.04699501022696494
v 0.002704931888729334 0.010165452025830744 -0.046994917094707475
v 0.003999998793005943 0.013436235487461088 -0.046994216740131364
v 0.0013640238903462887 0.010430864058434961 -0.0469948574900627
v 0.0026875596959143877 0.013759447261691092 -0.04699415341019629
v 0.0013640238903462887 0.010430864058434961 -0.0469948574900627
v 0.003999998793005943 0.013436235487461088 -0.046994216740131364
v 0.002704931888729334 0.010165452025830744 -0.046994917094707475
v 0.0013500696513801813 0.01395460683852434 -0.046994093805551515
v 0.0013640238903462887 0.010430864058434961 -0.0469948574900627
v -1.3426154632512066e-09 0.010519852861762045 -0.046994823962450014
v -1.3426154632512066e-09 0.010519852861762045 -0.046994823962450014
v -1.3426154632512066e-09 0.014019853435456751 -0.046994093805551515
v 0.0013500696513801813 0.01395460683852434 -0.046994093805551515
v 0.0026875596959143877 0.013759447261691092 -0.04699415341019629
v 0.0013640238903462887 0.010430864058434961 -0.0469948574900627
v 0.0013500696513801813 0.01395460683852434 -0.046994093805551515
v -0.0014943021815270185 -0.010373275727033613 -0.046999249607324586
v 2.4720820945844935e-09 -0.010480147786438463 -0.046999249607324586
v -0.00149430800229311 0.010412980802357195 -0.0469948574900627
v -0.004361856263130903 -0.009531294927000998 -0.04699906706809996
v -0.0029581887647509575 -0.01005482394248247 -0.04699916020035742
v -0.002958194352686405 0.010094529949128626 -0.046994917094707475
v -0.002958194352686405 0.010094529949128626 -0.046994917094707475
v -0.0029581887647509575 -0.01005482394248247 -0.04699916020035742
v -0.0014943021815270185 -0.010373275727033613 -0.046999249607324586
v -0.004361859988421202 0.009570970200002192 -0.046995040029287324
v -0.0056767272762954235 -0.008813308551907538 -0.046998914331197725
v -0.004361856263130903 -0.009531294927000998 -0.04699906706809996
v -0.00149430800229311 0.010412980802357195 -0.0469948574900627
v -0.002958194352686405 0.010094529949128626 -0.046994917094707475
v -0.0014943021815270185 -0.010373275727033613 -0.046999249607324586
v 2.4720820945844935e-09 -0.010480147786438463 -0.046999249607324586
v -1.3426154632512066e-09 0.010519852861762045 -0.046994823962450014
v -0.00149430800229311 0.010412980802357195 -0.0469948574900627
v -0.004361859988421202 0.009570970200002192 -0.046995040029287324
v -0.005676731001585722 0.00885301362723112 -0.04699519276618956
v -0.0056767272762954235 -0.008813308551907538 -0.046998914331197725
v -0.004361856263130903 -0.009531294927000998 -0.04699906706809996
v -0.002958194352686405 0.010094529949128626 -0.046994917094707475
v -0.004361859988421202 0.009570970200002192 -0.046995040029287324
v -0.006876039318740368 0.007955215871334074 -0.046995375305414186
v -0.006876035593450069 -0.00791554246097803 -0.0469987317919731
v -0.005676731001585722 0.00885301362723112 -0.04699519276618956
v -0.005676731001585722 0.00885301362723112 -0.04699519276618956
v -0.006876035593450069 -0.00791554246097803 -0.0469987317919731
v -0.0056767272762954235 -0.008813308551907538 -0.046998914331197725
v -0.00793536938726902 -0.0068561858497560016 -0.0469984896481037
v -0.008833163417875767 0.0056965798139572135 -0.046995863318443284
v -0.008833159692585468 -0.005656875204294919 -0.046998243778944
v -0.008833159692585468 -0.005656875204294919 -0.046998243778944
v -0.009551137685775757 0.004381699487566947 -0.04699613898992537
v -0.009551135823130608 -0.004342025611549615 -0.046997968107461915
v -0.010393125005066395 -0.0014744716463610528 -0.04699735715985297
v -0.010074676014482975 -0.0029383387882262464 -0.04699766263365744
v -0.010074676014482975 0.002978043165057897 -0.04699641093611716
v -0.009551137685775757 0.004381699487566947 -0.04699613898992537
v -0.010074676014482975 -0.0029383387882262464 -0.04699766263365744
v -0.009551135823130608 -0.004342025611549615 -0.046997968107461915
v -0.010499999858438969 1.9852164768963117e-05 -0.046997051686048494
v -0.010393125005066395 -0.0014744716463610528 -0.04699735715985297
v -0.010393125005066395 0.001514145405963063 -0.04699671640992163
v -0.00793537124991417 0.006895889993757009 -0.0469955876469612
v -0.008833163417875767 0.0056965798139572135 -0.046995863318443284
v -0.00793536938726902 -0.0068561858497560016 -0.0469984896481037
v -0.00793536938726902 -0.0068561858497560016 -0.0469984896481037
v -0.006876039318740368 0.007955215871334074 -0.046995375305414186
v -0.00793537124991417 0.006895889993757009 -0.0469955876469612
v -0.009551137685775757 0.004381699487566947 -0.04699613898992537
v -0.010074676014482975 0.002978043165057897 -0.04699641093611716
v -0.010074676014482975 -0.0029383387882262464 -0.04699766263365744
v -0.008833159692585468 -0.005656875204294919 -0.046998243778944
v -0.008833163417875767 0.0056965798139572135 -0.046995863318443284
v -0.009551137685775757 0.004381699487566947 -0.04699613898992537
v -0.010074676014482975 0.002978043165057897 -0.04699641093611716
v -0.010393125005066395 0.001514145405963063 -0.04699671640992163
v -0.010393125005066395 -0.0014744716463610528 -0.04699735715985297
v -0.006876035593450069 -0.00791554246097803 -0.0469987317919731
v -0.006876039318740368 0.007955215871334074 -0.046995375305414186
v -0.00793536938726902 -0.0068561858497560016 -0.0469984896481037
v 0.009460174478590488 -0.004534896463155746 -0.05199800059199332
v 0.004185831639915705 -0.002713851630687713 -0.05199763178825377
v 0.004578867461532354 -0.001987594179809093 -0.05199748277664183
v 0.008675510063767433 -0.0058939666487276545 -0.05199830606579779
v 0.00769704720005393 -0.007120925933122634 -0.05199854820966719
v 0.003678621957078576 -0.003365523880347609 -0.05199775472283362
v 0.008675510063767433 -0.0058939666487276545 -0.05199830606579779
v 0.004185831639915705 -0.002713851630687713 -0.05199763178825377
v 0.009460174478590488 -0.004534896463155746 -0.05199800059199332
v 0.00769704720005393 -0.007120925933122634 -0.05199854820966719
v 0.00654664495959878 -0.008188338950276373 -0.05199879407882689
v 0.003678621957078576 -0.003365523880347609 -0.05199775472283362
v 0.0048470026813447475 -0.0012065273476764558 -0.05199729651212691
v 0.01038272399455309 -0.0015440516872331498 -0.05199738964438437
v 0.01003351528197527 -0.003074020147323608 -0.051997695118188844
v 0.01038272399455309 -0.0015440516872331498 -0.05199738964438437
v 0.0048470026813447475 -0.0012065273476764558 -0.05199729651212691
v 0.004982924088835716 -0.0003920130839105695 -0.05199714377522467
v 0.01003351528197527 -0.003074020147323608 -0.051997695118188844
v 0.004578867461532354 -0.001987594179809093 -0.05199748277664183
v 0.0048470026813447475 -0.0012065273476764558 -0.05199729651212691
v 0.004578867461532354 -0.001987594179809093 -0.05199748277664183
v 0.01003351528197527 -0.003074020147323608 -0.051997695118188844
v 0.009460174478590488 -0.004534896463155746 -0.05199800059199332
v 0.010499999858438969 2.0889761799480763e-05 -0.05199705436825751
v 0.01038272399455309 -0.0015440516872331498 -0.05199738964438437
v 0.004982924088835716 -0.0003920130839105695 -0.05199714377522467
v 0.0030710664577782154 -0.003924819640815257 -0.05199787765741347
v 0.00654664495959878 -0.008188338950276373 -0.05199879407882689
v 0.005250002723187208 -0.009072371758520601 -0.051998976618051515
v 0.002336474135518074 -0.010215834714472292 -0.051999218761920915
v 0.0016234995564445853 -0.004708175547420978 -0.05199806019663809
v 0.0038360850885510445 -0.00975328031927347 -0.051999099552631364
v 2.4720820945844935e-09 -0.004979110322892665 -0.05199808999896048
v 0.0008229738450609148 -0.0049109035171568385 -0.05199808999896048
v 0.0007846704684197903 -0.010449752211570738 -0.0519992522895336
v 0.002336474135518074 -0.010215834714472292 -0.051999218761920915
v 0.0007846704684197903 -0.010449752211570738 -0.0519992522895336
v 0.0008229738450609148 -0.0049109035171568385 -0.05199808999896048
v -0.0007846636581234634 -0.010449752211570738 -0.0519992522895336
v 2.4720820945844935e-09 -0.004979110322892665 -0.05199808999896048
v 0.0007846704684197903 -0.010449752211570738 -0.0519992522895336
v 0.0008229738450609148 -0.0049109035171568385 -0.05199808999896048
v 0.0016234995564445853 -0.004708175547420978 -0.05199806019663809
v 0.002336474135518074 -0.010215834714472292 -0.051999218761920915
v 0.003678621957078576 -0.003365523880347609 -0.05199775472283362
v 0.004185831639915705 -0.002713851630687713 -0.05199763178825377
v 0.008675510063767433 -0.0058939666487276545 -0.05199830606579779
v 0.002379736630246043 -0.004376479890197515 -0.05199797078967093
v 0.0030710664577782154 -0.003924819640815257 -0.05199787765741347
v 0.005250002723187208 -0.009072371758520601 -0.051998976618051515
v 0.0038360850885510445 -0.00975328031927347 -0.051999099552631364
v 0.0016234995564445853 -0.004708175547420978 -0.05199806019663809
v 0.002379736630246043 -0.004376479890197515 -0.05199797078967093
v 0.003678621957078576 -0.003365523880347609 -0.05199775472283362
v 0.00654664495959878 -0.008188338950276373 -0.05199879407882689
v 0.0030710664577782154 -0.003924819640815257 -0.05199787765741347
v 0.005250002723187208 -0.009072371758520601 -0.051998976618051515
v 0.0038360850885510445 -0.00975328031927347 -0.051999099552631364
v 0.002379736630246043 -0.004376479890197515 -0.05199797078967093
v 0.004982924088835716 0.00043379262206144625 -0.05199696123600005
v 0.01038272399455309 0.0015858312835916875 -0.05199671909213065
v 0.010499999858438969 2.0889761799480763e-05 -0.05199705436825751
v 0.01003351528197527 0.0031158300116658206 -0.051996383816003786
v 0.01038272399455309 0.0015858312835916875 -0.05199671909213065
v 0.0048470026813447475 0.0012483373284339903 -0.05199677869677542
v 0.004982924088835716 0.00043379262206144625 -0.05199696123600005
v 0.0048470026813447475 0.0012483373284339903 -0.05199677869677542
v 0.01038272399455309 0.0015858312835916875 -0.05199671909213065
v 0.004578867461532354 0.0020293737761676307 -0.051996625959873186
v 0.009460174478590488 0.004576676059514283 -0.05199607834219931
v 0.01003351528197527 0.0031158300116658206 -0.051996383816003786
v 0.004982924088835716 0.00043379262206144625 -0.05199696123600005
v 0.010499999858438969 2.0889761799480763e-05 -0.05199705436825751
v 0.004982924088835716 -0.0003920130839105695 -0.05199714377522467
v 0.004185831639915705 0.002755630994215607 -0.05199647322297095
v 0.008675506338477135 0.005935745779424905 -0.051995802670717226
v 0.009460174478590488 0.004576676059514283 -0.05199607834219931
v 0.007697043474763632 0.007162705063819884 -0.05199552699923514
v 0.008675506338477135 0.005935745779424905 -0.051995802670717226
v 0.0036786182317882776 0.0034073034767061468 -0.05199632048606871
v 0.006546641234308481 0.008230119012296198 -0.05199531465768813
v 0.007697043474763632 0.007162705063819884 -0.05199552699923514
v 0.0036786182317882776 0.0034073034767061468 -0.05199632048606871
v 0.006546641234308481 0.008230119012296198 -0.05199531465768813
v 0.003071062732487917 0.003966599237173795 -0.05199623107910155
v 0.00524999899789691 0.009114152751863001 -0.0519951321184635
v 0.0048470026813447475 0.0012483373284339903 -0.05199677869677542
v 0.004578867461532354 0.0020293737761676307 -0.051996625959873186
v 0.01003351528197527 0.0031158300116658206 -0.051996383816003786
v 0.004185831639915705 0.002755630994215607 -0.05199647322297095
v 0.0036786182317882776 0.0034073034767061468 -0.05199632048606871
v 0.008675506338477135 0.005935745779424905 -0.051995802670717226
v 0.00524999899789691 0.009114152751863001 -0.0519951321184635
v 0.002379736630246043 0.004418259486556052 -0.0519961081445217
v 0.003836077405139804 0.009795060381293295 -0.051994979381561265
v 0.003071062732487917 0.003966599237173795 -0.05199623107910155
v 0.002379736630246043 0.004418259486556052 -0.0519961081445217
v 0.00524999899789691 0.009114152751863001 -0.0519951321184635
v 0.0036786182317882776 0.0034073034767061468 -0.05199632048606871
v 0.003071062732487917 0.003966599237173795 -0.05199623107910155
v 0.006546641234308481 0.008230119012296198 -0.05199531465768813
v 0.0016234958311542869 0.00474998541176319 -0.051996044814586626
v 0.0023364664521068335 0.010257646441459654 -0.051994886249303804
v 0.003836077405139804 0.009795060381293295 -0.051994979381561265
v 0.0023364664521068335 0.010257646441459654 -0.051994886249303804
v 0.0008229738450609148 0.0049527138471603385 -0.05199601501226424
v 0.0007846628432162106 0.010491533204913138 -0.05199482664465903
v 0.0008229738450609148 0.0049527138471603385 -0.05199601501226424
v -1.3426154632512066e-09 0.005020889919251203 -0.05199598520994185
v 0.0007846628432162106 0.010491533204913138 -0.05199482664465903
v 0.0016234958311542869 0.00474998541176319 -0.051996044814586626
v 0.0008229738450609148 0.0049527138471603385 -0.05199601501226424
v 0.0023364664521068335 0.010257646441459654 -0.051994886249303804
v 0.0016234958311542869 0.00474998541176319 -0.051996044814586626
v 0.003836077405139804 0.009795060381293295 -0.051994979381561265
v 0.002379736630246043 0.004418259486556052 -0.0519961081445217
v 0.004578867461532354 0.0020293737761676307 -0.051996625959873186
v 0.004185831639915705 0.002755630994215607 -0.05199647322297095
v 0.009460174478590488 0.004576676059514283 -0.05199607834219931
v -0.002336467383429408 -0.010215834714472292 -0.051999218761920915
v -0.0008229708182625473 -0.0049109035171568385 -0.05199808999896048
v -0.0007846636581234634 -0.010449752211570738 -0.0519992522895336
v -0.0038360783364623785 -0.00975328031927347 -0.051999099552631364
v -0.0016234965296462178 -0.004708205815404653 -0.05199806019663809
v -0.002336467383429408 -0.010215834714472292 -0.051999218761920915
v -0.0008229708182625473 -0.0049109035171568385 -0.05199808999896048
v -0.002336467383429408 -0.010215834714472292 -0.051999218761920915
v -0.0016234965296462178 -0.004708205815404653 -0.05199806019663809
v -0.0023797356989234686 -0.004376479890197515 -0.05199797078967093
v -0.0016234965296462178 -0.004708205815404653 -0.05199806019663809
v -0.0038360783364623785 -0.00975328031927347 -0.051999099552631364
v -0.0023797356989234686 -0.004376479890197515 -0.05199797078967093
v -0.005249998066574335 -0.009072371758520601 -0.051998976618051515
v -0.0030710618011653423 -0.003924819640815257 -0.05199787765741347
v -0.0036786191631108522 -0.003365523880347609 -0.05199775472283362
v -0.008675506338477135 -0.0058939666487276545 -0.05199830606579779
v -0.00418583070859313 -0.002713851630687713 -0.05199763178825377
v -0.00418583070859313 -0.002713851630687713 -0.05199763178825377
v -0.009460171684622765 -0.004534896463155746 -0.05199800059199332
v -0.00457886653020978 -0.001987594179809093 -0.05199748277664183
v -0.006546640302985907 -0.008188338950276373 -0.05199879407882689
v -0.0036786191631108522 -0.003365523880347609 -0.05199775472283362
v -0.0030710618011653423 -0.003924819640815257 -0.05199787765741347
v -0.005249998066574335 -0.009072371758520601 -0.051998976618051515
v -0.0023797356989234686 -0.004376479890197515 -0.05199797078967093
v -0.0038360783364623785 -0.00975328031927347 -0.051999099552631364
v -0.0036786191631108522 -0.003365523880347609 -0.05199775472283362
v -0.006546640302985907 -0.008188338950276373 -0.05199879407882689
v -0.007697042543441057 -0.007120925933122634 -0.05199854820966719
v -0.009460171684622765 -0.004534896463155746 -0.05199800059199332
v -0.00418583070859313 -0.002713851630687713 -0.05199763178825377
v -0.008675506338477135 -0.0058939666487276545 -0.05199830606579779
v -0.008675506338477135 -0.0058939666487276545 -0.05199830606579779
v -0.0036786191631108522 -0.003365523880347609 -0.05199775472283362
v -0.007697042543441057 -0.007120925933122634 -0.05199854820966719
v -0.00457886653020978 -0.001987594179809093 -0.05199748277664183
v -0.009460171684622765 -0.004534896463155746 -0.05199800059199332
v -0.01003351341933012 -0.0030740506481379266 -0.051997695118188844
v -0.01038272213190794 -0.0015440516872331498 -0.05199738964438437
v -0.004982921294867992 -0.0003920130839105695 -0.05199714377522467
v -0.004847001750022173 -0.0012065273476764558 -0.05199729651212691
v -0.004982921294867992 -0.0003920130839105695 -0.05199714377522467
v -0.01038272213190794 -0.0015440516872331498 -0.05199738964438437
v -0.010499999858438969 2.0889761799480763e-05 -0.05199705436825751
v -0.01003351341933012 -0.0030740506481379266 -0.051997695118188844
v -0.01038272213190794 -0.0015440516872331498 -0.05199738964438437
v -0.004847001750022173 -0.0012065273476764558 -0.05199729651212691
v -0.004847001750022173 -0.0012065273476764558 -0.05199729651212691
v -0.00457886653020978 -0.001987594179809093 -0.05199748277664183
v -0.01003351341933012 -0.0030740506481379266 -0.051997695118188844
v -0.004982923157513142 0.00043379262206144625 -0.05199696123600005
v -0.004982921294867992 -0.0003920130839105695 -0.05199714377522467
v -0.010499999858438969 2.0889761799480763e-05 -0.05199705436825751
v -0.005249998066574335 -0.009072371758520601 -0.051998976618051515
v -0.006546640302985907 -0.008188338950276373 -0.05199879407882689
v -0.0030710618011653423 -0.003924819640815257 -0.05199787765741347
v -0.003836082061752677 0.009795060381293295 -0.051994979381561265
v -0.001623498392291367 0.00474998541176319 -0.051996044814586626
v -0.002379737561568618 0.004418259486556052 -0.0519961081445217
v -0.0036786210257560015 0.0034073034767061468 -0.05199632048606871
v -0.006546644028276205 0.008230119012296198 -0.05199531465768813
v -0.0030710636638104916 0.003966599237173795 -0.05199623107910155
v -0.0030710636638104916 0.003966599237173795 -0.05199623107910155
v -0.0052500017918646336 0.009114152751863001 -0.0519951321184635
v -0.002379737561568618 0.004418259486556052 -0.0519961081445217
v -0.0052500017918646336 0.009114152751863001 -0.0519951321184635
v -0.003836082061752677 0.009795060381293295 -0.051994979381561265
v -0.002379737561568618 0.004418259486556052 -0.0519961081445217
v 0.0007846628432162106 0.010491533204913138 -0.05199482664465903
v -1.3426154632512066e-09 0.005020889919251203 -0.05199598520994185
v -0.0007846674416214228 0.010491533204913138 -0.05199482664465903
v -0.0008229727391153574 0.0049527138471603385 -0.05199601501226424
v -0.0007846674416214228 0.010491533204913138 -0.05199482664465903
v -1.3426154632512066e-09 0.005020889919251203 -0.05199598520994185
v -0.0008229727391153574 0.0049527138471603385 -0.05199601501226424
v -0.001623498392291367 0.00474998541176319 -0.051996044814586626
v -0.0023364711087197065 0.010257646441459654 -0.051994886249303804
v -0.003836082061752677 0.009795060381293295 -0.051994979381561265
v -0.0023364711087197065 0.010257646441459654 -0.051994886249303804
v -0.001623498392291367 0.00474998541176319 -0.051996044814586626
v -0.0007846674416214228 0.010491533204913138 -0.05199482664465903
v -0.0008229727391153574 0.0049527138471603385 -0.05199601501226424
v -0.0023364711087197065 0.010257646441459654 -0.051994886249303804
v -0.008675508201122284 0.005935745779424905 -0.051995802670717226
v -0.0036786210257560015 0.0034073034767061468 -0.05199632048606871
v -0.004185832571238279 0.002755630994215607 -0.05199647322297095
v -0.01003351528197527 0.0031158300116658206 -0.051996383816003786
v -0.00457886653020978 0.0020293737761676307 -0.051996625959873186
v -0.004847001750022173 0.0012483373284339903 -0.05199677869677542
v -0.004847001750022173 0.0012483373284339903 -0.05199677869677542
v -0.01038272399455309 0.0015858312835916875 -0.05199671909213065
v -0.01003351528197527 0.0031158300116658206 -0.051996383816003786
v -0.010499999858438969 2.0889761799480763e-05 -0.05199705436825751
v -0.01038272399455309 0.0015858312835916875 -0.05199671909213065
v -0.004982923157513142 0.00043379262206144625 -0.05199696123600005
v -0.004982923157513142 0.00043379262206144625 -0.05199696123600005
v -0.01038272399455309 0.0015858312835916875 -0.05199671909213065
v -0.004847001750022173 0.0012483373284339903 -0.05199677869677542
v -0.009460174478590488 0.004576676059514283 -0.05199607834219931
v -0.00457886653020978 0.0020293737761676307 -0.051996625959873186
v -0.01003351528197527 0.0031158300116658206 -0.051996383816003786
v -0.0052500017918646336 0.009114152751863001 -0.0519951321184635
v -0.0030710636638104916 0.003966599237173795 -0.05199623107910155
v -0.006546644028276205 0.008230119012296198 -0.05199531465768813
v -0.0036786210257560015 0.0034073034767061468 -0.05199632048606871
v -0.008675508201122284 0.005935745779424905 -0.051995802670717226
v -0.007697046268731356 0.007162705063819884 -0.05199552699923514
v -0.006546644028276205 0.008230119012296198 -0.05199531465768813
v -0.0036786210257560015 0.0034073034767061468 -0.05199632048606871
v -0.007697046268731356 0.007162705063819884 -0.05199552699923514
v -0.009460174478590488 0.004576676059514283 -0.05199607834219931
v -0.008675508201122284 0.005935745779424905 -0.051995802670717226
v -0.004185832571238279 0.002755630994215607 -0.05199647322297095
v -0.00457886653020978 0.0020293737761676307 -0.051996625959873186
v -0.009460174478590488 0.004576676059514283 -0.05199607834219931
v -0.004185832571238279 0.002755630994215607 -0.05199647322297095
v -0.0007846636581234634 -0.010449752211570738 -0.0519992522895336
v -0.0008229708182625473 -0.0049109035171568385 -0.05199808999896048
v 2.4720820945844935e-09 -0.004979110322892665 -0.05199808999896048
v -1.3426154632512066e-09 0.005021103657782077 -0.05299598723649977
v -1.3426154632512066e-09 0.005020889919251203 -0.05199598520994185
v 0.0008229738450609148 0.0049527138471603385 -0.05199601501226424
v 0.0016234958311542869 0.00474998541176319 -0.051996044814586626
v 0.002379736630246043 0.004418259486556052 -0.0519961081445217
v 0.002379736630246043 0.0044186864979565135 -0.053996108472347246
v 0.002379736630246043 0.004418259486556052 -0.0519961081445217
v 0.003071062732487917 0.003966599237173795 -0.05199623107910155
v 0.002379736630246043 0.0044186864979565135 -0.053996108472347246
v 0.0008229738450609148 0.0049527138471603385 -0.05199601501226424
v 0.0016234958311542869 0.00474998541176319 -0.051996044814586626
v 0.0016234958311542869 0.004750412888824939 -0.05399604514241217
v 0.0036786182317882776 0.0034073034767061468 -0.05199632048606871
v 0.004185831639915705 0.002755630994215607 -0.05199647322297095
v 0.0036786182317882776 0.0034077307209372516 -0.05399632081389426
v 0.0048470026813447475 0.0012483373284339903 -0.05199677869677542
v 0.0048470026813447475 0.0012487340718507765 -0.05399677902460097
v 0.004578867461532354 0.0020293737761676307 -0.051996625959873186
v 0.0048470026813447475 0.0012483373284339903 -0.05199677869677542
v 0.004982924088835716 0.00043379262206144625 -0.05199696123600005
v 0.0048470026813447475 0.0012487340718507765 -0.05399677902460097
v 0.004578867461532354 0.0020293737761676307 -0.051996625959873186
v 0.004578867461532354 0.0020298010203987356 -0.05399662628769873
v 0.004185831639915705 0.002755630994215607 -0.05199647322297095
v 0.003071062732487917 0.003966599237173795 -0.05199623107910155
v 0.0036786182317882776 0.0034073034767061468 -0.05199632048606871
v 0.0036786182317882776 0.0034077307209372516 -0.05399632081389426
v 0.0008229738450609148 0.004953110590577125 -0.053996015340089784
v -1.3426154632512066e-09 0.005021317396312951 -0.053995985537767396
v -1.3426154632512066e-09 0.005021103657782077 -0.05299598723649977
v 0.0008229738450609148 0.0049527138471603385 -0.05199601501226424
v 0.0008229738450609148 0.004953110590577125 -0.053996015340089784
v -1.3426154632512066e-09 0.005021103657782077 -0.05299598723649977
v 0.004982924088835716 0.00043379262206144625 -0.05199696123600005
v 0.004982924088835716 -0.0003920130839105695 -0.05199714377522467
v 0.004982924088835716 0.0004342198662925511 -0.05399696156382559
v 0.004982924088835716 -0.0003920130839105695 -0.05199714377522467
v 0.0048470026813447475 -0.0012065273476764558 -0.05199729651212691
v 0.0048470026813447475 -0.001206099987030029 -0.053997296839952455
v 0.004578867461532354 -0.001987594179809093 -0.05199748277664183
v 0.004185831639915705 -0.002713851630687713 -0.05199763178825377
v 0.004185831639915705 -0.0027134243864566083 -0.05399763211607932
v 0.004185831639915705 -0.002713851630687713 -0.05199763178825377
v 0.003678621957078576 -0.003365523880347609 -0.05199775472283362
v 0.003678621957078576 -0.0033650966361165042 -0.053997755050659166
v 0.004578867461532354 -0.001987594179809093 -0.05199748277664183
v 0.004578867461532354 -0.001987166935577988 -0.05399747937917708
v 0.0048470026813447475 -0.001206099987030029 -0.053997296839952455
v 0.0030710664577782154 -0.003924819640815257 -0.05199787765741347
v 0.002379736630246043 -0.004376479890197515 -0.05199797078967093
v 0.002379736630246043 -0.004376052413135766 -0.05399797111749648
v 0.0008229738450609148 -0.0049109035171568385 -0.05199808999896048
v 0.0008229738450609148 -0.004910476505756377 -0.05399809032678603
v 0.0016234995564445853 -0.004708175547420978 -0.05199806019663809
v 2.4720820945844935e-09 -0.004978897050023078 -0.052998092025518403
v 0.0008229738450609148 -0.0049109035171568385 -0.05199808999896048
v 2.4720820945844935e-09 -0.004979110322892665 -0.05199808999896048
v 0.002379736630246043 -0.004376479890197515 -0.05199797078967093
v 0.0016234995564445853 -0.004708175547420978 -0.05199806019663809
v 0.002379736630246043 -0.004376052413135766 -0.05399797111749648
v 0.003678621957078576 -0.003365523880347609 -0.05199775472283362
v 0.0030710664577782154 -0.003924819640815257 -0.05199787765741347
v 0.003678621957078576 -0.0033650966361165042 -0.053997755050659166
v 2.4720820945844935e-09 -0.004978897050023078 -0.052998092025518403
v 2.4720820945844935e-09 -0.004978683311492204 -0.05399809032678603
v 0.0008229738450609148 -0.004910476505756377 -0.05399809032678603
v 0.0008229738450609148 -0.0049109035171568385 -0.05199808999896048
v 2.4720820945844935e-09 -0.004978897050023078 -0.052998092025518403
v 0.0008229738450609148 -0.004910476505756377 -0.05399809032678603
v 2.4720820945844935e-09 -0.004978897050023078 -0.052998092025518403
v 2.4720820945844935e-09 -0.004979110322892665 -0.05199808999896048
v -0.0008229708182625473 -0.0049109035171568385 -0.05199808999896048
v -0.0016234965296462178 -0.004708205815404653 -0.05199806019663809
v -0.0023797356989234686 -0.004376479890197515 -0.05199797078967093
v -0.0023797356989234686 -0.004376052413135766 -0.05399797111749648
v -0.0023797356989234686 -0.004376479890197515 -0.05199797078967093
v -0.0030710618011653423 -0.003924819640815257 -0.05199787765741347
v -0.0023797356989234686 -0.004376052413135766 -0.05399797111749648
v -0.0008229708182625473 -0.0049109035171568385 -0.05199808999896048
v -0.0016234965296462178 -0.004708205815404653 -0.05199806019663809
v -0.0008229708182625473 -0.004910476505756377 -0.05399809032678603
v -0.0036786191631108522 -0.003365523880347609 -0.05199775472283362
v -0.00418583070859313 -0.002713851630687713 -0.05199763178825377
v -0.0036786191631108522 -0.0033650966361165042 -0.053997755050659166
v -0.00457886653020978 -0.001987594179809093 -0.05199748277664183
v -0.004847001750022173 -0.0012065273476764558 -0.05199729651212691
v -0.004847001750022173 -0.001206099987030029 -0.053997296839952455
v -0.004847001750022173 -0.0012065273476764558 -0.05199729651212691
v -0.004982921294867992 -0.0003920130839105695 -0.05199714377522467
v -0.004847001750022173 -0.001206099987030029 -0.053997296839952455
v -0.00418583070859313 -0.002713851630687713 -0.05199763178825377
v -0.00457886653020978 -0.001987594179809093 -0.05199748277664183
v -0.00418583070859313 -0.0027134243864566083 -0.05399763211607932
v -0.0030710618011653423 -0.003924819640815257 -0.05199787765741347
v -0.0036786191631108522 -0.003365523880347609 -0.05199775472283362
v -0.0036786191631108522 -0.0033650966361165042 -0.053997755050659166
v -0.0008229708182625473 -0.004910476505756377 -0.05399809032678603
v 2.4720820945844935e-09 -0.004978683311492204 -0.05399809032678603
v 2.4720820945844935e-09 -0.004978897050023078 -0.052998092025518403
v -0.0008229708182625473 -0.0049109035171568385 -0.05199808999896048
v -0.0008229708182625473 -0.004910476505756377 -0.05399809032678603
v 2.4720820945844935e-09 -0.004978897050023078 -0.052998092025518403
v -0.004982921294867992 -0.0003920130839105695 -0.05199714377522467
v -0.004982923157513142 0.00043379262206144625 -0.05199696123600005
v -0.004982923157513142 0.0004342198662925511 -0.05399696156382559
v -0.004982923157513142 0.00043379262206144625 -0.05199696123600005
v -0.004847001750022173 0.0012483373284339903 -0.05199677869677542
v -0.004847001750022173 0.0012487340718507765 -0.05399677902460097
v -0.00457886653020978 0.0020293737761676307 -0.051996625959873186
v -0.004185832571238279 0.002755630994215607 -0.05199647322297095
v -0.00457886653020978 0.0020298010203987356 -0.05399662628769873
v -0.004185832571238279 0.002755630994215607 -0.05199647322297095
v -0.0036786210257560015 0.0034073034767061468 -0.05199632048606871
v -0.0036786210257560015 0.0034077307209372516 -0.05399632081389426
v -0.004847001750022173 0.0012483373284339903 -0.05199677869677542
v -0.00457886653020978 0.0020293737761676307 -0.051996625959873186
v -0.004847001750022173 0.0012487340718507765 -0.05399677902460097
v -0.0030710636638104916 0.003966599237173795 -0.05199623107910155
v -0.002379737561568618 0.004418259486556052 -0.0519961081445217
v -0.002379737561568618 0.0044186864979565135 -0.053996108472347246
v -0.001623498392291367 0.00474998541176319 -0.051996044814586626
v -0.0008229727391153574 0.0049527138471603385 -0.05199601501226424
v -0.001623498392291367 0.004750412888824939 -0.05399604514241217
v -1.3426154632512066e-09 0.005021103657782077 -0.05299598723649977
v -0.0008229727391153574 0.0049527138471603385 -0.05199601501226424
v -1.3426154632512066e-09 0.005020889919251203 -0.05199598520994185
v -0.002379737561568618 0.004418259486556052 -0.0519961081445217
v -0.001623498392291367 0.00474998541176319 -0.051996044814586626
v -0.002379737561568618 0.0044186864979565135 -0.053996108472347246
v -0.0036786210257560015 0.0034073034767061468 -0.05199632048606871
v -0.0030710636638104916 0.003966599237173795 -0.05199623107910155
v -0.0036786210257560015 0.0034077307209372516 -0.05399632081389426
v -1.3426154632512066e-09 0.005021103657782077 -0.05299598723649977
v -1.3426154632512066e-09 0.005021317396312951 -0.053995985537767396
v -0.0008229727391153574 0.004953110590577125 -0.053996015340089784
v -0.0008229727391153574 0.0049527138471603385 -0.05199601501226424
v -1.3426154632512066e-09 0.005021103657782077 -0.05299598723649977
v -0.0008229727391153574 0.004953110590577125 -0.053996015340089784
v -0.0024568496737629175 -0.00313523830845952 -0.05399772524833678
v -0.0019037890015169978 -0.0034965665545314546 -0.053997784852981554
v -0.0023797356989234686 -0.004376052413135766 -0.05399797111749648
v -0.0036786191631108522 -0.0033650966361165042 -0.053997755050659166
v -0.0029428955167531967 -0.0026878200005739923 -0.05399763211607932
v -0.0030710618011653423 -0.003924392629414796 -0.053997877985239015
v -0.0024568496737629175 -0.00313523830845952 -0.05399772524833678
v -0.0023797356989234686 -0.004376052413135766 -0.05399797111749648
v -0.0030710618011653423 -0.003924392629414796 -0.053997877985239015
v -0.001298797084018588 -0.0037619473878294225 -0.05399784818291663
v -0.0023797356989234686 -0.004376052413135766 -0.05399797111749648
v -0.0019037890015169978 -0.0034965665545314546 -0.053997784852981554
v -0.0008229708182625473 -0.004910476505756377 -0.05399809032678603
v 2.4720820945844935e-09 -0.003978683147579431 -0.053997877985239015
v 2.4720820945844935e-09 -0.004978683311492204 -0.05399809032678603
v -0.0006583762005902827 -0.003924117889255284 -0.053997877985239015
v -0.0016234965296462178 -0.0047077788040041915 -0.05399806052446364
v -0.001298797084018588 -0.0037619473878294225 -0.05399784818291663
v -0.0023797356989234686 -0.004376052413135766 -0.05399797111749648
v -0.001298797084018588 -0.0037619473878294225 -0.05399784818291663
v -0.0016234965296462178 -0.0047077788040041915 -0.05399806052446364
v -0.0008229708182625473 -0.004910476505756377 -0.05399809032678603
v -0.0016234965296462178 -0.0047077788040041915 -0.05399806052446364
v -0.0006583762005902827 -0.003924117889255284 -0.053997877985239015
v -0.0006583762005902827 -0.003924117889255284 -0.053997877985239015
v 2.4720820945844935e-09 -0.003978683147579431 -0.053997877985239015
v -0.0008229708182625473 -0.004910476505756377 -0.05399809032678603
v -0.00457886653020978 -0.001987166935577988 -0.05399747937917708
v -0.0033486648462712765 -0.002166488207876682 -0.053997512906789766
v -0.00418583070859313 -0.0027134243864566083 -0.05399763211607932
v -0.004982921294867992 -0.00039158583967946464 -0.05399714410305022
v -0.0038776013534516096 -0.0009606166277080773 -0.05399726703763007
v -0.004847001750022173 -0.001206099987030029 -0.053997296839952455
v -0.004982923157513142 0.0004342198662925511 -0.05399696156382559
v -0.003986337222158909 -0.00030900526326149697 -0.05399711430072783
v -0.004982921294867992 -0.00039158583967946464 -0.05399714410305022
v -0.0038776013534516096 -0.0009606166277080773 -0.05399726703763007
v -0.00457886653020978 -0.001987166935577988 -0.05399747937917708
v -0.004847001750022173 -0.001206099987030029 -0.053997296839952455
v -0.0038776013534516096 -0.0009606166277080773 -0.05399726703763007
v -0.004982921294867992 -0.00039158583967946464 -0.05399714410305022
v -0.003986337222158909 -0.00030900526326149697 -0.05399711430072783
v -0.0029428955167531967 -0.0026878200005739923 -0.05399763211607932
v -0.0024568496737629175 -0.00313523830845952 -0.05399772524833678
v -0.0030710618011653423 -0.003924392629414796 -0.053997877985239015
v -0.00457886653020978 -0.001987166935577988 -0.05399747937917708
v -0.0036630933173000813 -0.0015854641096666453 -0.05399738997220992
v -0.0033486648462712765 -0.002166488207876682 -0.053997512906789766
v -0.00457886653020978 -0.001987166935577988 -0.05399747937917708
v -0.0038776013534516096 -0.0009606166277080773 -0.05399726703763007
v -0.0036630933173000813 -0.0015854641096666453 -0.05399738997220992
v -0.0029428955167531967 -0.0026878200005739923 -0.05399763211607932
v -0.0036786191631108522 -0.0033650966361165042 -0.053997755050659166
v -0.0033486648462712765 -0.002166488207876682 -0.053997512906789766
v -0.0033486648462712765 -0.002166488207876682 -0.053997512906789766
v -0.0036786191631108522 -0.0033650966361165042 -0.053997755050659166
v -0.00418583070859313 -0.0027134243864566083 -0.05399763211607932
v 0.0006583810900337994 -0.003924117889255284 -0.053997877985239015
v 0.0008229738450609148 -0.004910476505756377 -0.05399809032678603
v 2.4720820945844935e-09 -0.003978683147579431 -0.053997877985239015
v 2.4720820945844935e-09 -0.004978683311492204 -0.05399809032678603
v 2.4720820945844935e-09 -0.003978683147579431 -0.053997877985239015
v 0.0008229738450609148 -0.004910476505756377 -0.05399809032678603
v 0.0016234995564445853 -0.0047077788040041915 -0.05399806052446364
v 0.0008229738450609148 -0.004910476505756377 -0.05399809032678603
v 0.0006583810900337994 -0.003924117889255284 -0.053997877985239015
v 0.0012988002272322774 -0.0037619473878294225 -0.05399784818291663
v 0.0016234995564445853 -0.0047077788040041915 -0.05399806052446364
v 0.0006583810900337994 -0.003924117889255284 -0.053997877985239015
v 0.002379736630246043 -0.004376052413135766 -0.05399797111749648
v 0.0016234995564445853 -0.0047077788040041915 -0.05399806052446364
v 0.0012988002272322774 -0.0037619473878294225 -0.05399784818291663
v 0.002456850605085492 -0.00313523830845952 -0.05399772524833678
v 0.003678621957078576 -0.0033650966361165042 -0.053997755050659166
v 0.0030710664577782154 -0.003924392629414796 -0.053997877985239015
v 0.002379736630246043 -0.004376052413135766 -0.05399797111749648
v 0.0019037921447306871 -0.0034965665545314546 -0.053997784852981554
v 0.0030710664577782154 -0.003924392629414796 -0.053997877985239015
v 0.0019037921447306871 -0.0034965665545314546 -0.053997784852981554
v 0.002456850605085492 -0.00313523830845952 -0.05399772524833678
v 0.0030710664577782154 -0.003924392629414796 -0.053997877985239015
v 0.002379736630246043 -0.004376052413135766 -0.05399797111749648
v 0.0012988002272322774 -0.0037619473878294225 -0.05399784818291663
v 0.0019037921447306871 -0.0034965665545314546 -0.053997784852981554
v 0.003678621957078576 -0.0033650966361165042 -0.053997755050659166
v 0.0029428964480757713 -0.0026878200005739923 -0.05399763211607932
v 0.004185831639915705 -0.0027134243864566083 -0.05399763211607932
v 0.0048470026813447475 -0.001206099987030029 -0.053997296839952455
v 0.0036630923859775066 -0.0015854641096666453 -0.05399738997220992
v 0.003877600422129035 -0.0009606166277080773 -0.05399726703763007
v 0.004578867461532354 -0.001987166935577988 -0.05399747937917708
v 0.003348665777593851 -0.002166488207876682 -0.053997512906789766
v 0.0036630923859775066 -0.0015854641096666453 -0.05399738997220992
v 0.004185831639915705 -0.0027134243864566083 -0.05399763211607932
v 0.0029428964480757713 -0.0026878200005739923 -0.05399763211607932
v 0.003348665777593851 -0.002166488207876682 -0.053997512906789766
v 0.004578867461532354 -0.001987166935577988 -0.05399747937917708
v 0.004185831639915705 -0.0027134243864566083 -0.05399763211607932
v 0.003348665777593851 -0.002166488207876682 -0.053997512906789766
v 0.004982924088835716 -0.00039158583967946464 -0.05399714410305022
v 0.0048470026813447475 -0.001206099987030029 -0.053997296839952455
v 0.0039863381534814835 -0.00030900526326149697 -0.05399711430072783
v 0.0036630923859775066 -0.0015854641096666453 -0.05399738997220992
v 0.0048470026813447475 -0.001206099987030029 -0.053997296839952455
v 0.004578867461532354 -0.001987166935577988 -0.05399747937917708
v 0.0039863381534814835 0.00035163928987458343 -0.05399696156382559
v 0.004982924088835716 -0.00039158583967946464 -0.05399714410305022
v 0.0039863381534814835 -0.00030900526326149697 -0.05399711430072783
v 0.003877600422129035 -0.0009606166277080773 -0.05399726703763007
v 0.0039863381534814835 -0.00030900526326149697 -0.05399711430072783
v 0.0048470026813447475 -0.001206099987030029 -0.053997296839952455
v 0.002456850605085492 -0.00313523830845952 -0.05399772524833678
v 0.0029428964480757713 -0.0026878200005739923 -0.05399763211607932
v 0.003678621957078576 -0.0033650966361165042 -0.053997755050659166
v -0.004847001750022173 0.0012487340718507765 -0.05399677902460097
v -0.003986337222158909 0.00035163928987458343 -0.05399696156382559
v -0.004982923157513142 0.0004342198662925511 -0.05399696156382559
v -0.00457886653020978 0.0020298010203987356 -0.05399662628769873
v -0.0036630933173000813 0.0016280980780720709 -0.05399671941995619
v -0.004847001750022173 0.0012487340718507765 -0.05399677902460097
v -0.004185832571238279 0.002756058238446712 -0.053996473550796495
v -0.0033486669417470694 0.0022091222926974292 -0.053996596485376344
v -0.00457886653020978 0.0020298010203987356 -0.05399662628769873
v -0.004847001750022173 0.0012487340718507765 -0.05399677902460097
v -0.0038776013534516096 0.0010032505961135028 -0.053996838629245744
v -0.003986337222158909 0.00035163928987458343 -0.05399696156382559
v -0.00457886653020978 0.0020298010203987356 -0.05399662628769873
v -0.0033486669417470694 0.0022091222926974292 -0.053996596485376344
v -0.0036630933173000813 0.0016280980780720709 -0.05399671941995619
v -0.004185832571238279 0.002756058238446712 -0.053996473550796495
v -0.0029428955167531967 0.0027304540853947397 -0.053996473550796495
v -0.0033486669417470694 0.0022091222926974292 -0.053996596485376344
v -0.0036630933173000813 0.0016280980780720709 -0.05399671941995619
v -0.0038776013534516096 0.0010032505961135028 -0.053996838629245744
v -0.004847001750022173 0.0012487340718507765 -0.05399677902460097
v -0.0029428955167531967 0.0027304540853947397 -0.053996473550796495
v -0.004185832571238279 0.002756058238446712 -0.053996473550796495
v -0.0036786210257560015 0.0034077307209372516 -0.05399632081389426
v -0.003986337222158909 -0.00030900526326149697 -0.05399711430072783
v -0.004982923157513142 0.0004342198662925511 -0.05399696156382559
v -0.003986337222158909 0.00035163928987458343 -0.05399696156382559
v -0.0030710636638104916 0.003967026248574256 -0.053996231406927095
v -0.0024568515364080667 0.0031778723932802673 -0.05399638414382933
v -0.0036786210257560015 0.0034077307209372516 -0.05399632081389426
v -0.0029428955167531967 0.0027304540853947397 -0.053996473550796495
v -0.0036786210257560015 0.0034077307209372516 -0.05399632081389426
v -0.0024568515364080667 0.0031778723932802673 -0.05399638414382933
v -0.002379737561568618 0.0044186864979565135 -0.053996108472347246
v -0.001903790864162147 0.0035392004065215583 -0.05399629101157187
v -0.0030710636638104916 0.003967026248574256 -0.053996231406927095
v -0.0024568515364080667 0.0031778723932802673 -0.05399638414382933
v -0.0030710636638104916 0.003967026248574256 -0.053996231406927095
v -0.001903790864162147 0.0035392004065215583 -0.05399629101157187
v -0.0012987989466637373 0.0038045812398195262 -0.05399626120924948
v -0.001903790864162147 0.0035392004065215583 -0.05399629101157187
v -0.002379737561568618 0.0044186864979565135 -0.053996108472347246
v -0.001623498392291367 0.004750412888824939 -0.05399604514241217
v -0.000658379984088242 0.003966751974076032 -0.053996231406927095
v -0.0012987989466637373 0.0038045812398195262 -0.05399626120924948
v -1.3426154632512066e-09 0.004021317232400178 -0.05399619787931441
v -0.000658379984088242 0.003966751974076032 -0.053996231406927095
v -0.0008229727391153574 0.004953110590577125 -0.053996015340089784
v -0.001623498392291367 0.004750412888824939 -0.05399604514241217
v -0.0008229727391153574 0.004953110590577125 -0.053996015340089784
v -0.000658379984088242 0.003966751974076032 -0.053996231406927095
v -1.3426154632512066e-09 0.005021317396312951 -0.053995985537767396
v -1.3426154632512066e-09 0.004021317232400178 -0.05399619787931441
v -0.0008229727391153574 0.004953110590577125 -0.053996015340089784
v -0.001623498392291367 0.004750412888824939 -0.05399604514241217
v -0.0012987989466637373 0.0038045812398195262 -0.05399626120924948
v -0.002379737561568618 0.0044186864979565135 -0.053996108472347246
v 0.004578867461532354 0.0020298010203987356 -0.05399662628769873
v 0.003877600422129035 0.0010032505961135028 -0.053996838629245744
v 0.0036630923859775066 0.0016280980780720709 -0.05399671941995619
v 0.0036786182317882776 0.0034077307209372516 -0.05399632081389426
v 0.004185831639915705 0.002756058238446712 -0.053996473550796495
v 0.003348665777593851 0.0022091222926974292 -0.053996596485376344
v 0.004578867461532354 0.0020298010203987356 -0.05399662628769873
v 0.0036630923859775066 0.0016280980780720709 -0.05399671941995619
v 0.003348665777593851 0.0022091222926974292 -0.053996596485376344
v 0.004982924088835716 -0.00039158583967946464 -0.05399714410305022
v 0.0039863381534814835 0.00035163928987458343 -0.05399696156382559
v 0.004982924088835716 0.0004342198662925511 -0.05399696156382559
v 0.004982924088835716 0.0004342198662925511 -0.05399696156382559
v 0.0039863381534814835 0.00035163928987458343 -0.05399696156382559
v 0.003877600422129035 0.0010032505961135028 -0.053996838629245744
v 0.003877600422129035 0.0010032505961135028 -0.053996838629245744
v 0.0048470026813447475 0.0012487340718507765 -0.05399677902460097
v 0.004982924088835716 0.0004342198662925511 -0.05399696156382559
v 0.0048470026813447475 0.0012487340718507765 -0.05399677902460097
v 0.003877600422129035 0.0010032505961135028 -0.053996838629245744
v 0.004578867461532354 0.0020298010203987356 -0.05399662628769873
v 0.004578867461532354 0.0020298010203987356 -0.05399662628769873
v 0.003348665777593851 0.0022091222926974292 -0.053996596485376344
v 0.004185831639915705 0.002756058238446712 -0.053996473550796495
v 0.0036786182317882776 0.0034077307209372516 -0.05399632081389426
v 0.003348665777593851 0.0022091222926974292 -0.053996596485376344
v 0.0029428964480757713 0.0027304540853947397 -0.053996473550796495
v 0.0016234958311542869 0.004750412888824939 -0.05399604514241217
v 0.001298796385526657 0.0038045812398195262 -0.05399626120924948
v 0.0006583772483281791 0.003966751974076032 -0.053996231406927095
v 0.0016234958311542869 0.004750412888824939 -0.05399604514241217
v 0.0006583772483281791 0.003966751974076032 -0.053996231406927095
v 0.0008229738450609148 0.004953110590577125 -0.053996015340089784
v 0.0008229738450609148 0.004953110590577125 -0.053996015340089784
v 0.0006583772483281791 0.003966751974076032 -0.053996231406927095
v -1.3426154632512066e-09 0.004021317232400178 -0.05399619787931441
v 0.0008229738450609148 0.004953110590577125 -0.053996015340089784
v -1.3426154632512066e-09 0.004021317232400178 -0.05399619787931441
v -1.3426154632512066e-09 0.005021317396312951 -0.053995985537767396
v 0.002379736630246043 0.0044186864979565135 -0.053996108472347246
v 0.001298796385526657 0.0038045812398195262 -0.05399626120924948
v 0.0016234958311542869 0.004750412888824939 -0.05399604514241217
v 0.002456850605085492 0.0031778723932802673 -0.05399638414382933
v 0.003071062732487917 0.003967026248574256 -0.053996231406927095
v 0.0029428964480757713 0.0027304540853947397 -0.053996473550796495
v 0.0036786182317882776 0.0034077307209372516 -0.05399632081389426
v 0.0029428964480757713 0.0027304540853947397 -0.053996473550796495
v 0.003071062732487917 0.003967026248574256 -0.053996231406927095
v 0.002456850605085492 0.0031778723932802673 -0.05399638414382933
v 0.002379736630246043 0.0044186864979565135 -0.053996108472347246
v 0.003071062732487917 0.003967026248574256 -0.053996231406927095
v 0.001298796385526657 0.0038045812398195262 -0.05399626120924948
v 0.002379736630246043 0.0044186864979565135 -0.053996108472347246
v 0.0019037883030250669 0.0035392004065215583 -0.05399629101157187
v 0.0019037883030250669 0.0035392004065215583 -0.05399629101157187
v 0.002379736630246043 0.0044186864979565135 -0.053996108472347246
v 0.002456850605085492 0.0031778723932802673 -0.05399638414382933
v -1.3426154632512066e-09 0.004022171720862388 -0.0579961985349655
v -1.3426154632512066e-09 0.004021317232400178 -0.05399619787931441
v 0.0006583772483281791 0.003966751974076032 -0.053996231406927095
v 0.001298796385526657 0.0038045812398195262 -0.05399626120924948
v 0.0019037883030250669 0.0035392004065215583 -0.05399629101157187
v 0.0019037883030250669 0.0035409093834459777 -0.061996292322874055
v 0.002456850605085492 0.0031778723932802673 -0.05399638414382933
v 0.002456850605085492 0.0031795813702046867 -0.06199638172984122
v 0.0019037883030250669 0.0035409093834459777 -0.061996292322874055
v 0.0006583772483281791 0.003966751974076032 -0.053996231406927095
v 0.001298796385526657 0.0038045812398195262 -0.05399626120924948
v 0.001298796385526657 0.0038062902167439456 -0.06199626252055167
v 0.003348665777593851 0.0022091222926974292 -0.053996596485376344
v 0.003348665777593851 0.00221080076880753 -0.06199659779667853
v 0.0029428964480757713 0.0027321325615048404 -0.06199647486209868
v 0.003877600422129035 0.0010032505961135028 -0.053996838629245744
v 0.003877600422129035 0.0010049595730379222 -0.06199683994054793
v 0.0036630923859775066 0.0016280980780720709 -0.05399671941995619
v 0.0039863381534814835 0.00035163928987458343 -0.05399696156382559
v 0.0039863381534814835 0.0003533177659846842 -0.06199696287512778
v 0.003877600422129035 0.0010032505961135028 -0.053996838629245744
v 0.0036630923859775066 0.0016280980780720709 -0.05399671941995619
v 0.0036630923859775066 0.0016297765541821716 -0.06199671700596808
v 0.003348665777593851 0.00221080076880753 -0.06199659779667853
v 0.0029428964480757713 0.0027304540853947397 -0.053996473550796495
v 0.0029428964480757713 0.0027321325615048404 -0.06199647486209868
v 0.002456850605085492 0.0031778723932802673 -0.05399638414382933
v 0.0006583772483281791 0.003968460951000451 -0.06199622899293898
v -1.3426154632512066e-09 0.004022995475679635 -0.061996199190616594
v -1.3426154632512066e-09 0.004022171720862388 -0.0579961985349655
v 0.0006583772483281791 0.003966751974076032 -0.053996231406927095
v 0.0006583772483281791 0.003968460951000451 -0.06199622899293898
v -1.3426154632512066e-09 0.004022171720862388 -0.0579961985349655
v 0.0039863381534814835 0.0003533177659846842 -0.06199696287512778
v 0.0039863381534814835 0.00035163928987458343 -0.05399696156382559
v 0.0039863381534814835 -0.00030900526326149697 -0.05399711430072783
v 0.003877600422129035 -0.0009606166277080773 -0.05399726703763007
v 0.003877600422129035 -0.0009589381515979766 -0.06199726834893225
v 0.0039863381534814835 -0.00030729628633707756 -0.061997115612030015
v 0.003348665777593851 -0.002166488207876682 -0.053997512906789766
v 0.003348665777593851 -0.0021647792309522624 -0.06199751049280165
v 0.0036630923859775066 -0.0015854641096666453 -0.05399738997220992
v 0.0029428964480757713 -0.0026878200005739923 -0.05399763211607932
v 0.0029428964480757713 -0.002686111023649573 -0.0619976334273815
v 0.003348665777593851 -0.0021647792309522624 -0.06199751049280165
v 0.0036630923859775066 -0.0015854641096666453 -0.05399738997220992
v 0.0036630923859775066 -0.0015837856335565446 -0.0619973912835121
v 0.003877600422129035 -0.0009606166277080773 -0.05399726703763007
v 0.002456850605085492 -0.00313523830845952 -0.05399772524833678
v 0.0019037921447306871 -0.0034965665545314546 -0.053997784852981554
v 0.0019037921447306871 -0.003494888078421354 -0.06199778616428374
v 0.0012988002272322774 -0.0037619473878294225 -0.05399784818291663
v 0.0006583810900337994 -0.003924117889255284 -0.053997877985239015
v 0.0006583810900337994 -0.00392243918031454 -0.0619978792965412
v 2.4720820945844935e-09 -0.003977828659117221 -0.05799787864089011
v 0.0006583810900337994 -0.003924117889255284 -0.053997877985239015
v 2.4720820945844935e-09 -0.003978683147579431 -0.053997877985239015
v 0.0019037921447306871 -0.0034965665545314546 -0.053997784852981554
v 0.0012988002272322774 -0.0037619473878294225 -0.05399784818291663
v 0.0019037921447306871 -0.003494888078421354 -0.06199778616428374
v 0.0029428964480757713 -0.0026878200005739923 -0.05399763211607932
v 0.002456850605085492 -0.00313523830845952 -0.05399772524833678
v 0.002456850605085492 -0.003133559832349419 -0.06199772655963896
v 2.4720820945844935e-09 -0.003977828659117221 -0.05799787864089011
v 2.4720820945844935e-09 -0.003977004904299974 -0.0619978792965412
v 0.0006583810900337994 -0.00392243918031454 -0.0619978792965412
v 0.0006583810900337994 -0.003924117889255284 -0.053997877985239015
v 2.4720820945844935e-09 -0.003977828659117221 -0.05799787864089011
v 0.0006583810900337994 -0.00392243918031454 -0.0619978792965412
v 2.4720820945844935e-09 -0.003977828659117221 -0.05799787864089011
v 2.4720820945844935e-09 -0.003978683147579431 -0.053997877985239015
v -0.0006583762005902827 -0.003924117889255284 -0.053997877985239015
v -0.001298797084018588 -0.0037619473878294225 -0.05399784818291663
v -0.0019037890015169978 -0.0034965665545314546 -0.053997784852981554
v -0.0019037890015169978 -0.003494888078421354 -0.06199778616428374
v -0.0024568496737629175 -0.00313523830845952 -0.05399772524833678
v -0.0024568496737629175 -0.003133559832349419 -0.06199772655963896
v -0.0019037890015169978 -0.003494888078421354 -0.06199778616428374
v -0.0006583762005902827 -0.003924117889255284 -0.053997877985239015
v -0.001298797084018588 -0.0037619473878294225 -0.05399784818291663
v -0.0006583762005902827 -0.00392243918031454 -0.0619978792965412
v -0.0033486648462712765 -0.002166488207876682 -0.053997512906789766
v -0.0033486648462712765 -0.0021647792309522624 -0.06199751049280165
v -0.0029428955167531967 -0.0026878200005739923 -0.05399763211607932
v -0.0038776013534516096 -0.0009606166277080773 -0.05399726703763007
v -0.0038776013534516096 -0.0009589381515979766 -0.06199726834893225
v -0.0036630933173000813 -0.0015837856335565446 -0.0619973912835121
v -0.003986337222158909 -0.00030900526326149697 -0.05399711430072783
v -0.003986337222158909 -0.0003073268162552267 -0.061997115612030015
v -0.0038776013534516096 -0.0009606166277080773 -0.05399726703763007
v -0.0036630933173000813 -0.0015854641096666453 -0.05399738997220992
v -0.0036630933173000813 -0.0015837856335565446 -0.0619973912835121
v -0.0033486648462712765 -0.0021647792309522624 -0.06199751049280165
v -0.0029428955167531967 -0.0026878200005739923 -0.05399763211607932
v -0.0029428955167531967 -0.002686111023649573 -0.0619976334273815
v -0.0024568496737629175 -0.003133559832349419 -0.06199772655963896
v -0.0006583762005902827 -0.00392243918031454 -0.0619978792965412
v 2.4720820945844935e-09 -0.003977004904299974 -0.0619978792965412
v 2.4720820945844935e-09 -0.003977828659117221 -0.05799787864089011
v -0.0006583762005902827 -0.003924117889255284 -0.053997877985239015
v -0.0006583762005902827 -0.00392243918031454 -0.0619978792965412
v 2.4720820945844935e-09 -0.003977828659117221 -0.05799787864089011
v -0.003986337222158909 -0.0003073268162552267 -0.061997115612030015
v -0.003986337222158909 -0.00030900526326149697 -0.05399711430072783
v -0.003986337222158909 0.0003533177659846842 -0.06199696287512778
v -0.0038776013534516096 0.0010032505961135028 -0.053996838629245744
v -0.0038776013534516096 0.0010049595730379222 -0.06199683994054793
v -0.003986337222158909 0.0003533177659846842 -0.06199696287512778
v -0.0036630933173000813 0.0016280980780720709 -0.05399671941995619
v -0.0033486669417470694 0.0022091222926974292 -0.053996596485376344
v -0.0033486669417470694 0.00221080076880753 -0.06199659779667853
v -0.0033486669417470694 0.0022091222926974292 -0.053996596485376344
v -0.0029428955167531967 0.0027304540853947397 -0.053996473550796495
v -0.0029428955167531967 0.0027321325615048404 -0.06199647486209868
v -0.0036630933173000813 0.0016280980780720709 -0.05399671941995619
v -0.0036630933173000813 0.0016297765541821716 -0.06199671700596808
v -0.0038776013534516096 0.0010049595730379222 -0.06199683994054793
v -0.001903790864162147 0.0035392004065215583 -0.05399629101157187
v -0.0019037890015169978 0.0035409093834459777 -0.061996292322874055
v -0.0024568515364080667 0.0031778723932802673 -0.05399638414382933
v -0.0012987989466637373 0.0038045812398195262 -0.05399626120924948
v -0.000658379984088242 0.003966751974076032 -0.053996231406927095
v -0.0012987989466637373 0.0038062902167439456 -0.06199626252055167
v -1.3426154632512066e-09 0.004022171720862388 -0.0579961985349655
v -0.000658379984088242 0.003966751974076032 -0.053996231406927095
v -1.3426154632512066e-09 0.004021317232400178 -0.05399619787931441
v -0.001903790864162147 0.0035392004065215583 -0.05399629101157187
v -0.0012987989466637373 0.0038045812398195262 -0.05399626120924948
v -0.0019037890015169978 0.0035409093834459777 -0.061996292322874055
v -0.0024568515364080667 0.0031778723932802673 -0.05399638414382933
v -0.0024568515364080667 0.0031795813702046867 -0.06199638172984122
v -0.0029428955167531967 0.0027321325615048404 -0.06199647486209868
v -1.3426154632512066e-09 0.004022171720862388 -0.0579961985349655
v -1.3426154632512066e-09 0.004022995475679635 -0.061996199190616594
v -0.000658379984088242 0.003968460951000451 -0.06199622899293898
v -0.000658379984088242 0.003966751974076032 -0.053996231406927095
v -1.3426154632512066e-09 0.004022171720862388 -0.0579961985349655
v -0.000658379984088242 0.003968460951000451 -0.06199622899293898
v -0.0019037890015169978 -0.003494888078421354 -0.06199778616428374
v 0.003348665777593851 -0.0021647792309522624 -0.06199751049280165
v -0.0006583762005902827 -0.00392243918031454 -0.0619978792965412
v -0.0019037890015169978 -0.003494888078421354 -0.06199778616428374
v -0.0006583762005902827 -0.00392243918031454 -0.0619978792965412
v -0.001298797084018588 -0.0037602689117193218 -0.06199784949421881
v -0.0029428955167531967 -0.002686111023649573 -0.0619976334273815
v -0.0019037890015169978 -0.003494888078421354 -0.06199778616428374
v -0.0024568496737629175 -0.003133559832349419 -0.06199772655963896
v -0.0036630933173000813 -0.0015837856335565446 -0.0619973912835121
v -0.0038776013534516096 -0.0009589381515979766 -0.06199726834893225
v -0.003986337222158909 -0.0003073268162552267 -0.061997115612030015
v -0.0019037890015169978 -0.003494888078421354 -0.06199778616428374
v 0.0036630923859775066 0.0016297765541821716 -0.06199671700596808
v 0.003348665777593851 -0.0021647792309522624 -0.06199751049280165
v -0.0036630933173000813 -0.0015837856335565446 -0.0619973912835121
v -0.0019037890015169978 -0.003494888078421354 -0.06199778616428374
v -0.0033486648462712765 -0.0021647792309522624 -0.06199751049280165
v -0.0033486648462712765 -0.0021647792309522624 -0.06199751049280165
v -0.0019037890015169978 -0.003494888078421354 -0.06199778616428374
v -0.0029428955167531967 -0.002686111023649573 -0.0619976334273815
v -0.0019037890015169978 -0.003494888078421354 -0.06199778616428374
v -0.0036630933173000813 -0.0015837856335565446 -0.0619973912835121
v 0.0019037883030250669 0.0035409093834459777 -0.061996292322874055
v 0.0006583810900337994 -0.00392243918031454 -0.0619978792965412
v 2.4720820945844935e-09 -0.003977004904299974 -0.0619978792965412
v -0.0006583762005902827 -0.00392243918031454 -0.0619978792965412
v 0.0012988002272322774 -0.0037602689117193218 -0.06199784949421881
v 0.0006583810900337994 -0.00392243918031454 -0.0619978792965412
v 0.0019037921447306871 -0.003494888078421354 -0.06199778616428374
v 0.003348665777593851 -0.0021647792309522624 -0.06199751049280165
v 0.002456850605085492 -0.003133559832349419 -0.06199772655963896
v 0.0019037921447306871 -0.003494888078421354 -0.06199778616428374
v 0.0006583810900337994 -0.00392243918031454 -0.0619978792965412
v -0.0006583762005902827 -0.00392243918031454 -0.0619978792965412
v 0.0019037921447306871 -0.003494888078421354 -0.06199778616428374
v 0.003348665777593851 -0.0021647792309522624 -0.06199751049280165
v 0.0029428964480757713 -0.002686111023649573 -0.0619976334273815
v 0.002456850605085492 -0.003133559832349419 -0.06199772655963896
v 0.003877600422129035 -0.0009589381515979766 -0.06199726834893225
v 0.0036630923859775066 -0.0015837856335565446 -0.0619973912835121
v 0.0039863381534814835 -0.00030729628633707756 -0.061997115612030015
v 0.0036630923859775066 -0.0015837856335565446 -0.0619973912835121
v 0.0039863381534814835 0.0003533177659846842 -0.06199696287512778
v 0.0039863381534814835 -0.00030729628633707756 -0.061997115612030015
v -0.0006583762005902827 -0.00392243918031454 -0.0619978792965412
v 0.003348665777593851 -0.0021647792309522624 -0.06199751049280165
v 0.0019037921447306871 -0.003494888078421354 -0.06199778616428374
v 0.0039863381534814835 0.0003533177659846842 -0.06199696287512778
v 0.0036630923859775066 -0.0015837856335565446 -0.0619973912835121
v 0.003348665777593851 -0.0021647792309522624 -0.06199751049280165
v -0.003986337222158909 -0.0003073268162552267 -0.061997115612030015
v -0.0033486669417470694 0.00221080076880753 -0.06199659779667853
v -0.0036630933173000813 -0.0015837856335565446 -0.0619973912835121
v -0.0036630933173000813 0.0016297765541821716 -0.06199671700596808
v -0.003986337222158909 0.0003533177659846842 -0.06199696287512778
v -0.0038776013534516096 0.0010049595730379222 -0.06199683994054793
v -0.0036630933173000813 0.0016297765541821716 -0.06199671700596808
v -0.0033486669417470694 0.00221080076880753 -0.06199659779667853
v -0.003986337222158909 -0.0003073268162552267 -0.061997115612030015
v -0.0033486669417470694 0.00221080076880753 -0.06199659779667853
v 0.0019037883030250669 0.0035409093834459777 -0.061996292322874055
v -0.0036630933173000813 -0.0015837856335565446 -0.0619973912835121
v -0.0033486669417470694 0.00221080076880753 -0.06199659779667853
v -0.0024568515364080667 0.0031795813702046867 -0.06199638172984122
v -0.0019037890015169978 0.0035409093834459777 -0.061996292322874055
v -0.000658379984088242 0.003968460951000451 -0.06199622899293898
v -0.0019037890015169978 0.0035409093834459777 -0.061996292322874055
v -0.0012987989466637373 0.0038062902167439456 -0.06199626252055167
v -0.0033486669417470694 0.00221080076880753 -0.06199659779667853
v -0.0019037890015169978 0.0035409093834459777 -0.061996292322874055
v 0.0006583772483281791 0.003968460951000451 -0.06199622899293898
v -0.0024568515364080667 0.0031795813702046867 -0.06199638172984122
v -0.0033486669417470694 0.00221080076880753 -0.06199659779667853
v -0.0029428955167531967 0.0027321325615048404 -0.06199647486209868
v -0.0019037890015169978 0.0035409093834459777 -0.061996292322874055
v -0.000658379984088242 0.003968460951000451 -0.06199622899293898
v 0.0006583772483281791 0.003968460951000451 -0.06199622899293898
v 0.003348665777593851 0.00221080076880753 -0.06199659779667853
v 0.0019037883030250669 0.0035409093834459777 -0.061996292322874055
v 0.0029428964480757713 0.0027321325615048404 -0.06199647486209868
v 0.003877600422129035 0.0010049595730379222 -0.06199683994054793
v 0.0039863381534814835 0.0003533177659846842 -0.06199696287512778
v 0.0036630923859775066 0.0016297765541821716 -0.06199671700596808
v 0.0019037883030250669 0.0035409093834459777 -0.061996292322874055
v 0.003348665777593851 0.00221080076880753 -0.06199659779667853
v 0.0036630923859775066 0.0016297765541821716 -0.06199671700596808
v 0.003348665777593851 -0.0021647792309522624 -0.06199751049280165
v 0.0036630923859775066 0.0016297765541821716 -0.06199671700596808
v 0.0039863381534814835 0.0003533177659846842 -0.06199696287512778
v 0.0019037883030250669 0.0035409093834459777 -0.061996292322874055
v 0.0036630923859775066 0.0016297765541821716 -0.06199671700596808
v -0.0019037890015169978 -0.003494888078421354 -0.06199778616428374
v 0.0029428964480757713 0.0027321325615048404 -0.06199647486209868
v 0.0019037883030250669 0.0035409093834459777 -0.061996292322874055
v 0.002456850605085492 0.0031795813702046867 -0.06199638172984122
v 0.001298796385526657 0.0038062902167439456 -0.06199626252055167
v 0.0019037883030250669 0.0035409093834459777 -0.061996292322874055
v 0.0006583772483281791 0.003968460951000451 -0.06199622899293898
v 0.0006583772483281791 0.003968460951000451 -0.06199622899293898
v 0.0019037883030250669 0.0035409093834459777 -0.061996292322874055
v -0.0033486669417470694 0.00221080076880753 -0.06199659779667853
v 0.0006583772483281791 0.003968460951000451 -0.06199622899293898
v -0.000658379984088242 0.003968460951000451 -0.06199622899293898
v -1.3426154632512066e-09 0.004022995475679635 -0.061996199190616594
v -0.0036630933173000813 0.0016297765541821716 -0.06199671700596808
v -0.003986337222158909 -0.0003073268162552267 -0.061997115612030015
v -0.003986337222158909 0.0003533177659846842 -0.06199696287512778
v 2.4720820945844935e-09 -0.010999374091625212 0.04400063306093215
v -1.3426154632512066e-09 0.01100062672048807 0.04400527104735374
v 0.0019999986980110407 0.01100062672048807 0.04400527104735374
v 0.006000002846121788 -0.010985336266458033 -0.02249936945736408
v 0.006000002846121788 -0.010982162319123743 -0.03749937191605567
v 0.002000002423301339 -0.010982162319123743 -0.03749937191605567
v 0.002000002423301339 -0.010985336266458033 -0.02249936945736408
v 0.002000002423301339 -0.010982162319123743 -0.03749937191605567
v 2.4720820945844935e-09 -0.010980788618326185 -0.04399937391281127
v 0.002000002423301339 -0.010980788618326185 -0.04399937391281127
v 2.4720820945844935e-09 -0.010980788618326185 -0.04399937391281127
v 0.002000002423301339 -0.010982162319123743 -0.03749937191605567
v 0.002000002423301339 -0.010985336266458033 -0.02249936945736408
v 2.4720820945844935e-09 -0.010980788618326185 -0.04399937391281127
v 2.4720820945844935e-09 -0.010999374091625212 0.04400063306093215
v 0.002000002423301339 -0.010994826443493365 0.022500632330775257
v 0.002000002423301339 -0.010998000390827654 0.03750063106417655
v 0.006000002846121788 -0.010998000390827654 0.03750063106417655
v 2.4720820945844935e-09 -0.010999374091625212 0.04400063306093215
v 0.002000002423301339 -0.010999374091625212 0.04400063306093215
v 0.002000002423301339 -0.010998000390827654 0.03750063106417655
v 0.002000002423301339 -0.010994826443493365 0.022500632330775257
v 2.4720820945844935e-09 -0.010999374091625212 0.04400063306093215
v 0.002000002423301339 -0.010998000390827654 0.03750063106417655
v 0.0019999986980110407 0.011014665476977823 -0.022494731470942494
v 0.002000002423301339 -0.010985336266458033 -0.02249936945736408
v 0.0019999986980110407 0.011005174368619917 0.022505270317196843
v 0.005999998655170202 1.4664175978396086e-05 -0.022497050464153286
v 0.006000002846121788 -0.010985336266458033 -0.02249936945736408
v 0.002000002423301339 -0.010985336266458033 -0.02249936945736408
v 0.0019999986980110407 0.011014665476977823 -0.022494731470942494
v 0.005999998655170202 0.011014665476977823 -0.022494731470942494
v 0.005999998655170202 1.4664175978396086e-05 -0.022497050464153286
v 0.002000002423301339 -0.010985336266458033 -0.02249936945736408
v 0.0019999986980110407 0.011014665476977823 -0.022494731470942494
v 0.005999998655170202 1.4664175978396086e-05 -0.022497050464153286
v 0.006000002846121788 -0.005285934079438447 -0.03530146554112434
v 0.006000002846121788 -0.010982162319123743 -0.03749937191605567
v 0.006000002846121788 -0.006050430238246917 -0.034406721591949456
v 0.006000002846121788 -0.006665572989732026 -0.03340339288115501
v 0.006000002846121788 -0.006050430238246917 -0.034406721591949456
v 0.006000002846121788 -0.010982162319123743 -0.03749937191605567
v 0.006000002846121788 -0.010982162319123743 -0.03749937191605567
v 0.006000002846121788 -0.007116195745766162 -0.032316174358129494
v 0.006000002846121788 -0.006665572989732026 -0.03340339288115501
v 0.006000002846121788 -0.010982162319123743 -0.03749937191605567
v 0.006000002846121788 -0.007391158957034349 -0.031171854585409157
v 0.006000002846121788 -0.007116195745766162 -0.032316174358129494
v 0.006000002846121788 -0.007391158957034349 -0.031171854585409157
v 0.006000002846121788 -0.010982162319123743 -0.03749937191605567
v 0.006000002846121788 -0.00748374918475747 -0.02999863773584365
v 0.006000002846121788 -0.010982162319123743 -0.03749937191605567
v 0.006000002846121788 -0.001155440811999142 -0.03740495070815086
v 0.005999998655170202 1.7838003259385e-05 -0.03749705478549003
v 0.006000002846121788 -0.010982162319123743 -0.03749937191605567
v 0.006000002846121788 -0.0022998806089162822 -0.037130445241928094
v 0.006000002846121788 -0.001155440811999142 -0.03740495070815086
v 0.006000002846121788 -0.010982162319123743 -0.03749937191605567
v 0.006000002846121788 -0.004390853457152843 -0.036065597087144845
v 0.006000002846121788 -0.003387252567335963 -0.036680310964584344
v 0.006000002846121788 -0.010982162319123743 -0.03749937191605567
v 0.006000002846121788 -0.005285934079438447 -0.03530146554112434
v 0.006000002846121788 -0.004390853457152843 -0.036065597087144845
v 0.006000002846121788 -0.003387252567335963 -0.036680310964584344
v 0.006000002846121788 -0.0022998806089162822 -0.037130445241928094
v 0.006000002846121788 -0.010982162319123743 -0.03749937191605567
v 0.006000002846121788 -0.010985336266458033 -0.02249936945736408
v 0.006000002846121788 -0.007391647435724734 -0.02882535941898822
v 0.006000002846121788 -0.00748374918475747 -0.02999863773584365
v 0.006000002846121788 -0.010985336266458033 -0.02249936945736408
v 0.006000002846121788 -0.007117172237485646 -0.027680918574333184
v 0.006000002846121788 -0.007391647435724734 -0.02882535941898822
v 0.006000002846121788 -0.006052291486412286 -0.025589946657419198
v 0.006000002846121788 -0.006667007226496934 -0.026593517512083047
v 0.006000002846121788 -0.010985336266458033 -0.02249936945736408
v 0.006000002846121788 -0.007117172237485646 -0.027680918574333184
v 0.006000002846121788 -0.010985336266458033 -0.02249936945736408
v 0.006000002846121788 -0.006667007226496934 -0.026593517512083047
v 0.006000002846121788 -0.005288161803036927 -0.024694865569472306
v 0.006000002846121788 -0.006052291486412286 -0.025589946657419198
v 0.006000002846121788 -0.010985336266458033 -0.02249936945736408
v 0.006000002846121788 -0.010985336266458033 -0.02249936945736408
v 0.006000002846121788 -0.00748374918475747 -0.02999863773584365
v 0.006000002846121788 -0.010982162319123743 -0.03749937191605567
v 0.006000002846121788 -0.010985336266458033 -0.02249936945736408
v 0.006000002846121788 -0.004393416922539472 -0.02393033914268016
v 0.006000002846121788 -0.005288161803036927 -0.024694865569472306
v 0.006000002846121788 -0.010985336266458033 -0.02249936945736408
v 0.006000002846121788 -0.00339009054005146 -0.02331522665917873
v 0.006000002846121788 -0.004393416922539472 -0.02393033914268016
v 0.006000002846121788 -0.010985336266458033 -0.02249936945736408
v 0.005999998655170202 -0.0011585536412894724 -0.022589640691876408
v 0.006000002846121788 -0.002302871318534016 -0.022864604368805882
v 0.006000002846121788 -0.010985336266458033 -0.02249936945736408
v 0.005999998655170202 1.4664175978396086e-05 -0.022497050464153286
v 0.005999998655170202 -0.0011585536412894724 -0.022589640691876408
v 0.006000002846121788 -0.002302871318534016 -0.022864604368805882
v 0.006000002846121788 -0.00339009054005146 -0.02331522665917873
v 0.006000002846121788 -0.010985336266458033 -0.02249936945736408
v 0.005999998655170202 1.7838003259385e-05 -0.03749705478549003
v 0.005999998655170202 0.011017839424312113 -0.03749473392963409
v 0.0019999986980110407 0.011017839424312113 -0.03749473392963409
v 0.002000002423301339 -0.010982162319123743 -0.03749937191605567
v 0.006000002846121788 -0.010982162319123743 -0.03749937191605567
v 0.005999998655170202 1.7838003259385e-05 -0.03749705478549003
v 0.0019999986980110407 0.011017839424312113 -0.03749473392963409
v 0.002000002423301339 -0.010982162319123743 -0.03749937191605567
v 0.005999998655170202 1.7838003259385e-05 -0.03749705478549003
v 0.0019999986980110407 0.011019212193787096 -0.04399473220109939
v 0.002000002423301339 -0.010980788618326185 -0.04399937391281127
v 0.0019999986980110407 0.011017839424312113 -0.03749473392963409
v -1.3426154632512066e-09 0.011019212193787096 -0.04399473220109939
v 2.4720820945844935e-09 -0.010980788618326185 -0.04399937391281127
v 0.0019999986980110407 0.011019212193787096 -0.04399473220109939
v 0.005999998655170202 0.011005174368619917 0.022505270317196843
v 0.005999998655170202 0.011002000421285628 0.03750526905059814
v 0.0019999986980110407 0.011002000421285628 0.03750526905059814
v 0.0019999986980110407 0.011005174368619917 0.022505270317196843
v 0.0019999986980110407 0.011002000421285628 0.03750526905059814
v -1.3426154632512066e-09 0.01100062672048807 0.04400527104735374
v 0.0019999986980110407 0.01100062672048807 0.04400527104735374
v -1.3426154632512066e-09 0.01100062672048807 0.04400527104735374
v 0.0019999986980110407 0.011002000421285628 0.03750526905059814
v 0.0019999986980110407 0.011005174368619917 0.022505270317196843
v -1.3426154632512066e-09 0.01100062672048807 0.04400527104735374
v 0.0019999986980110407 0.011014665476977823 -0.022494731470942494
v 0.0019999986980110407 0.011014665476977823 -0.022494731470942494
v 0.0019999986980110407 0.011017839424312113 -0.03749473392963409
v 0.005999998655170202 0.011017839424312113 -0.03749473392963409
v -1.3426154632512066e-09 0.011019212193787096 -0.04399473220109939
v 0.0019999986980110407 0.011019212193787096 -0.04399473220109939
v 0.0019999986980110407 0.011017839424312113 -0.03749473392963409
v 0.0019999986980110407 0.011014665476977823 -0.022494731470942494
v -1.3426154632512066e-09 0.011019212193787096 -0.04399473220109939
v 0.0019999986980110407 0.011017839424312113 -0.03749473392963409
v 0.0019999986980110407 0.011002000421285628 0.03750526905059814
v 0.002000002423301339 -0.010998000390827654 0.03750063106417655
v 0.0019999986980110407 0.01100062672048807 0.04400527104735374
v 0.005999998655170202 1.9993801743112267e-06 0.037502951920032494
v 0.006000002846121788 -0.010998000390827654 0.03750063106417655
v 0.002000002423301339 -0.010998000390827654 0.03750063106417655
v 0.0019999986980110407 0.011002000421285628 0.03750526905059814
v 0.005999998655170202 0.011002000421285628 0.03750526905059814
v 0.005999998655170202 1.9993801743112267e-06 0.037502951920032494
v 0.002000002423301339 -0.010998000390827654 0.03750063106417655
v 0.0019999986980110407 0.011002000421285628 0.03750526905059814
v 0.005999998655170202 1.9993801743112267e-06 0.037502951920032494
v 0.006000002846121788 -0.005298599135130643 0.02469853870570659
v 0.006000002846121788 -0.010994826443493365 0.022500632330775257
v 0.006000002846121788 -0.0060630948282778254 0.02559328451752662
v 0.006000002846121788 -0.006678237579762935 0.02659660950303077
v 0.006000002846121788 -0.0060630948282778254 0.02559328451752662
v 0.006000002846121788 -0.010994826443493365 0.022500632330775257
v 0.006000002846121788 -0.010994826443493365 0.022500632330775257
v 0.006000002846121788 -0.007128860335797071 0.027683829888701432
v 0.006000002846121788 -0.006678237579762935 0.02659660950303077
v 0.006000002846121788 -0.010994826443493365 0.022500632330775257
v 0.006000002846121788 -0.007403823547065257 0.02882814779877662
v 0.006000002846121788 -0.007128860335797071 0.027683829888701432
v 0.006000002846121788 -0.007403823547065257 0.02882814779877662
v 0.006000002846121788 -0.010994826443493365 0.022500632330775257
v 0.006000002846121788 -0.007496414240449666 0.030001364648342126
v 0.006000002846121788 -0.010994826443493365 0.022500632330775257
v 0.005999998655170202 -0.0011681056348606942 0.022595053538680073
v 0.005999998655170202 5.17320859216852e-06 0.02250295132398605
v 0.006000002846121788 -0.010994826443493365 0.022500632330775257
v 0.006000002846121788 -0.0023125454317778345 0.022869559004902836
v 0.005999998655170202 -0.0011681056348606942 0.022595053538680073
v 0.006000002846121788 -0.010994826443493365 0.022500632330775257
v 0.006000002846121788 -0.0044035185128450385 0.02393440902233123
v 0.006000002846121788 -0.003399917390197515 0.023319693282246586
v 0.006000002846121788 -0.010994826443493365 0.022500632330775257
v 0.006000002846121788 -0.005298599135130643 0.02469853870570659
v 0.006000002846121788 -0.0044035185128450385 0.02393440902233123
v 0.006000002846121788 -0.003399917390197515 0.023319693282246586
v 0.006000002846121788 -0.0023125454317778345 0.022869559004902836
v 0.006000002846121788 -0.010994826443493365 0.022500632330775257
v 0.006000002846121788 -0.010998000390827654 0.03750063106417655
v 0.006000002846121788 -0.007404312025755643 0.031174644827842705
v 0.006000002846121788 -0.007496414240449666 0.030001364648342126
v 0.006000002846121788 -0.010998000390827654 0.03750063106417655
v 0.006000002846121788 -0.007129836827516555 0.032319080084562295
v 0.006000002846121788 -0.007404312025755643 0.031174644827842705
v 0.006000002846121788 -0.006064956542104482 0.03441005572676658
v 0.006000002846121788 -0.00667967228218913 0.03340648487210273
v 0.006000002846121788 -0.010998000390827654 0.03750063106417655
v 0.006000002846121788 -0.007129836827516555 0.032319080084562295
v 0.006000002846121788 -0.010998000390827654 0.03750063106417655
v 0.006000002846121788 -0.00667967228218913 0.03340648487210273
v 0.006000002846121788 -0.005300826858729123 0.03530513495206832
v 0.006000002846121788 -0.006064956542104482 0.03441005572676658
v 0.006000002846121788 -0.010998000390827654 0.03750063106417655
v 0.006000002846121788 -0.010998000390827654 0.03750063106417655
v 0.006000002846121788 -0.007496414240449666 0.030001364648342126
v 0.006000002846121788 -0.010994826443493365 0.022500632330775257
v 0.006000002846121788 -0.010998000390827654 0.03750063106417655
v 0.006000002846121788 -0.004406081978231668 0.03606966137886047
v 0.006000002846121788 -0.005300826858729123 0.03530513495206832
v 0.006000002846121788 -0.010998000390827654 0.03750063106417655
v 0.006000002846121788 -0.003402755362913012 0.0366847738623619
v 0.006000002846121788 -0.004406081978231668 0.03606966137886047
v 0.006000002846121788 -0.010998000390827654 0.03750063106417655
v 0.005999998655170202 -0.0011712184641510246 0.03741035982966422
v 0.005999998655170202 -0.0023155361413955684 0.03713539615273475
v 0.006000002846121788 -0.010998000390827654 0.03750063106417655
v 0.005999998655170202 1.9993801743112267e-06 0.037502951920032494
v 0.005999998655170202 -0.0011712184641510246 0.03741035982966422
v 0.005999998655170202 -0.0023155361413955684 0.03713539615273475
v 0.006000002846121788 -0.003402755362913012 0.0366847738623619
v 0.006000002846121788 -0.010998000390827654 0.03750063106417655
v 0.005999998655170202 5.17320859216852e-06 0.02250295132398605
v 0.005999998655170202 0.011005174368619917 0.022505270317196843
v 0.0019999986980110407 0.011005174368619917 0.022505270317196843
v 0.002000002423301339 -0.010994826443493365 0.022500632330775257
v 0.006000002846121788 -0.010994826443493365 0.022500632330775257
v 0.005999998655170202 5.17320859216852e-06 0.02250295132398605
v 0.0019999986980110407 0.011005174368619917 0.022505270317196843
v 0.002000002423301339 -0.010994826443493365 0.022500632330775257
v 0.005999998655170202 5.17320859216852e-06 0.02250295132398605
v 0.005999998655170202 0.011005174368619917 0.022505270317196843
v 0.005999998655170202 5.17320859216852e-06 0.02250295132398605
v 0.005999998655170202 0.0011784215457737444 0.02259554155170917
v 0.005999998655170202 0.011005174368619917 0.022505270317196843
v 0.005999998655170202 0.003409927943721413 0.023321127519011494
v 0.005999998655170202 0.004413254559040069 0.023936271667480462
v 0.005999998655170202 0.011005174368619917 0.022505270317196843
v 0.005999998655170202 0.0023227087222039695 0.022870536893606182
v 0.005999998655170202 0.003409927943721413 0.023321127519011494
v 0.005999998655170202 0.011005174368619917 0.022505270317196843
v 0.005999998655170202 0.0011784215457737444 0.02259554155170917
v 0.005999998655170202 0.0023227087222039695 0.022870536893606182
v 0.005999998655170202 0.006072159390896558 0.02559584751725196
v 0.005999998655170202 0.011005174368619917 0.022505270317196843
v 0.005999998655170202 0.005307999439537524 0.02470076642930507
v 0.005999998655170202 0.004413254559040069 0.023936271667480462
v 0.005999998655170202 0.005307999439537524 0.02470076642930507
v 0.005999998655170202 0.011005174368619917 0.022505270317196843
v 0.005999998655170202 0.006686844862997531 0.026599448174238198
v 0.005999998655170202 0.011005174368619917 0.022505270317196843
v 0.005999998655170202 0.006072159390896558 0.02559584751725196
v 0.005999998655170202 0.011005174368619917 0.022505270317196843
v 0.005999998655170202 0.007137009408324956 0.027686821296811097
v 0.005999998655170202 0.007411515340209006 0.028831260278820985
v 0.005999998655170202 0.011005174368619917 0.022505270317196843
v 0.005999998655170202 0.006686844862997531 0.026599448174238198
v 0.005999998655170202 0.007137009408324956 0.027686821296811097
v 0.005999998655170202 0.007503586821258067 0.030004538595676415
v 0.005999998655170202 0.011005174368619917 0.022505270317196843
v 0.005999998655170202 0.007411515340209006 0.028831260278820985
v 0.005999998655170202 0.011002000421285628 0.03750526905059814
v 0.005999998655170202 0.00441069109365344 0.0360715240240097
v 0.005999998655170202 0.003407120471820235 0.03668620809912681
v 0.005999998655170202 0.011002000421285628 0.03750526905059814
v 0.005999998655170202 0.005305771715939044 0.0353073626756668
v 0.005999998655170202 0.00441069109365344 0.0360715240240097
v 0.005999998655170202 0.011002000421285628 0.03750526905059814
v 0.005999998655170202 0.0011752782156690953 0.03741087764501571
v 0.005999998655170202 1.9993801743112267e-06 0.037502951920032494
v 0.005999998655170202 0.011002000421285628 0.03750526905059814
v 0.005999998655170202 0.0023197180125862356 0.03713637217879295
v 0.005999998655170202 0.0011752782156690953 0.03741087764501571
v 0.005999998655170202 0.011002000421285628 0.03750526905059814
v 0.005999998655170202 0.003407120471820235 0.03668620809912681
v 0.005999998655170202 0.0023197180125862356 0.03713637217879295
v 0.005999998655170202 0.011002000421285628 0.03750526905059814
v 0.005999998655170202 0.007410996127873658 0.031177787110209458
v 0.005999998655170202 0.007136032916605472 0.03232207149267196
v 0.005999998655170202 0.011002000421285628 0.03750526905059814
v 0.005999998655170202 0.007503586821258067 0.030004538595676415
v 0.005999998655170202 0.007410996127873658 0.031177787110209458
v 0.005999998655170202 0.011002000421285628 0.03750526905059814
v 0.005999998655170202 0.006685410160571336 0.03340929374098777
v 0.005999998655170202 0.006070298142731189 0.03441261872649192
v 0.005999998655170202 0.005305771715939044 0.0353073626756668
v 0.005999998655170202 0.011002000421285628 0.03750526905059814
v 0.005999998655170202 0.006070298142731189 0.03441261872649192
v 0.005999998655170202 0.007136032916605472 0.03232207149267196
v 0.005999998655170202 0.006685410160571336 0.03340929374098777
v 0.005999998655170202 0.011002000421285628 0.03750526905059814
v 0.005999998655170202 0.011005174368619917 0.022505270317196843
v 0.005999998655170202 0.007503586821258067 0.030004538595676415
v 0.005999998655170202 0.011002000421285628 0.03750526905059814
v 0.013009333983063698 -0.0051703029312193385 0.035432577133178704
v 0.012775142677128315 -0.005724197253584861 0.03484471514821052
v 0.006000002846121788 -0.005300826858729123 0.03530513495206832
v 0.012775142677128315 -0.005724197253584861 0.03484471514821052
v 0.01254633255302906 -0.006209335289895534 0.03420406207442283
v 0.006000002846121788 -0.006064956542104482 0.03441005572676658
v 0.012336185202002525 -0.006616714410483836 0.03352739661931991
v 0.012155089527368546 -0.006943496409803628 0.03282924368977546
v 0.006000002846121788 -0.00667967228218913 0.03340648487210273
v 0.006000002846121788 -0.007129836827516555 0.032319080084562295
v 0.012155089527368546 -0.006943496409803628 0.03282924368977546
v 0.012010387144982815 -0.007190658245235681 0.03212260827422141
v 0.006000002846121788 -0.00667967228218913 0.03340648487210273
v 0.01254633255302906 -0.006209335289895534 0.03420406207442283
v 0.012336185202002525 -0.006616714410483836 0.03352739661931991
v 0.013957534916698933 -0.001087600248865783 0.03742314875125884
v 0.01388238463550806 -0.0018088527722284196 0.03728066012263297
v 0.005999998655170202 -0.0011712184641510246 0.03741035982966422
v 0.005999998655170202 -0.0023155361413955684 0.03713539615273475
v 0.01388238463550806 -0.0018088527722284196 0.03728066012263297
v 0.013770293444395065 -0.0025235745124518867 0.03706435114145278
v 0.006000002846121788 -0.003402755362913012 0.0366847738623619
v 0.01362292468547821 -0.003225234569981694 0.03677235916256904
v 0.01344292052090168 -0.003907729871571063 0.036402303725481026
v 0.006000002846121788 -0.003402755362913012 0.0366847738623619
v 0.013770293444395065 -0.0025235745124518867 0.03706435114145278
v 0.01362292468547821 -0.003225234569981694 0.03677235916256904
v 0.006000002846121788 -0.004406081978231668 0.03606966137886047
v 0.01344292052090168 -0.003907729871571063 0.036402303725481026
v 0.013235717080533504 -0.0045601041056215754 0.03595463931560516
v 0.013009333983063698 -0.0051703029312193385 0.035432577133178704
v 0.006000002846121788 -0.004406081978231668 0.03606966137886047
v 0.013235717080533504 -0.0045601041056215754 0.03595463931560516
v 0.013995285145938396 -0.0003614039451349526 0.03749407082796096
v 0.013957534916698933 -0.001087600248865783 0.03742314875125884
v 0.005999998655170202 -0.0011712184641510246 0.03741035982966422
v 0.006000002846121788 -0.007404312025755643 0.031174644827842705
v 0.011905604973435402 -0.0073626250959932795 0.031413260847330086
v 0.011842544190585613 -0.007463424466550349 0.030705496668815606
v 0.006000002846121788 -0.007496414240449666 0.030001364648342126
v 0.011842544190585613 -0.007463424466550349 0.030705496668815606
v 0.011821594089269638 -0.007496414240449666 0.030001364648342126
v 0.011842544190585613 -0.007463424466550349 0.030705496668815606
v 0.006000002846121788 -0.007496414240449666 0.030001364648342126
v 0.006000002846121788 -0.007404312025755643 0.031174644827842705
v 0.011905604973435402 -0.0073626250959932795 0.031413260847330086
v 0.006000002846121788 -0.007404312025755643 0.031174644827842705
v 0.006000002846121788 -0.007129836827516555 0.032319080084562295
v 0.011905604973435402 -0.0073626250959932795 0.031413260847330086
v 0.006000002846121788 -0.007129836827516555 0.032319080084562295
v 0.012010387144982815 -0.007190658245235681 0.03212260827422141
v 0.006000002846121788 -0.00667967228218913 0.03340648487210273
v 0.012155089527368546 -0.006943496409803628 0.03282924368977546
v 0.006000002846121788 -0.007129836827516555 0.032319080084562295
v 0.006000002846121788 -0.006064956542104482 0.03441005572676658
v 0.01254633255302906 -0.006209335289895534 0.03420406207442283
v 0.006000002846121788 -0.00667967228218913 0.03340648487210273
v 0.006000002846121788 -0.004406081978231668 0.03606966137886047
v 0.013009333983063698 -0.0051703029312193385 0.035432577133178704
v 0.006000002846121788 -0.005300826858729123 0.03530513495206832
v 0.005999998655170202 -0.0023155361413955684 0.03713539615273475
v 0.013770293444395065 -0.0025235745124518867 0.03706435114145278
v 0.006000002846121788 -0.003402755362913012 0.0366847738623619
v 0.006000002846121788 -0.004406081978231668 0.03606966137886047
v 0.006000002846121788 -0.003402755362913012 0.0366847738623619
v 0.01344292052090168 -0.003907729871571063 0.036402303725481026
v 0.006000002846121788 -0.006064956542104482 0.03441005572676658
v 0.006000002846121788 -0.005300826858729123 0.03530513495206832
v 0.012775142677128315 -0.005724197253584861 0.03484471514821052
v 0.005999998655170202 -0.0023155361413955684 0.03713539615273475
v 0.005999998655170202 -0.0011712184641510246 0.03741035982966422
v 0.01388238463550806 -0.0018088527722284196 0.03728066012263297
v 0.005999998655170202 -0.0011712184641510246 0.03741035982966422
v 0.005999998655170202 1.9993801743112267e-06 0.037502951920032494
v 0.013995285145938396 -0.0003614039451349526 0.03749407082796096
v 0.013957549817860126 0.001091446494683623 0.03742363676428794
v 0.013995292596518993 0.00036500598071143026 0.037494253367185586
v 0.005999998655170202 0.0011752782156690953 0.03741087764501571
v 0.013957549817860126 0.001091446494683623 0.03742363676428794
v 0.005999998655170202 0.0011752782156690953 0.03741087764501571
v 0.01388238463550806 0.0018129736417904494 0.03728142380714416
v 0.013622806407511234 0.0032300269231200214 0.03677348792552947
v 0.013770225457847118 0.00252815312705934 0.03706529736518859
v 0.005999998655170202 0.003407120471820235 0.03668620809912681
v 0.005999998655170202 0.0023197180125862356 0.03713637217879295
v 0.013770225457847118 0.00252815312705934 0.03706529736518859
v 0.01388238463550806 0.0018129736417904494 0.03728142380714416
v 0.013622806407511234 0.0032300269231200214 0.03677348792552947
v 0.005999998655170202 0.003407120471820235 0.03668620809912681
v 0.013442710973322392 0.003912949468940496 0.036403492093086236
v 0.013009128160774708 0.005175705533474683 0.0354342870414257
v 0.01323559507727623 0.004565109964460134 0.03595631942152976
v 0.005999998655170202 0.00441069109365344 0.0360715240240097
v 0.005999998655170202 0.00441069109365344 0.0360715240240097
v 0.01323559507727623 0.004565109964460134 0.03595631942152976
v 0.013442710973322392 0.003912949468940496 0.036403492093086236
v 0.012546088546514511 0.006215256638824939 0.034205984324216836
v 0.01277508120983839 0.005729447118937968 0.034846976399421685
v 0.005999998655170202 0.006070298142731189 0.03441261872649192
v 0.005999998655170202 0.007136032916605472 0.03232207149267196
v 0.012010245583951473 0.007197159808129071 0.03212486952543258
v 0.012154849246144295 0.006949906237423419 0.032831165939569466
v 0.012335967272520065 0.006622818764299153 0.03352940827608108
v 0.012546088546514511 0.006215256638824939 0.034205984324216836
v 0.005999998655170202 0.006685410160571336 0.03340929374098777
v 0.01277508120983839 0.005729447118937968 0.034846976399421685
v 0.013009128160774708 0.005175705533474683 0.0354342870414257
v 0.005999998655170202 0.005305771715939044 0.0353073626756668
v 0.012154849246144295 0.006949906237423419 0.032831165939569466
v 0.012335967272520065 0.006622818764299153 0.03352940827608108
v 0.005999998655170202 0.006685410160571336 0.03340929374098777
v 0.005999998655170202 0.0011752782156690953 0.03741087764501571
v 0.013995292596518993 0.00036500598071143026 0.037494253367185586
v 0.005999998655170202 1.9993801743112267e-06 0.037502951920032494
v 0.005999998655170202 0.0023197180125862356 0.03713637217879295
v 0.01388238463550806 0.0018129736417904494 0.03728142380714416
v 0.005999998655170202 0.0011752782156690953 0.03741087764501571
v 0.005999998655170202 0.00441069109365344 0.0360715240240097
v 0.013442710973322392 0.003912949468940496 0.036403492093086236
v 0.005999998655170202 0.003407120471820235 0.03668620809912681
v 0.005999998655170202 0.006070298142731189 0.03441261872649192
v 0.01277508120983839 0.005729447118937968 0.034846976399421685
v 0.005999998655170202 0.005305771715939044 0.0353073626756668
v 0.005999998655170202 0.00441069109365344 0.0360715240240097
v 0.005999998655170202 0.005305771715939044 0.0353073626756668
v 0.013009128160774708 0.005175705533474683 0.0354342870414257
v 0.005999998655170202 0.0023197180125862356 0.03713637217879295
v 0.005999998655170202 0.003407120471820235 0.03668620809912681
v 0.013770225457847118 0.00252815312705934 0.03706529736518859
v 0.005999998655170202 0.007503586821258067 0.030004538595676415
v 0.01182159036397934 0.007503586821258067 0.030004538595676415
v 0.011842544190585613 0.007470322307199239 0.030708702281117432
v 0.005999998655170202 0.007410996127873658 0.031177787110209458
v 0.011842544190585613 0.007470322307199239 0.030708702281117432
v 0.011905559338629246 0.00736927893012762 0.03141600638628005
v 0.005999998655170202 0.007136032916605472 0.03232207149267196
v 0.012154849246144295 0.006949906237423419 0.032831165939569466
v 0.005999998655170202 0.006685410160571336 0.03340929374098777
v 0.011842544190585613 0.007470322307199239 0.030708702281117432
v 0.005999998655170202 0.007410996127873658 0.031177787110209458
v 0.005999998655170202 0.007503586821258067 0.030004538595676415
v 0.005999998655170202 0.007410996127873658 0.031177787110209458
v 0.011905559338629246 0.00736927893012762 0.03141600638628005
v 0.005999998655170202 0.007136032916605472 0.03232207149267196
v 0.012546088546514511 0.006215256638824939 0.034205984324216836
v 0.005999998655170202 0.006070298142731189 0.03441261872649192
v 0.005999998655170202 0.006685410160571336 0.03340929374098777
v 0.012010245583951473 0.007197159808129071 0.03212486952543258
v 0.005999998655170202 0.007136032916605472 0.03232207149267196
v 0.011905559338629246 0.00736927893012762 0.03141600638628005
v 0.013995285145938396 -0.0003614039451349526 0.03749407082796096
v 0.005999998655170202 1.9993801743112267e-06 0.037502951920032494
v 0.013995292596518993 0.00036500598071143026 0.037494253367185586
v 0.0130093302577734 0.00517747551202774 0.024573326110839837
v 0.012775142677128315 0.005731369834393262 0.02516121603548526
v 0.005999998655170202 0.005307999439537524 0.02470076642930507
v 0.012775142677128315 0.005731369834393262 0.02516121603548526
v 0.012546328827738762 0.00621653813868761 0.02580184116959571
v 0.005999998655170202 0.006072159390896558 0.02559584751725196
v 0.012336185202002525 0.006623886991292237 0.02647853828966617
v 0.012155085802078247 0.0069506997242569915 0.02717665769159793
v 0.005999998655170202 0.006686844862997531 0.026599448174238198
v 0.005999998655170202 0.007137009408324956 0.027686821296811097
v 0.012155085802078247 0.0069506997242569915 0.02717665769159793
v 0.012010383419692516 0.007197830826044082 0.027883322909474366
v 0.005999998655170202 0.006686844862997531 0.026599448174238198
v 0.012546328827738762 0.00621653813868761 0.02580184116959571
v 0.012336185202002525 0.006623886991292237 0.02647853828966617
v 0.013957534916698933 0.001094772829674184 0.0225827544927597
v 0.01388238463550806 0.0018160253530368207 0.02272524125874042
v 0.005999998655170202 0.0011784215457737444 0.02259554155170917
v 0.005999998655170202 0.0023227087222039695 0.022870536893606182
v 0.01388238463550806 0.0018160253530368207 0.02272524125874042
v 0.013770293444395065 0.002530747093260288 0.022941550239920613
v 0.005999998655170202 0.003409927943721413 0.023321127519011494
v 0.013622920960187912 0.003232407150790095 0.023233573883771893
v 0.01344292052090168 0.003914932720363139 0.023603629320859902
v 0.005999998655170202 0.003409927943721413 0.023321127519011494
v 0.013770293444395065 0.002530747093260288 0.022941550239920613
v 0.013622920960187912 0.003232407150790095 0.023233573883771893
v 0.005999998655170202 0.004413254559040069 0.023936271667480462
v 0.01344292052090168 0.003914932720363139 0.023603629320859902
v 0.013235717080533504 0.0045672766864299765 0.024051262065768235
v 0.0130093302577734 0.00517747551202774 0.024573326110839837
v 0.005999998655170202 0.004413254559040069 0.023936271667480462
v 0.013235717080533504 0.0045672766864299765 0.024051262065768235
v 0.013995285145938396 0.0003685765550471842 0.022511832416057583
v 0.013957534916698933 0.001094772829674184 0.0225827544927597
v 0.005999998655170202 0.0011784215457737444 0.02259554155170917
v 0.005999998655170202 0.007411515340209006 0.028831260278820985
v 0.011905601248145103 0.007369797676801681 0.028592642396688454
v 0.011842540465295315 0.007470627781003713 0.029300438240170472
v 0.005999998655170202 0.007503586821258067 0.030004538595676415
v 0.011842540465295315 0.007470627781003713 0.029300438240170472
v 0.01182159036397934 0.007503586821258067 0.030004538595676415
v 0.011842540465295315 0.007470627781003713 0.029300438240170472
v 0.005999998655170202 0.007503586821258067 0.030004538595676415
v 0.005999998655170202 0.007411515340209006 0.028831260278820985
v 0.011905601248145103 0.007369797676801681 0.028592642396688454
v 0.005999998655170202 0.007411515340209006 0.028831260278820985
v 0.005999998655170202 0.007137009408324956 0.027686821296811097
v 0.011905601248145103 0.007369797676801681 0.028592642396688454
v 0.005999998655170202 0.007137009408324956 0.027686821296811097
v 0.012010383419692516 0.007197830826044082 0.027883322909474366
v 0.005999998655170202 0.006686844862997531 0.026599448174238198
v 0.012155085802078247 0.0069506997242569915 0.02717665769159793
v 0.005999998655170202 0.007137009408324956 0.027686821296811097
v 0.005999998655170202 0.006072159390896558 0.02559584751725196
v 0.012546328827738762 0.00621653813868761 0.02580184116959571
v 0.005999998655170202 0.006686844862997531 0.026599448174238198
v 0.005999998655170202 0.004413254559040069 0.023936271667480462
v 0.0130093302577734 0.00517747551202774 0.024573326110839837
v 0.005999998655170202 0.005307999439537524 0.02470076642930507
v 0.005999998655170202 0.0023227087222039695 0.022870536893606182
v 0.013770293444395065 0.002530747093260288 0.022941550239920613
v 0.005999998655170202 0.003409927943721413 0.023321127519011494
v 0.005999998655170202 0.004413254559040069 0.023936271667480462
v 0.005999998655170202 0.003409927943721413 0.023321127519011494
v 0.01344292052090168 0.003914932720363139 0.023603629320859902
v 0.005999998655170202 0.006072159390896558 0.02559584751725196
v 0.005999998655170202 0.005307999439537524 0.02470076642930507
v 0.012775142677128315 0.005731369834393262 0.02516121603548526
v 0.005999998655170202 0.0023227087222039695 0.022870536893606182
v 0.005999998655170202 0.0011784215457737444 0.02259554155170917
v 0.01388238463550806 0.0018160253530368207 0.02272524125874042
v 0.005999998655170202 0.0011784215457737444 0.02259554155170917
v 0.005999998655170202 5.17320859216852e-06 0.02250295132398605
v 0.013995285145938396 0.0003685765550471842 0.022511832416057583
v 0.013957549817860126 -0.0010842432966455815 0.022582266479730603
v 0.013995296321809292 -0.00035783339990302915 0.022511679679155346
v 0.005999998655170202 -0.0011681056348606942 0.022595053538680073
v 0.013957549817860126 -0.0010842432966455815 0.022582266479730603
v 0.005999998655170202 -0.0011681056348606942 0.022595053538680073
v 0.013882388360798359 -0.0018057704437524078 0.022724479436874386
v 0.013622810132801533 -0.0032228543423116203 0.023232413455843922
v 0.013770225457847118 -0.002520980546250939 0.022940604016184803
v 0.006000002846121788 -0.003399917390197515 0.023319693282246586
v 0.006000002846121788 -0.0023125454317778345 0.022869559004902836
v 0.013770225457847118 -0.002520980546250939 0.022940604016184803
v 0.013882388360798359 -0.0018057704437524078 0.022724479436874386
v 0.013622810132801533 -0.0032228543423116203 0.023232413455843922
v 0.006000002846121788 -0.003399917390197515 0.023319693282246586
v 0.013442710973322392 -0.0039057461544871326 0.023602409288287156
v 0.013009128160774708 -0.005168532952666282 0.02457164600491523
v 0.013235598802566528 -0.0045579373836517325 0.02404958195984363
v 0.006000002846121788 -0.0044035185128450385 0.02393440902233123
v 0.006000002846121788 -0.0044035185128450385 0.02393440902233123
v 0.013235598802566528 -0.0045579373836517325 0.02404958195984363
v 0.013442710973322392 -0.0039057461544871326 0.023602409288287156
v 0.01254609227180481 -0.0062080533243715754 0.025799948722124093
v 0.012775084935128689 -0.005722274538129567 0.025158958509564393
v 0.006000002846121788 -0.0060630948282778254 0.02559328451752662
v 0.006000002846121788 -0.007128860335797071 0.027683829888701432
v 0.012010249309241772 -0.00718998722732067 0.02788103371858596
v 0.012154853902757168 -0.006942733656615018 0.027174765244126313
v 0.012335971929132938 -0.00661561544984579 0.026476493105292313
v 0.01254609227180481 -0.0062080533243715754 0.025799948722124093
v 0.006000002846121788 -0.006678237579762935 0.02659660950303077
v 0.012775084935128689 -0.005722274538129567 0.025158958509564393
v 0.013009128160774708 -0.005168532952666282 0.02457164600491523
v 0.006000002846121788 -0.005298599135130643 0.02469853870570659
v 0.012154853902757168 -0.006942733656615018 0.027174765244126313
v 0.012335971929132938 -0.00661561544984579 0.026476493105292313
v 0.006000002846121788 -0.006678237579762935 0.02659660950303077
v 0.005999998655170202 -0.0011681056348606942 0.022595053538680073
v 0.013995296321809292 -0.00035783339990302915 0.022511679679155346
v 0.005999998655170202 5.17320859216852e-06 0.02250295132398605
v 0.006000002846121788 -0.0023125454317778345 0.022869559004902836
v 0.013882388360798359 -0.0018057704437524078 0.022724479436874386
v 0.005999998655170202 -0.0011681056348606942 0.022595053538680073
v 0.006000002846121788 -0.0044035185128450385 0.02393440902233123
v 0.013442710973322392 -0.0039057461544871326 0.023602409288287156
v 0.006000002846121788 -0.003399917390197515 0.023319693282246586
v 0.006000002846121788 -0.0060630948282778254 0.02559328451752662
v 0.012775084935128689 -0.005722274538129567 0.025158958509564393
v 0.006000002846121788 -0.005298599135130643 0.02469853870570659
v 0.006000002846121788 -0.0044035185128450385 0.02393440902233123
v 0.006000002846121788 -0.005298599135130643 0.02469853870570659
v 0.013009128160774708 -0.005168532952666282 0.02457164600491523
v 0.006000002846121788 -0.0023125454317778345 0.022869559004902836
v 0.006000002846121788 -0.003399917390197515 0.023319693282246586
v 0.013770225457847118 -0.002520980546250939 0.022940604016184803
v 0.006000002846121788 -0.007496414240449666 0.030001364648342126
v 0.011821594089269638 -0.007496414240449666 0.030001364648342126
v 0.011842547915875912 -0.007463119458407163 0.029297202825546258
v 0.006000002846121788 -0.007403823547065257 0.02882814779877662
v 0.011842547915875912 -0.007463119458407163 0.029297202825546258
v 0.011905563063919544 -0.007362106349319219 0.028589896857738488
v 0.006000002846121788 -0.007128860335797071 0.027683829888701432
v 0.012154853902757168 -0.006942733656615018 0.027174765244126313
v 0.006000002846121788 -0.006678237579762935 0.02659660950303077
v 0.011842547915875912 -0.007463119458407163 0.029297202825546258
v 0.006000002846121788 -0.007403823547065257 0.02882814779877662
v 0.006000002846121788 -0.007496414240449666 0.030001364648342126
v 0.006000002846121788 -0.007403823547065257 0.02882814779877662
v 0.011905563063919544 -0.007362106349319219 0.028589896857738488
v 0.006000002846121788 -0.007128860335797071 0.027683829888701432
v 0.01254609227180481 -0.0062080533243715754 0.025799948722124093
v 0.006000002846121788 -0.0060630948282778254 0.02559328451752662
v 0.006000002846121788 -0.006678237579762935 0.02659660950303077
v 0.012010249309241772 -0.00718998722732067 0.02788103371858596
v 0.006000002846121788 -0.007128860335797071 0.027683829888701432
v 0.011905563063919544 -0.007362106349319219 0.028589896857738488
v 0.013995285145938396 0.0003685765550471842 0.022511832416057583
v 0.005999998655170202 5.17320859216852e-06 0.02250295132398605
v 0.013995296321809292 -0.00035783339990302915 0.022511679679155346
v 0.005999998655170202 0.011017839424312113 -0.03749473392963409
v 0.005999998655170202 1.7838003259385e-05 -0.03749705478549003
v 0.005999998655170202 0.0011910863686352966 -0.03740446269512176
v 0.005999998655170202 0.011017839424312113 -0.03749473392963409
v 0.005999998655170202 0.0034225927665829654 -0.036678876727819436
v 0.005999998655170202 0.004425919149070977 -0.036063734441995614
v 0.005999998655170202 0.011017839424312113 -0.03749473392963409
v 0.005999998655170202 0.0023353735450655218 -0.0371294692158699
v 0.005999998655170202 0.0034225927665829654 -0.036678876727819436
v 0.005999998655170202 0.011017839424312113 -0.03749473392963409
v 0.005999998655170202 0.0011910863686352966 -0.03740446269512176
v 0.005999998655170202 0.0023353735450655218 -0.0371294692158699
v 0.005999998655170202 0.006084824446588754 -0.034404158592224114
v 0.005999998655170202 0.011017839424312113 -0.03749473392963409
v 0.005999998655170202 0.005320664029568433 -0.03529923781752586
v 0.005999998655170202 0.004425919149070977 -0.036063734441995614
v 0.005999998655170202 0.005320664029568433 -0.03529923781752586
v 0.005999998655170202 0.011017839424312113 -0.03749473392963409
v 0.005999998655170202 0.00669950945302844 -0.03340055793523788
v 0.005999998655170202 0.011017839424312113 -0.03749473392963409
v 0.005999998655170202 0.006084824446588754 -0.034404158592224114
v 0.005999998655170202 0.011017839424312113 -0.03749473392963409
v 0.005999998655170202 0.007149674464017152 -0.03231318295001983
v 0.005999998655170202 0.007424149196594953 -0.031168742105364793
v 0.005999998655170202 0.011017839424312113 -0.03749473392963409
v 0.005999998655170202 0.00669950945302844 -0.03340055793523788
v 0.005999998655170202 0.007149674464017152 -0.03231318295001983
v 0.005999998655170202 0.007516251411288976 -0.029995463788509362
v 0.005999998655170202 0.011017839424312113 -0.03749473392963409
v 0.005999998655170202 0.007424149196594953 -0.031168742105364793
v 0.005999998655170202 0.011014665476977823 -0.022494731470942494
v 0.005999998655170202 0.004423355683684348 -0.02392847836017608
v 0.005999998655170202 0.003419785294681787 -0.023313792422413823
v 0.005999998655170202 0.011014665476977823 -0.022494731470942494
v 0.005999998655170202 0.005318436305969953 -0.024692637845873826
v 0.005999998655170202 0.004423355683684348 -0.02392847836017608
v 0.005999998655170202 0.011014665476977823 -0.022494731470942494
v 0.005999998655170202 0.0011879430385306475 -0.022589121013879773
v 0.005999998655170202 1.4664175978396086e-05 -0.022497050464153286
v 0.005999998655170202 0.011014665476977823 -0.022494731470942494
v 0.005999998655170202 0.002332382835447788 -0.022863628342747685
v 0.005999998655170202 0.0011879430385306475 -0.022589121013879773
v 0.005999998655170202 0.011014665476977823 -0.022494731470942494
v 0.005999998655170202 0.003419785294681787 -0.023313792422413823
v 0.005999998655170202 0.002332382835447788 -0.022863628342747685
v 0.005999998655170202 0.011014665476977823 -0.022494731470942494
v 0.005999998655170202 0.007423661183565854 -0.02882221527397632
v 0.005999998655170202 0.00714869750663638 -0.02767789736390113
v 0.005999998655170202 0.011014665476977823 -0.022494731470942494
v 0.005999998655170202 0.007516251411288976 -0.029995463788509362
v 0.005999998655170202 0.007423661183565854 -0.02882221527397632
v 0.005999998655170202 0.011014665476977823 -0.022494731470942494
v 0.005999998655170202 0.006698075216263532 -0.026590708643198006
v 0.005999998655170202 0.0060829627327620974 -0.025587381795048707
v 0.005999998655170202 0.005318436305969953 -0.024692637845873826
v 0.005999998655170202 0.011014665476977823 -0.022494731470942494
v 0.005999998655170202 0.0060829627327620974 -0.025587381795048707
v 0.005999998655170202 0.00714869750663638 -0.02767789736390113
v 0.005999998655170202 0.006698075216263532 -0.026590708643198006
v 0.005999998655170202 0.011014665476977823 -0.022494731470942494
v 0.005999998655170202 0.011017839424312113 -0.03749473392963409
v 0.005999998655170202 0.007516251411288976 -0.029995463788509362
v 0.005999998655170202 0.011014665476977823 -0.022494731470942494
v 0.013009333983063698 -0.00515763834118843 -0.024567423388361924
v 0.012775146402418613 -0.005711532197892665 -0.02515528351068496
v 0.006000002846121788 -0.005288161803036927 -0.024694865569472306
v 0.012775146402418613 -0.005711532197892665 -0.02515528351068496
v 0.01254633255302906 -0.0061967009678483 -0.025795940309762948
v 0.006000002846121788 -0.006052291486412286 -0.025589946657419198
v 0.012336185202002525 -0.00660404935479164 -0.02647260576486587
v 0.012155089527368546 -0.0069308318197727195 -0.027170756831765168
v 0.006000002846121788 -0.006667007226496934 -0.026593517512083047
v 0.006000002846121788 -0.007117172237485646 -0.027680918574333184
v 0.012155089527368546 -0.0069308318197727195 -0.027170756831765168
v 0.012010387144982815 -0.007177993655204772 -0.027877390384674065
v 0.006000002846121788 -0.006667007226496934 -0.026593517512083047
v 0.01254633255302906 -0.0061967009678483 -0.025795940309762948
v 0.012336185202002525 -0.00660404935479164 -0.02647260576486587
v 0.013957534916698933 -0.0010749355424195526 -0.022576853632926937
v 0.01388238463550806 -0.0017961879493668673 -0.022719340398907658
v 0.005999998655170202 -0.0011585536412894724 -0.022589640691876408
v 0.006000002846121788 -0.002302871318534016 -0.022864604368805882
v 0.01388238463550806 -0.0017961879493668673 -0.022719340398907658
v 0.013770298101007938 -0.0025109096895903345 -0.02293564938008785
v 0.006000002846121788 -0.00339009054005146 -0.02331522665917873
v 0.01362292468547821 -0.003212569979950785 -0.023227641358971592
v 0.01344292052090168 -0.0038950650487095113 -0.0235976967960596
v 0.006000002846121788 -0.00339009054005146 -0.02331522665917873
v 0.013770298101007938 -0.0025109096895903345 -0.02293564938008785
v 0.01362292468547821 -0.003212569979950785 -0.023227641358971592
v 0.006000002846121788 -0.004393416922539472 -0.02393033914268016
v 0.01344292052090168 -0.0038950650487095113 -0.0235976967960596
v 0.013235717080533504 -0.004547439515590667 -0.024045359343290322
v 0.013009333983063698 -0.00515763834118843 -0.024567423388361924
v 0.006000002846121788 -0.004393416922539472 -0.02393033914268016
v 0.013235717080533504 -0.004547439515590667 -0.024045359343290322
v 0.013995285145938396 -0.00034873915137723083 -0.02250593155622482
v 0.013957534916698933 -0.0010749355424195526 -0.022576853632926937
v 0.005999998655170202 -0.0011585536412894724 -0.022589640691876408
v 0.006000002846121788 -0.007391647435724734 -0.02882535941898822
v 0.011905604973435402 -0.007349960040301084 -0.02858674153685569
v 0.011842544190585613 -0.007450759876519441 -0.02929450571537017
v 0.006000002846121788 -0.00748374918475747 -0.02999863773584365
v 0.011842544190585613 -0.007450759876519441 -0.02929450571537017
v 0.011821594089269638 -0.00748374918475747 -0.02999863773584365
v 0.011842544190585613 -0.007450759876519441 -0.02929450571537017
v 0.006000002846121788 -0.00748374918475747 -0.02999863773584365
v 0.006000002846121788 -0.007391647435724734 -0.02882535941898822
v 0.011905604973435402 -0.007349960040301084 -0.02858674153685569
v 0.006000002846121788 -0.007391647435724734 -0.02882535941898822
v 0.006000002846121788 -0.007117172237485646 -0.027680918574333184
v 0.011905604973435402 -0.007349960040301084 -0.02858674153685569
v 0.006000002846121788 -0.007117172237485646 -0.027680918574333184
v 0.012010387144982815 -0.007177993655204772 -0.027877390384674065
v 0.006000002846121788 -0.006667007226496934 -0.026593517512083047
v 0.012155089527368546 -0.0069308318197727195 -0.027170756831765168
v 0.006000002846121788 -0.007117172237485646 -0.027680918574333184
v 0.006000002846121788 -0.006052291486412286 -0.025589946657419198
v 0.01254633255302906 -0.0061967009678483 -0.025795940309762948
v 0.006000002846121788 -0.006667007226496934 -0.026593517512083047
v 0.006000002846121788 -0.004393416922539472 -0.02393033914268016
v 0.013009333983063698 -0.00515763834118843 -0.024567423388361924
v 0.006000002846121788 -0.005288161803036927 -0.024694865569472306
v 0.006000002846121788 -0.002302871318534016 -0.022864604368805882
v 0.013770298101007938 -0.0025109096895903345 -0.02293564938008785
v 0.006000002846121788 -0.00339009054005146 -0.02331522665917873
v 0.006000002846121788 -0.004393416922539472 -0.02393033914268016
v 0.006000002846121788 -0.00339009054005146 -0.02331522665917873
v 0.01344292052090168 -0.0038950650487095113 -0.0235976967960596
v 0.006000002846121788 -0.006052291486412286 -0.025589946657419198
v 0.006000002846121788 -0.005288161803036927 -0.024694865569472306
v 0.012775146402418613 -0.005711532197892665 -0.02515528351068496
v 0.006000002846121788 -0.002302871318534016 -0.022864604368805882
v 0.005999998655170202 -0.0011585536412894724 -0.022589640691876408
v 0.01388238463550806 -0.0017961879493668673 -0.022719340398907658
v 0.005999998655170202 -0.0011585536412894724 -0.022589640691876408
v 0.005999998655170202 1.4664175978396086e-05 -0.022497050464153286
v 0.013995285145938396 -0.00034873915137723083 -0.02250593155622482
v 0.013957549817860126 0.0011041112011298535 -0.02257636561989784
v 0.013995296321809292 0.00037767077446915204 -0.022505747154355046
v 0.005999998655170202 0.0011879430385306475 -0.022589121013879773
v 0.013957549817860126 0.0011041112011298535 -0.02257636561989784
v 0.005999998655170202 0.0011879430385306475 -0.022589121013879773
v 0.01388238463550806 0.0018256383482366798 -0.022718576714396473
v 0.013622810132801533 0.0032426917459815736 -0.02322651259601116
v 0.013770225457847118 0.0025408179499208923 -0.02293470315635204
v 0.005999998655170202 0.003419785294681787 -0.023313792422413823
v 0.005999998655170202 0.002332382835447788 -0.022863628342747685
v 0.013770225457847118 0.0025408179499208923 -0.02293470315635204
v 0.01388238463550806 0.0018256383482366798 -0.022718576714396473
v 0.013622810132801533 0.0032426917459815736 -0.02322651259601116
v 0.005999998655170202 0.003419785294681787 -0.023313792422413823
v 0.013442710973322392 0.003925614058971404 -0.023596506565809243
v 0.013009128160774708 0.005188370589166879 -0.02456571534276008
v 0.013235598802566528 0.004577774554491042 -0.024043681100010865
v 0.005999998655170202 0.004423355683684348 -0.02392847836017608
v 0.005999998655170202 0.004423355683684348 -0.02392847836017608
v 0.013235598802566528 0.004577774554491042 -0.024043681100010865
v 0.013442710973322392 0.003925614058971404 -0.023596506565809243
v 0.012546088546514511 0.0062279212288558474 -0.025794016197323792
v 0.01277508120983839 0.005742112174630164 -0.025153025984764092
v 0.005999998655170202 0.0060829627327620974 -0.025587381795048707
v 0.005999998655170202 0.00714869750663638 -0.02767789736390113
v 0.012010245583951473 0.00720982439815998 -0.027875132858753197
v 0.012154849246144295 0.006962570827454328 -0.02716883458197116
v 0.012335967272520065 0.006635483354330062 -0.02647059224545955
v 0.012546088546514511 0.0062279212288558474 -0.025794016197323792
v 0.005999998655170202 0.006698075216263532 -0.026590708643198006
v 0.01277508120983839 0.005742112174630164 -0.025153025984764092
v 0.013009128160774708 0.005188370589166879 -0.02456571534276008
v 0.005999998655170202 0.005318436305969953 -0.024692637845873826
v 0.012154849246144295 0.006962570827454328 -0.02716883458197116
v 0.012335967272520065 0.006635483354330062 -0.02647059224545955
v 0.005999998655170202 0.006698075216263532 -0.026590708643198006
v 0.005999998655170202 0.0011879430385306475 -0.022589121013879773
v 0.013995296321809292 0.00037767077446915204 -0.022505747154355046
v 0.005999998655170202 1.4664175978396086e-05 -0.022497050464153286
v 0.005999998655170202 0.002332382835447788 -0.022863628342747685
v 0.01388238463550806 0.0018256383482366798 -0.022718576714396473
v 0.005999998655170202 0.0011879430385306475 -0.022589121013879773
v 0.005999998655170202 0.004423355683684348 -0.02392847836017608
v 0.013442710973322392 0.003925614058971404 -0.023596506565809243
v 0.005999998655170202 0.003419785294681787 -0.023313792422413823
v 0.005999998655170202 0.0060829627327620974 -0.025587381795048707
v 0.01277508120983839 0.005742112174630164 -0.025153025984764092
v 0.005999998655170202 0.005318436305969953 -0.024692637845873826
v 0.005999998655170202 0.004423355683684348 -0.02392847836017608
v 0.005999998655170202 0.005318436305969953 -0.024692637845873826
v 0.013009128160774708 0.005188370589166879 -0.02456571534276008
v 0.005999998655170202 0.002332382835447788 -0.022863628342747685
v 0.005999998655170202 0.003419785294681787 -0.023313792422413823
v 0.013770225457847118 0.0025408179499208923 -0.02293470315635204
v 0.005999998655170202 0.007516251411288976 -0.029995463788509362
v 0.01182159036397934 0.007516251411288976 -0.029995463788509362
v 0.011842544190585613 0.007482987362891435 -0.029291301965713494
v 0.005999998655170202 0.007423661183565854 -0.02882221527397632
v 0.011842544190585613 0.007482987362891435 -0.029291301965713494
v 0.011905559338629246 0.007381943520158528 -0.028583995997905724
v 0.005999998655170202 0.00714869750663638 -0.02767789736390113
v 0.012154849246144295 0.006962570827454328 -0.02716883458197116
v 0.005999998655170202 0.006698075216263532 -0.026590708643198006
v 0.011842544190585613 0.007482987362891435 -0.029291301965713494
v 0.005999998655170202 0.007423661183565854 -0.02882221527397632
v 0.005999998655170202 0.007516251411288976 -0.029995463788509362
v 0.005999998655170202 0.007423661183565854 -0.02882221527397632
v 0.011905559338629246 0.007381943520158528 -0.028583995997905724
v 0.005999998655170202 0.00714869750663638 -0.02767789736390113
v 0.012546088546514511 0.0062279212288558474 -0.025794016197323792
v 0.005999998655170202 0.0060829627327620974 -0.025587381795048707
v 0.005999998655170202 0.006698075216263532 -0.026590708643198006
v 0.012010245583951473 0.00720982439815998 -0.027875132858753197
v 0.005999998655170202 0.00714869750663638 -0.02767789736390113
v 0.011905559338629246 0.007381943520158528 -0.028583995997905724
v 0.013995285145938396 -0.00034873915137723083 -0.02250593155622482
v 0.005999998655170202 1.4664175978396086e-05 -0.022497050464153286
v 0.013995296321809292 0.00037767077446915204 -0.022505747154355046
v 0.0130093302577734 0.0051901405677199355 -0.03542667999863624
v 0.012775142677128315 0.005744034424424171 -0.034838788211345666
v 0.005999998655170202 0.005320664029568433 -0.03529923781752586
v 0.012775142677128315 0.005744034424424171 -0.034838788211345666
v 0.012546328827738762 0.006229203194379806 -0.034198164939880364
v 0.005999998655170202 0.006084824446588754 -0.034404158592224114
v 0.012336185202002525 0.006636551581323146 -0.03352146595716476
v 0.012155089527368546 0.0069633643142879 -0.03282331675291061
v 0.005999998655170202 0.00669950945302844 -0.03340055793523788
v 0.005999998655170202 0.007149674464017152 -0.03231318295001983
v 0.012155089527368546 0.0069633643142879 -0.03282331675291061
v 0.012010383419692516 0.007210495881736278 -0.03211668133735656
v 0.005999998655170202 0.00669950945302844 -0.03340055793523788
v 0.012546328827738762 0.006229203194379806 -0.034198164939880364
v 0.012336185202002525 0.006636551581323146 -0.03352146595716476
v 0.013957534916698933 0.0011074376525357363 -0.03741724789142608
v 0.01388238463550806 0.001828690175898373 -0.03727476298809051
v 0.005999998655170202 0.0011910863686352966 -0.03740446269512176
v 0.005999998655170202 0.0023353735450655218 -0.0371294692158699
v 0.01388238463550806 0.001828690175898373 -0.03727476298809051
v 0.013770293444395065 0.00254341191612184 -0.03705845400691032
v 0.005999998655170202 0.0034225927665829654 -0.036678876727819436
v 0.013622920960187912 0.003245071973651647 -0.036766432225704186
v 0.01344292052090168 0.003927597776055335 -0.036396376788616173
v 0.005999998655170202 0.0034225927665829654 -0.036678876727819436
v 0.013770293444395065 0.00254341191612184 -0.03705845400691032
v 0.013622920960187912 0.003245071973651647 -0.036766432225704186
v 0.005999998655170202 0.004425919149070977 -0.036063734441995614
v 0.01344292052090168 0.003927597776055335 -0.036396376788616173
v 0.013235717080533504 0.004579941276460885 -0.03594874218106269
v 0.0130093302577734 0.0051901405677199355 -0.03542667999863624
v 0.005999998655170202 0.004425919149070977 -0.036063734441995614
v 0.013235717080533504 0.004579941276460885 -0.03594874218106269
v 0.013995285145938396 0.00038124134880490596 -0.037488173693418496
v 0.013957534916698933 0.0011074376525357363 -0.03741724789142608
v 0.005999998655170202 0.0011910863686352966 -0.03740446269512176
v 0.005999998655170202 0.007424149196594953 -0.031168742105364793
v 0.011905601248145103 0.007382462266832589 -0.03140735998749732
v 0.011842540465295315 0.007483292371034621 -0.030699566006660454
v 0.005999998655170202 0.007516251411288976 -0.029995463788509362
v 0.011842540465295315 0.007483292371034621 -0.030699566006660454
v 0.01182159036397934 0.007516251411288976 -0.029995463788509362
v 0.011842540465295315 0.007483292371034621 -0.030699566006660454
v 0.005999998655170202 0.007516251411288976 -0.029995463788509362
v 0.005999998655170202 0.007424149196594953 -0.031168742105364793
v 0.011905601248145103 0.007382462266832589 -0.03140735998749732
v 0.005999998655170202 0.007424149196594953 -0.031168742105364793
v 0.005999998655170202 0.007149674464017152 -0.03231318295001983
v 0.011905601248145103 0.007382462266832589 -0.03140735998749732
v 0.005999998655170202 0.007149674464017152 -0.03231318295001983
v 0.012010383419692516 0.007210495881736278 -0.03211668133735656
v 0.005999998655170202 0.00669950945302844 -0.03340055793523788
v 0.012155089527368546 0.0069633643142879 -0.03282331675291061
v 0.005999998655170202 0.007149674464017152 -0.03231318295001983
v 0.005999998655170202 0.006084824446588754 -0.034404158592224114
v 0.012546328827738762 0.006229203194379806 -0.034198164939880364
v 0.005999998655170202 0.00669950945302844 -0.03340055793523788
v 0.005999998655170202 0.004425919149070977 -0.036063734441995614
v 0.0130093302577734 0.0051901405677199355 -0.03542667999863624
v 0.005999998655170202 0.005320664029568433 -0.03529923781752586
v 0.005999998655170202 0.0023353735450655218 -0.0371294692158699
v 0.013770293444395065 0.00254341191612184 -0.03705845400691032
v 0.005999998655170202 0.0034225927665829654 -0.036678876727819436
v 0.005999998655170202 0.004425919149070977 -0.036063734441995614
v 0.005999998655170202 0.0034225927665829654 -0.036678876727819436
v 0.01344292052090168 0.003927597776055335 -0.036396376788616173
v 0.005999998655170202 0.006084824446588754 -0.034404158592224114
v 0.005999998655170202 0.005320664029568433 -0.03529923781752586
v 0.012775142677128315 0.005744034424424171 -0.034838788211345666
v 0.005999998655170202 0.0023353735450655218 -0.0371294692158699
v 0.005999998655170202 0.0011910863686352966 -0.03740446269512176
v 0.01388238463550806 0.001828690175898373 -0.03727476298809051
v 0.005999998655170202 0.0011910863686352966 -0.03740446269512176
v 0.005999998655170202 1.7838003259385e-05 -0.03749705478549003
v 0.013995285145938396 0.00038124134880490596 -0.037488173693418496
v 0.013957549817860126 -0.001071578590199351 -0.037417739629745476
v 0.013995296321809292 -0.00034516860614530737 -0.03748832643032073
v 0.006000002846121788 -0.001155440811999142 -0.03740495070815086
v 0.013957549817860126 -0.001071578590199351 -0.037417739629745476
v 0.006000002846121788 -0.001155440811999142 -0.03740495070815086
v 0.013882388360798359 -0.0017931057373061774 -0.03727552667260169
v 0.013622810132801533 -0.003210189519450068 -0.03676759079098701
v 0.013770225457847118 -0.0025083157233893867 -0.037059400230646126
v 0.006000002846121788 -0.003387252567335963 -0.036680310964584344
v 0.006000002846121788 -0.0022998806089162822 -0.037130445241928094
v 0.013770225457847118 -0.0025083157233893867 -0.037059400230646126
v 0.013882388360798359 -0.0017931057373061774 -0.03727552667260169
v 0.013622810132801533 -0.003210189519450068 -0.03676759079098701
v 0.006000002846121788 -0.003387252567335963 -0.036680310964584344
v 0.01344271469861269 -0.0038930813316255804 -0.03639759495854377
v 0.013009128160774708 -0.005155868362635373 -0.03542835637927055
v 0.013235598802566528 -0.004545272793620824 -0.03595039248466491
v 0.006000002846121788 -0.004390853457152843 -0.036065597087144845
v 0.006000002846121788 -0.004390853457152843 -0.036065597087144845
v 0.013235598802566528 -0.004545272793620824 -0.03595039248466491
v 0.01344271469861269 -0.0038930813316255804 -0.03639759495854377
v 0.01254609227180481 -0.006195388734340667 -0.03420005738735198
v 0.012775084935128689 -0.005709609948098659 -0.034841045737266534
v 0.006000002846121788 -0.006050430238246917 -0.034406721591949456
v 0.006000002846121788 -0.007116195745766162 -0.032316174358129494
v 0.012010249309241772 -0.007177322171628474 -0.032118968665599816
v 0.012154853902757168 -0.006930068600922822 -0.03282523900270461
v 0.012335971929132938 -0.006602950859814881 -0.03352351114153861
v 0.01254609227180481 -0.006195388734340667 -0.03420005738735198
v 0.006000002846121788 -0.006665572989732026 -0.03340339288115501
v 0.012775084935128689 -0.005709609948098659 -0.034841045737266534
v 0.013009128160774708 -0.005155868362635373 -0.03542835637927055
v 0.006000002846121788 -0.005285934079438447 -0.03530146554112434
v 0.012154853902757168 -0.006930068600922822 -0.03282523900270461
v 0.012335971929132938 -0.006602950859814881 -0.03352351114153861
v 0.006000002846121788 -0.006665572989732026 -0.03340339288115501
v 0.006000002846121788 -0.001155440811999142 -0.03740495070815086
v 0.013995296321809292 -0.00034516860614530737 -0.03748832643032073
v 0.005999998655170202 1.7838003259385e-05 -0.03749705478549003
v 0.006000002846121788 -0.0022998806089162822 -0.037130445241928094
v 0.013882388360798359 -0.0017931057373061774 -0.03727552667260169
v 0.006000002846121788 -0.001155440811999142 -0.03740495070815086
v 0.006000002846121788 -0.004390853457152843 -0.036065597087144845
v 0.01344271469861269 -0.0038930813316255804 -0.03639759495854377
v 0.006000002846121788 -0.003387252567335963 -0.036680310964584344
v 0.006000002846121788 -0.006050430238246917 -0.034406721591949456
v 0.012775084935128689 -0.005709609948098659 -0.034841045737266534
v 0.006000002846121788 -0.005285934079438447 -0.03530146554112434
v 0.006000002846121788 -0.004390853457152843 -0.036065597087144845
v 0.006000002846121788 -0.005285934079438447 -0.03530146554112434
v 0.013009128160774708 -0.005155868362635373 -0.03542835637927055
v 0.006000002846121788 -0.0022998806089162822 -0.037130445241928094
v 0.006000002846121788 -0.003387252567335963 -0.036680310964584344
v 0.013770225457847118 -0.0025083157233893867 -0.037059400230646126
v 0.006000002846121788 -0.00748374918475747 -0.02999863773584365
v 0.011821594089269638 -0.00748374918475747 -0.02999863773584365
v 0.011842547915875912 -0.007450454402714967 -0.03070279955863952
v 0.006000002846121788 -0.007391158957034349 -0.031171854585409157
v 0.011842547915875912 -0.007450454402714967 -0.03070279955863952
v 0.011905563063919544 -0.007349441293627023 -0.03141010552644729
v 0.006000002846121788 -0.007116195745766162 -0.032316174358129494
v 0.012154853902757168 -0.006930068600922822 -0.03282523900270461
v 0.006000002846121788 -0.006665572989732026 -0.03340339288115501
v 0.011842547915875912 -0.007450454402714967 -0.03070279955863952
v 0.006000002846121788 -0.007391158957034349 -0.031171854585409157
v 0.006000002846121788 -0.00748374918475747 -0.02999863773584365
v 0.006000002846121788 -0.007391158957034349 -0.031171854585409157
v 0.011905563063919544 -0.007349441293627023 -0.03141010552644729
v 0.006000002846121788 -0.007116195745766162 -0.032316174358129494
v 0.01254609227180481 -0.006195388734340667 -0.03420005738735198
v 0.006000002846121788 -0.006050430238246917 -0.034406721591949456
v 0.006000002846121788 -0.006665572989732026 -0.03340339288115501
v 0.012010249309241772 -0.007177322171628474 -0.032118968665599816
v 0.006000002846121788 -0.007116195745766162 -0.032316174358129494
v 0.011905563063919544 -0.007349441293627023 -0.03141010552644729
v 0.013995285145938396 0.00038124134880490596 -0.037488173693418496
v 0.005999998655170202 1.7838003259385e-05 -0.03749705478549003
v 0.013995296321809292 -0.00034516860614530737 -0.03748832643032073
v 0.007777979597449303 0.011650498956441878 5.421748937806114e-06
v 0.008738338015973568 0.010956651531159876 -0.04099473357200622
v 0.007269347086548805 0.011983384378254412 -0.040994521230459206
v 0.005357565823942423 0.012944230809807776 5.69640724279452e-06
v 0.0056812274269759655 0.012814043089747427 -0.04099433869123458
v 0.003999998793005943 0.013434983789920805 -0.04099421575665473
v 0.009899493306875229 0.009909410029649733 5.055538167653139e-06
v 0.010064120404422283 0.009750657714903353 -0.040995009243488305
v 0.008738338015973568 0.010956651531159876 -0.04099473357200622
v 0.010822147130966187 0.008891435340046881 4.841915142606012e-06
v 0.011224971152842045 0.008385178633034228 -0.04099528491497039
v 0.010064120404422283 0.009750657714903353 -0.040995009243488305
v 0.008738341741263866 -0.010936812497675417 0.04100066050887107
v 0.00888151116669178 -0.010812209919095038 6.610065952372678e-07
v 0.009899497963488102 -0.009889571927487848 8.746296202843948e-07
v 0.010064124129712582 -0.009730819612741469 0.04100090637803077
v 0.009899497963488102 -0.009889571927487848 8.746296202843948e-07
v 0.010822150856256485 -0.008871596306562422 1.0882527021749409e-06
v 0.00268756365403533 -0.013739608228206633 0.047000050544738756
v 0.0013722445582970977 -0.013922653160989283 2.0137402856335026e-08
v 0.0027312685269862413 -0.013721084222197531 5.06549824308422e-08
v 0.008738341741263866 -0.010936812497675417 0.04100066050887107
v 0.007777987513691187 -0.011630660854279993 5.084186796011635e-07
v 0.00888151116669178 -0.010812209919095038 6.610065952372678e-07
v 0.005681231152266264 -0.01279417425394058 0.041000265628099435
v 0.005357569549232721 -0.012924392707645891 2.3376045987788524e-07
v 0.006599558517336845 -0.012336989864706991 3.558307923867687e-07
v 0.010822150856256485 -0.008871596306562422 1.0882527021749409e-06
v 0.010064128786325455 -0.009713515639305113 -0.040999099612236016
v 0.011224974878132343 -0.008348037488758562 -0.04099882394075393
v 0.004000002518296242 -0.01341514568775892 0.0410001128911972
v 0.00406399043276906 -0.013387252576649187 1.422077247070774e-07
v 0.005357569549232721 -0.012924392707645891 2.3376045987788524e-07
v 0.0013722445582970977 -0.013922653160989283 2.0137402856335026e-08
v 0.0013500773347914219 -0.013914901763200758 -0.04699998348951338
v 0.0026875673793256283 -0.013719771988689898 -0.046999953687190996
v 0.005357569549232721 -0.012924392707645891 2.3376045987788524e-07
v 0.004000002518296242 -0.013397841714322565 -0.04099989309906959
v 0.005681231152266264 -0.012776870280504225 -0.04099974036216735
v 0.007777987513691187 -0.011630660854279993 5.084186796011635e-07
v 0.007269354537129402 -0.011946243233978747 -0.040999587625265115
v 0.008738345466554165 -0.010919509455561636 -0.040999341756105416
v 0.008738345466554165 -0.010919509455561636 -0.040999341756105416
v 0.009899497963488102 -0.009889571927487848 8.746296202843948e-07
v 0.00888151116669178 -0.010812209919095038 6.610065952372678e-07
v 2.4720820945844935e-09 -0.010480147786438463 -0.046999249607324586
v 2.4720820945844935e-09 -0.010980788618326185 -0.04399937391281127
v -1.3426154632512066e-09 0.011019212193787096 -0.04399473220109939
v -1.3426154632512066e-09 0.010499985888600348 0.04700518026947974
v -1.3426154632512066e-09 0.01100062672048807 0.04400527104735374
v 2.4720820945844935e-09 -0.010999374091625212 0.04400063306093215
v -1.3426154632512066e-09 0.01100062672048807 0.04400527104735374
v -1.3426154632512066e-09 0.014006609097123144 0.015672566369175907
v -1.3426154632512066e-09 0.01401323080062866 -0.015660747885704037
v -0.010074676014482975 -0.002958205761387944 0.04700234159827231
v -0.010074676014482975 -0.002959243487566709 0.052002340555191026
v -0.010393125005066395 -0.0014953762292861936 0.0520026460289955
v -0.008833161555230618 -0.0056767421774566165 0.04700176045298575
v -0.008833161555230618 -0.0056777801364660254 0.052001759409904466
v -0.009551135823130608 -0.004362930078059434 0.05200203508138655
v -0.00793536938726902 -0.006876052822917699 0.04700151830911635
v -0.00793536938726902 -0.006877090316265821 0.052001517266035066
v -0.008833161555230618 -0.0056777801364660254 0.052001759409904466
v -0.010074676014482975 -0.002958205761387944 0.04700234159827231
v -0.009551135823130608 -0.004362930078059434 0.05200203508138655
v -0.010074676014482975 -0.002959243487566709 0.052002340555191026
v -0.0056767272762954235 -0.008833175525069235 0.047001089900732027
v -0.0056767272762954235 -0.008834213018417357 0.05200108885765074
v -0.006876035593450069 -0.007936416193842886 0.05200127139687537
v -0.0056767272762954235 -0.008833175525069235 0.047001089900732027
v -0.004361856263130903 -0.009552199393510817 0.052000936120748506
v -0.0056767272762954235 -0.008834213018417357 0.05200108885765074
v -0.0029581906273961067 -0.010074690915644167 0.04700084403157233
v -0.0014943041605874896 -0.010394180193543432 0.05200075358152388
v -0.0029581906273961067 -0.010075729340314863 0.05200084671378134
v 2.4720820945844935e-09 -0.010501052252948282 0.052000723779201494
v -0.0014943041605874896 -0.010393111966550348 0.047000754624605165
v 2.4720820945844935e-09 -0.01050001475960016 0.04700072482228278
v -0.0029581906273961067 -0.010074690915644167 0.04700084403157233
v -0.0029581906273961067 -0.010075729340314863 0.05200084671378134
v -0.004361856263130903 -0.009552199393510817 0.052000936120748506
v -0.00793536938726902 -0.006876052822917699 0.04700151830911635
v -0.006876035593450069 -0.007936416193842886 0.05200127139687537
v -0.00793536938726902 -0.006877090316265821 0.052001517266035066
v 0.0027049356140196323 -0.01014561392366886 0.04700081422924994
v 0.0029581934213638306 -0.010075729340314863 0.05200084671378134
v 0.001494307187385857 -0.010394180193543432 0.05200075358152388
v 0.004000002518296242 -0.009708235971629618 0.0470009073615074
v 0.004361860919743776 -0.009552199393510817 0.052000936120748506
v 0.0029581934213638306 -0.010075729340314863 0.05200084671378134
v 0.006649721879512072 -0.008125960826873778 0.04700124263763426
v 0.0068760402500629425 -0.007936416193842886 0.05200127139687537
v 0.005676730070263147 -0.008834213018417357 0.05200108885765074
v 0.007771727629005909 -0.007060470525175332 0.047001454979181276
v 0.007935374043881893 -0.006877090316265821 0.052001517266035066
v 0.0068760402500629425 -0.007936416193842886 0.05200127139687537
v 0.005383315030485392 -0.009014968760311602 0.04700106009840964
v 0.005676730070263147 -0.008834213018417357 0.05200108885765074
v 0.004361860919743776 -0.009552199393510817 0.052000936120748506
v 0.009488734416663647 -0.0044959867373108855 0.04700200632214545
v 0.009551139548420906 -0.004362899344414472 0.05200203508138655
v 0.008833163417875767 -0.0056777801364660254 0.052001759409904466
v 0.01004644762724638 -0.0030526882037520404 0.04700231179594992
v 0.010074676014482975 -0.002959243487566709 0.052002340555191026
v 0.009551139548420906 -0.004362899344414472 0.05200203508138655
v 0.010385993868112564 -0.0015431056963279841 0.0470026135444641
v 0.010393126867711544 -0.0014953456120565531 0.0520026460289955
v 0.010074676014482975 -0.002959243487566709 0.052002340555191026
v 0.008724967017769814 -0.0058416593819856635 0.04700173065066336
v 0.008833163417875767 -0.0056777801364660254 0.052001759409904466
v 0.007935374043881893 -0.006877090316265821 0.052001517266035066
v 2.4720820945844935e-09 -0.010501052252948282 0.052000723779201494
v 2.4720820945844935e-09 -0.01050001475960016 0.04700072482228278
v 0.001364027732051909 -0.010411025956273077 0.047000754624605165
v 0.005383315030485392 -0.009013717062771319 0.04100105911493301
v 0.006649721879512072 -0.008125960826873778 0.04700124263763426
v 0.005383315030485392 -0.009014968760311602 0.04700106009840964
v 0.008724967017769814 -0.005840377416461705 0.04100172966718673
v 0.008724967017769814 -0.0058416593819856635 0.04700173065066336
v 0.007771727629005909 -0.007060470525175332 0.047001454979181276
v 0.006649721879512072 -0.008124679327011107 0.04100124165415763
v 0.007771727629005909 -0.007060470525175332 0.047001454979181276
v 0.006649721879512072 -0.008125960826873778 0.04700124263763426
v 0.008724967017769814 -0.005840377416461705 0.04100172966718673
v 0.009488734416663647 -0.0044959867373108855 0.04700200632214545
v 0.008724967017769814 -0.0058416593819856635 0.04700173065066336
v 0.01004644762724638 -0.0030514369718730445 0.04100231081247329
v 0.01004644762724638 -0.0030526882037520404 0.04700231179594992
v 0.009488734416663647 -0.0044959867373108855 0.04700200632214545
v 0.010499999858438969 1.266958292944764e-06 0.041002951562404626
v 0.010385993868112564 -0.0015431056963279841 0.0470026135444641
v 0.010385993868112564 -0.0015418239636346696 0.041002616286277764
v 0.01004644762724638 -0.0030514369718730445 0.04100231081247329
v 0.010385993868112564 -0.0015431056963279841 0.0470026135444641
v 0.01004644762724638 -0.0030526882037520404 0.04700231179594992
v 0.010385993868112564 0.0015443578595295546 0.04100328683853149
v 0.010074676014482975 0.002957138698548078 0.05200359225273131
v 0.010393126867711544 0.001493240939453244 0.052003286778926835
v 0.009488730691373348 0.004497269168496131 0.041003897786140435
v 0.008833159692585468 0.0056756753474473945 0.05200413987040518
v 0.009551135823130608 0.004360794555395841 0.052003867924213396
v 0.008724963292479515 0.005842941813170909 0.04100420325994491
v 0.007935370318591595 0.00687498552724719 0.05200441554188727
v 0.008833159692585468 0.0056756753474473945 0.05200413987040518
v 0.01004644762724638 0.0030539708677679296 0.04100359231233596
v 0.009551135823130608 0.004360794555395841 0.052003867924213396
v 0.010074676014482975 0.002957138698548078 0.05200359225273131
v 0.007771727629005909 0.007061752956360578 0.04100444540381431
v 0.006876036524772644 0.007934311404824255 0.05200462788343428
v 0.007935370318591595 0.00687498552724719 0.05200441554188727
v 0.005676726344972849 0.0088321091607213 0.052004814147949205
v 0.006649718154221773 0.008127213455736635 0.04100466147065162
v 0.005383310839533806 0.009016252122819422 0.04100487381219863
v 0.002704931888729334 0.010145615786314009 0.047005087137222276
v 0.0014943034620955586 0.010392076335847376 0.052005149424076066
v 0.002958189696073532 0.010073625482618807 0.05200508609414099
v -1.3426154632512066e-09 0.010499985888600348 0.04700518026947974
v -0.00149430800229311 0.010392076335847376 0.052005149424076066
v -1.3426154632512066e-09 0.010498948395252226 0.052005179226398454
v 0.0013640238903462887 0.010411027818918226 0.04700514674186705
v -1.3426154632512066e-09 0.010498948395252226 0.052005179226398454
v 0.0014943034620955586 0.010392076335847376 0.052005149424076066
v 0.003999998793005943 0.009708237834274767 0.047004994004964815
v 0.002958189696073532 0.010073625482618807 0.05200508609414099
v 0.004361857194453478 0.009550096467137335 0.05200496688485144
v -0.002958194352686405 0.010074662975966929 0.047005087137222276
v -0.004361859988421202 0.009550065733492373 0.05200496688485144
v -0.002958194352686405 0.010073625482618807 0.05200508609414099
v -0.006876039318740368 0.007935379631817339 0.047004628926515565
v -0.005676731001585722 0.0088321091607213 0.052004814147949205
v -0.005676731001585722 0.008833146654069422 0.04700481146574019
v -0.004361859988421202 0.009551133960485457 0.04700496420264243
v -0.005676731001585722 0.0088321091607213 0.052004814147949205
v -0.004361859988421202 0.009550065733492373 0.05200496688485144
v -0.008833163417875767 0.0056756753474473945 0.05200413987040518
v -0.007935373112559319 0.00687498552724719 0.05200441554188727
v -0.007935373112559319 0.006876023020595311 0.04700441658496855
v -0.010074676014482975 0.0029581761918961997 0.04700359329581259
v -0.009551137685775757 0.004360794555395841 0.052003867924213396
v -0.009551137685775757 0.004361862782388925 0.04700386524200438
v -0.010393125005066395 0.0014943090500310061 0.04700328782200812
v -0.010074676014482975 0.002957138698548078 0.05200359225273131
v -0.010074676014482975 0.0029581761918961997 0.04700359329581259
v -0.009551137685775757 0.004361862782388925 0.04700386524200438
v -0.008833163417875767 0.0056756753474473945 0.05200413987040518
v -0.008833163417875767 0.005676712840795516 0.04700414091348647
v -0.007935373112559319 0.006876023020595311 0.04700441658496855
v -0.006876039318740368 0.007934311404824255 0.05200462788343428
v -0.006876039318740368 0.007935379631817339 0.047004628926515565
v -0.002958194352686405 0.010074662975966929 0.047005087137222276
v -0.002958194352686405 0.010073625482618807 0.05200508609414099
v -0.00149430800229311 0.010392076335847376 0.052005149424076066
v -0.010393125005066395 0.0014943090500310061 0.04700328782200812
v -0.010499999858438969 -1.478009714617201e-08 0.04700295254588126
v -0.010499999858438969 -5.335789410310098e-07 0.049502950161695466
v 0.003999998793005943 0.009708878584206103 0.04400499537587165
v 0.003999998793005943 0.013417680747807024 0.041005790233612054
v 0.003999998793005943 0.013417039997875689 0.044005788862705224
v 0.003999998793005943 0.009708237834274767 0.047004994004964815
v 0.003999998793005943 0.013417039997875689 0.044005788862705224
v 0.003999998793005943 0.013416398316621779 0.04700578749179839
v 0.004000002518296242 -0.013415786437690256 0.04400011152029037
v 0.004000002518296242 -0.00970698520541191 0.04100090637803077
v 0.004000002518296242 -0.009707595221698282 0.04400090500712394
v 0.004000002518296242 -0.01341639645397663 0.04700011387467383
v 0.004000002518296242 -0.009707595221698282 0.04400090500712394
v 0.004000002518296242 -0.009708235971629618 0.0470009073615074
v -0.006000001914799213 0.005998948123306035 0.052004233002662645
v -0.005999999586492777 -0.006000411696732043 0.04900170117616652
v -0.006000001914799213 0.005999588873237371 0.049004234373569475
v 0.005999998655170202 0.005998948123306035 0.052004233002662645
v -0.006000001914799213 0.005999588873237371 0.049004234373569475
v 0.005999998655170202 0.005999588873237371 0.049004234373569475
v 0.005999998655170202 0.005998948123306035 0.052004233002662645
v 0.005999998655170202 0.005999588873237371 0.049004234373569475
v 0.006000002846121788 -0.006000411696732043 0.04900170117616652
v -0.005999999586492777 -0.006001052446663379 0.05200169980525969
v 0.006000002846121788 -0.006000411696732043 0.04900170117616652
v -0.005999999586492777 -0.006000411696732043 0.04900170117616652
v 0.005999998655170202 0.005999588873237371 0.049004234373569475
v -0.005999999586492777 -0.006000411696732043 0.04900170117616652
v 0.006000002846121788 -0.006000411696732043 0.04900170117616652
v 0.009488734416663647 -0.004476150032132863 -0.0469979979097843
v 0.009460174478590488 -0.004534896463155746 -0.05199800059199332
v 0.01003351528197527 -0.003074020147323608 -0.051997695118188844
v 0.008724967017769814 -0.005821823142468928 -0.04699827358126639
v 0.008675510063767433 -0.0058939666487276545 -0.05199830606579779
v 0.009460174478590488 -0.004534896463155746 -0.05199800059199332
v 0.01004644762724638 -0.0030328517314046617 -0.04699769616127013
v 0.01003351528197527 -0.003074020147323608 -0.051997695118188844
v 0.01038272399455309 -0.0015440516872331498 -0.05199738964438437
v 0.006649721879512072 -0.008106124587357042 -0.04699876159429549
v 0.00654664495959878 -0.008188338950276373 -0.05199879407882689
v 0.00769704720005393 -0.007120925933122634 -0.05199854820966719
v 0.005383315030485392 -0.008995131589472292 -0.04699894413352011
v 0.005250002723187208 -0.009072371758520601 -0.051998976618051515
v 0.00654664495959878 -0.008188338950276373 -0.05199879407882689
v 0.0027049356140196323 -0.010125777684152125 -0.04699919000267981
v 0.002336474135518074 -0.010215834714472292 -0.051999218761920915
v 0.0038360850885510445 -0.00975328031927347 -0.051999099552631364
v 0.001364027732051909 -0.010391188785433767 -0.046999249607324586
v 0.0007846704684197903 -0.010449752211570738 -0.0519992522895336
v 0.002336474135518074 -0.010215834714472292 -0.051999218761920915
v 0.004000002518296242 -0.009688399732112883 -0.04699909687042235
v 0.0038360850885510445 -0.00975328031927347 -0.051999099552631364
v 0.005250002723187208 -0.009072371758520601 -0.051998976618051515
v 0.007771731354296207 -0.00704063381999731 -0.046998549252748476
v 0.00769704720005393 -0.007120925933122634 -0.05199854820966719
v 0.008675510063767433 -0.0058939666487276545 -0.05199830606579779
v -0.0014943021815270185 -0.010373275727033613 -0.046999249607324586
v -0.002336467383429408 -0.010215834714472292 -0.051999218761920915
v -0.0007846636581234634 -0.010449752211570738 -0.0519992522895336
v -0.004361856263130903 -0.009531294927000998 -0.04699906706809996
v -0.005249998066574335 -0.009072371758520601 -0.051998976618051515
v -0.0038360783364623785 -0.00975328031927347 -0.051999099552631364
v -0.0056767272762954235 -0.008813308551907538 -0.046998914331197725
v -0.006546640302985907 -0.008188338950276373 -0.05199879407882689
v -0.005249998066574335 -0.009072371758520601 -0.051998976618051515
v -0.0029581887647509575 -0.01005482394248247 -0.04699916020035742
v -0.0038360783364623785 -0.00975328031927347 -0.051999099552631364
v -0.002336467383429408 -0.010215834714472292 -0.051999218761920915
v -0.00793536938726902 -0.0068561858497560016 -0.0469984896481037
v -0.008675506338477135 -0.0058939666487276545 -0.05199830606579779
v -0.007697042543441057 -0.007120925933122634 -0.05199854820966719
v -0.008833159692585468 -0.005656875204294919 -0.046998243778944
v -0.009460171684622765 -0.004534896463155746 -0.05199800059199332
v -0.008675506338477135 -0.0058939666487276545 -0.05199830606579779
v -0.010074676014482975 -0.0029383387882262464 -0.04699766263365744
v -0.01038272213190794 -0.0015440516872331498 -0.05199738964438437
v -0.01003351341933012 -0.0030740506481379266 -0.051997695118188844
v -0.009551135823130608 -0.004342025611549615 -0.046997968107461915
v -0.01003351341933012 -0.0030740506481379266 -0.051997695118188844
v -0.009460171684622765 -0.004534896463155746 -0.05199800059199332
v -0.006876035593450069 -0.00791554246097803 -0.0469987317919731
v -0.007697042543441057 -0.007120925933122634 -0.05199854820966719
v -0.006546640302985907 -0.008188338950276373 -0.05199879407882689
v -0.009551137685775757 0.004381699487566947 -0.04699613898992537
v -0.009460174478590488 0.004576676059514283 -0.05199607834219931
v -0.01003351528197527 0.0031158300116658206 -0.051996383816003786
v -0.010074676014482975 0.002978043165057897 -0.04699641093611716
v -0.01003351528197527 0.0031158300116658206 -0.051996383816003786
v -0.01038272399455309 0.0015858312835916875 -0.05199671909213065
v -0.00793537124991417 0.006895889993757009 -0.0469955876469612
v -0.007697046268731356 0.007162705063819884 -0.05199552699923514
v -0.008675508201122284 0.005935745779424905 -0.051995802670717226
v -0.005676731001585722 0.00885301362723112 -0.04699519276618956
v -0.0052500017918646336 0.009114152751863001 -0.0519951321184635
v -0.006546644028276205 0.008230119012296198 -0.05199531465768813
v -0.006876039318740368 0.007955215871334074 -0.046995375305414186
v -0.006546644028276205 0.008230119012296198 -0.05199531465768813
v -0.007697046268731356 0.007162705063819884 -0.05199552699923514
v -0.008833163417875767 0.0056965798139572135 -0.046995863318443284
v -0.008675508201122284 0.005935745779424905 -0.051995802670717226
v -0.009460174478590488 0.004576676059514283 -0.05199607834219931
v -0.002958194352686405 0.010094529949128626 -0.046994917094707475
v -0.0023364711087197065 0.010257646441459654 -0.051994886249303804
v -0.003836082061752677 0.009795060381293295 -0.051994979381561265
v 0.0013640238903462887 0.010430864058434961 -0.0469948574900627
v 0.0023364664521068335 0.010257646441459654 -0.051994886249303804
v 0.0007846628432162106 0.010491533204913138 -0.05199482664465903
v -0.00149430800229311 0.010412980802357195 -0.0469948574900627
v -0.0007846674416214228 0.010491533204913138 -0.05199482664465903
v -0.0023364711087197065 0.010257646441459654 -0.051994886249303804
v -0.004361859988421202 0.009570970200002192 -0.046995040029287324
v -0.003836082061752677 0.009795060381293295 -0.051994979381561265
v -0.0052500017918646336 0.009114152751863001 -0.0519951321184635
v 0.003836077405139804 0.009795060381293295 -0.051994979381561265
v 0.002704931888729334 0.010165452025830744 -0.046994917094707475
v 0.003999998793005943 0.009728074073791502 -0.04699501022696494
v 0.005383310839533806 0.009033555164933203 -0.040995132178068154
v 0.006546641234308481 0.008230119012296198 -0.05199531465768813
v 0.00524999899789691 0.009114152751863001 -0.0519951321184635
v 0.007771727629005909 0.007079056464135646 -0.04099555686116218
v 0.008675506338477135 0.005935745779424905 -0.051995802670717226
v 0.007697043474763632 0.007162705063819884 -0.05199552699923514
v 0.006649721879512072 0.008144548162817953 -0.040995344519615166
v 0.007697043474763632 0.007162705063819884 -0.05199552699923514
v 0.006546641234308481 0.008230119012296198 -0.05199531465768813
v 0.009488730691373348 0.004514572676271199 -0.04099610820412635
v 0.01003351528197527 0.0031158300116658206 -0.051996383816003786
v 0.009460174478590488 0.004576676059514283 -0.05199607834219931
v 0.01004644762724638 0.003071274375542998 -0.040996413677930825
v 0.01038272399455309 0.0015858312835916875 -0.05199671909213065
v 0.01003351528197527 0.0031158300116658206 -0.051996383816003786
v 0.008724963292479515 0.005860245320945977 -0.04099580273032188
v 0.009460174478590488 0.004576676059514283 -0.05199607834219931
v 0.008675506338477135 0.005935745779424905 -0.051995802670717226
v 0.010385993868112564 -0.0015245204558596013 -0.04099738970398902
v 0.01004644762724638 -0.0030328517314046617 -0.04699769616127013
v 0.010385993868112564 -0.0015232692239806054 -0.046997390687465654
v 0.009488734416663647 -0.004477431997656821 -0.04099800065159797
v 0.008724967017769814 -0.005821823142468928 -0.04699827358126639
v 0.009488734416663647 -0.004476150032132863 -0.0469979979097843
v 0.009488734416663647 -0.004477431997656821 -0.04099800065159797
v 0.009488734416663647 -0.004476150032132863 -0.0469979979097843
v 0.01004644762724638 -0.0030328517314046617 -0.04699769616127013
v 0.007771731354296207 -0.007041885051876306 -0.040998548269271844
v 0.006649721879512072 -0.008106124587357042 -0.04699876159429549
v 0.007771731354296207 -0.00704063381999731 -0.046998549252748476
v 0.006649721879512072 -0.008107375353574751 -0.040998760610818856
v 0.005383315030485392 -0.008995131589472292 -0.04699894413352011
v 0.006649721879512072 -0.008106124587357042 -0.04699876159429549
v 0.007771731354296207 -0.007041885051876306 -0.040998548269271844
v 0.007771731354296207 -0.00704063381999731 -0.046998549252748476
v 0.008724967017769814 -0.005821823142468928 -0.04699827358126639
v 0.010385993868112564 -0.0015245204558596013 -0.04099738970398902
v 0.010385993868112564 -0.0015232692239806054 -0.046997390687465654
v 0.010499999858438969 1.9852164768963117e-05 -0.046997051686048494
v 0.004000002518296242 -0.009689040482044218 -0.043999098241329186
v 0.004000002518296242 -0.013397841714322565 -0.04099989309906959
v 0.004000002518296242 -0.01339720096439123 -0.04399989172816276
v 0.004000002518296242 -0.009688399732112883 -0.04699909687042235
v 0.004000002518296242 -0.01339720096439123 -0.04399989172816276
v 0.004000002518296242 -0.013396560214459894 -0.04699989035725592
v 0.003999998793005943 0.01343562453985214 -0.0439942143857479
v 0.003999998793005943 0.009726823307573794 -0.040995009243488305
v 0.003999998793005943 0.009727464057505129 -0.043995007872581475
v 0.003999998793005943 0.013436235487461088 -0.046994216740131364
v 0.003999998793005943 0.009727464057505129 -0.043995007872581475
v 0.003999998793005943 0.009728074073791502 -0.04699501022696494
v 0.0016234958311542869 0.00474998541176319 -0.051996044814586626
v 0.002379736630246043 0.0044186864979565135 -0.053996108472347246
v 0.0016234958311542869 0.004750412888824939 -0.05399604514241217
v 0.003071062732487917 0.003966599237173795 -0.05199623107910155
v 0.003071062732487917 0.003967026248574256 -0.053996231406927095
v 0.002379736630246043 0.0044186864979565135 -0.053996108472347246
v 0.0008229738450609148 0.0049527138471603385 -0.05199601501226424
v 0.0016234958311542869 0.004750412888824939 -0.05399604514241217
v 0.0008229738450609148 0.004953110590577125 -0.053996015340089784
v 0.004185831639915705 0.002755630994215607 -0.05199647322297095
v 0.004185831639915705 0.002756058238446712 -0.053996473550796495
v 0.0036786182317882776 0.0034077307209372516 -0.05399632081389426
v 0.0048470026813447475 0.0012487340718507765 -0.05399677902460097
v 0.004578867461532354 0.0020298010203987356 -0.05399662628769873
v 0.004578867461532354 0.0020293737761676307 -0.051996625959873186
v 0.004982924088835716 0.00043379262206144625 -0.05199696123600005
v 0.004982924088835716 0.0004342198662925511 -0.05399696156382559
v 0.0048470026813447475 0.0012487340718507765 -0.05399677902460097
v 0.004578867461532354 0.0020298010203987356 -0.05399662628769873
v 0.004185831639915705 0.002756058238446712 -0.053996473550796495
v 0.004185831639915705 0.002755630994215607 -0.05199647322297095
v 0.003071062732487917 0.003966599237173795 -0.05199623107910155
v 0.0036786182317882776 0.0034077307209372516 -0.05399632081389426
v 0.003071062732487917 0.003967026248574256 -0.053996231406927095
v 0.004982924088835716 -0.0003920130839105695 -0.05199714377522467
v 0.004982924088835716 -0.00039158583967946464 -0.05399714410305022
v 0.004982924088835716 0.0004342198662925511 -0.05399696156382559
v 0.004982924088835716 -0.0003920130839105695 -0.05199714377522467
v 0.0048470026813447475 -0.001206099987030029 -0.053997296839952455
v 0.004982924088835716 -0.00039158583967946464 -0.05399714410305022
v 0.004578867461532354 -0.001987594179809093 -0.05199748277664183
v 0.004185831639915705 -0.0027134243864566083 -0.05399763211607932
v 0.004578867461532354 -0.001987166935577988 -0.05399747937917708
v 0.004185831639915705 -0.002713851630687713 -0.05199763178825377
v 0.003678621957078576 -0.0033650966361165042 -0.053997755050659166
v 0.004185831639915705 -0.0027134243864566083 -0.05399763211607932
v 0.004578867461532354 -0.001987594179809093 -0.05199748277664183
v 0.0048470026813447475 -0.001206099987030029 -0.053997296839952455
v 0.0048470026813447475 -0.0012065273476764558 -0.05199729651212691
v 0.0030710664577782154 -0.003924819640815257 -0.05199787765741347
v 0.002379736630246043 -0.004376052413135766 -0.05399797111749648
v 0.0030710664577782154 -0.003924392629414796 -0.053997877985239015
v 0.0008229738450609148 -0.004910476505756377 -0.05399809032678603
v 0.0016234995564445853 -0.0047077788040041915 -0.05399806052446364
v 0.0016234995564445853 -0.004708175547420978 -0.05199806019663809
v 0.0016234995564445853 -0.004708175547420978 -0.05199806019663809
v 0.0016234995564445853 -0.0047077788040041915 -0.05399806052446364
v 0.002379736630246043 -0.004376052413135766 -0.05399797111749648
v 0.0030710664577782154 -0.003924819640815257 -0.05199787765741347
v 0.0030710664577782154 -0.003924392629414796 -0.053997877985239015
v 0.003678621957078576 -0.0033650966361165042 -0.053997755050659166
v -0.0016234965296462178 -0.004708205815404653 -0.05199806019663809
v -0.0023797356989234686 -0.004376052413135766 -0.05399797111749648
v -0.0016234965296462178 -0.0047077788040041915 -0.05399806052446364
v -0.0030710618011653423 -0.003924819640815257 -0.05199787765741347
v -0.0030710618011653423 -0.003924392629414796 -0.053997877985239015
v -0.0023797356989234686 -0.004376052413135766 -0.05399797111749648
v -0.0016234965296462178 -0.004708205815404653 -0.05199806019663809
v -0.0016234965296462178 -0.0047077788040041915 -0.05399806052446364
v -0.0008229708182625473 -0.004910476505756377 -0.05399809032678603
v -0.00418583070859313 -0.002713851630687713 -0.05199763178825377
v -0.00418583070859313 -0.0027134243864566083 -0.05399763211607932
v -0.0036786191631108522 -0.0033650966361165042 -0.053997755050659166
v -0.00457886653020978 -0.001987594179809093 -0.05199748277664183
v -0.004847001750022173 -0.001206099987030029 -0.053997296839952455
v -0.00457886653020978 -0.001987166935577988 -0.05399747937917708
v -0.004982921294867992 -0.0003920130839105695 -0.05199714377522467
v -0.004982921294867992 -0.00039158583967946464 -0.05399714410305022
v -0.004847001750022173 -0.001206099987030029 -0.053997296839952455
v -0.00457886653020978 -0.001987594179809093 -0.05199748277664183
v -0.00457886653020978 -0.001987166935577988 -0.05399747937917708
v -0.00418583070859313 -0.0027134243864566083 -0.05399763211607932
v -0.0030710618011653423 -0.003924819640815257 -0.05199787765741347
v -0.0036786191631108522 -0.0033650966361165042 -0.053997755050659166
v -0.0030710618011653423 -0.003924392629414796 -0.053997877985239015
v -0.004982921294867992 -0.0003920130839105695 -0.05199714377522467
v -0.004982923157513142 0.0004342198662925511 -0.05399696156382559
v -0.004982921294867992 -0.00039158583967946464 -0.05399714410305022
v -0.004982923157513142 0.00043379262206144625 -0.05199696123600005
v -0.004847001750022173 0.0012487340718507765 -0.05399677902460097
v -0.004982923157513142 0.0004342198662925511 -0.05399696156382559
v -0.004185832571238279 0.002755630994215607 -0.05199647322297095
v -0.004185832571238279 0.002756058238446712 -0.053996473550796495
v -0.00457886653020978 0.0020298010203987356 -0.05399662628769873
v -0.004185832571238279 0.002755630994215607 -0.05199647322297095
v -0.0036786210257560015 0.0034077307209372516 -0.05399632081389426
v -0.004185832571238279 0.002756058238446712 -0.053996473550796495
v -0.00457886653020978 0.0020293737761676307 -0.051996625959873186
v -0.00457886653020978 0.0020298010203987356 -0.05399662628769873
v -0.004847001750022173 0.0012487340718507765 -0.05399677902460097
v -0.0030710636638104916 0.003966599237173795 -0.05199623107910155
v -0.002379737561568618 0.0044186864979565135 -0.053996108472347246
v -0.0030710636638104916 0.003967026248574256 -0.053996231406927095
v -0.0008229727391153574 0.0049527138471603385 -0.05199601501226424
v -0.0008229727391153574 0.004953110590577125 -0.053996015340089784
v -0.001623498392291367 0.004750412888824939 -0.05399604514241217
v -0.001623498392291367 0.00474998541176319 -0.051996044814586626
v -0.001623498392291367 0.004750412888824939 -0.05399604514241217
v -0.002379737561568618 0.0044186864979565135 -0.053996108472347246
v -0.0030710636638104916 0.003966599237173795 -0.05199623107910155
v -0.0030710636638104916 0.003967026248574256 -0.053996231406927095
v -0.0036786210257560015 0.0034077307209372516 -0.05399632081389426
v 0.001298796385526657 0.0038045812398195262 -0.05399626120924948
v 0.0019037883030250669 0.0035409093834459777 -0.061996292322874055
v 0.001298796385526657 0.0038062902167439456 -0.06199626252055167
v 0.002456850605085492 0.0031778723932802673 -0.05399638414382933
v 0.0019037883030250669 0.0035409093834459777 -0.061996292322874055
v 0.0019037883030250669 0.0035392004065215583 -0.05399629101157187
v 0.0006583772483281791 0.003966751974076032 -0.053996231406927095
v 0.001298796385526657 0.0038062902167439456 -0.06199626252055167
v 0.0006583772483281791 0.003968460951000451 -0.06199622899293898
v 0.003348665777593851 0.0022091222926974292 -0.053996596485376344
v 0.0029428964480757713 0.0027321325615048404 -0.06199647486209868
v 0.0029428964480757713 0.0027304540853947397 -0.053996473550796495
v 0.003877600422129035 0.0010049595730379222 -0.06199683994054793
v 0.0036630923859775066 0.0016297765541821716 -0.06199671700596808
v 0.0036630923859775066 0.0016280980780720709 -0.05399671941995619
v 0.0039863381534814835 0.0003533177659846842 -0.06199696287512778
v 0.003877600422129035 0.0010049595730379222 -0.06199683994054793
v 0.003877600422129035 0.0010032505961135028 -0.053996838629245744
v 0.0036630923859775066 0.0016280980780720709 -0.05399671941995619
v 0.003348665777593851 0.00221080076880753 -0.06199659779667853
v 0.003348665777593851 0.0022091222926974292 -0.053996596485376344
v 0.0029428964480757713 0.0027321325615048404 -0.06199647486209868
v 0.002456850605085492 0.0031795813702046867 -0.06199638172984122
v 0.002456850605085492 0.0031778723932802673 -0.05399638414382933
v 0.0039863381534814835 0.0003533177659846842 -0.06199696287512778
v 0.0039863381534814835 -0.00030900526326149697 -0.05399711430072783
v 0.0039863381534814835 -0.00030729628633707756 -0.061997115612030015
v 0.003877600422129035 -0.0009606166277080773 -0.05399726703763007
v 0.0039863381534814835 -0.00030729628633707756 -0.061997115612030015
v 0.0039863381534814835 -0.00030900526326149697 -0.05399711430072783
v 0.003348665777593851 -0.0021647792309522624 -0.06199751049280165
v 0.0036630923859775066 -0.0015837856335565446 -0.0619973912835121
v 0.0036630923859775066 -0.0015854641096666453 -0.05399738997220992
v 0.0029428964480757713 -0.0026878200005739923 -0.05399763211607932
v 0.003348665777593851 -0.0021647792309522624 -0.06199751049280165
v 0.003348665777593851 -0.002166488207876682 -0.053997512906789766
v 0.0036630923859775066 -0.0015837856335565446 -0.0619973912835121
v 0.003877600422129035 -0.0009589381515979766 -0.06199726834893225
v 0.003877600422129035 -0.0009606166277080773 -0.05399726703763007
v 0.002456850605085492 -0.00313523830845952 -0.05399772524833678
v 0.0019037921447306871 -0.003494888078421354 -0.06199778616428374
v 0.002456850605085492 -0.003133559832349419 -0.06199772655963896
v 0.0012988002272322774 -0.0037619473878294225 -0.05399784818291663
v 0.0006583810900337994 -0.00392243918031454 -0.0619978792965412
v 0.0012988002272322774 -0.0037602689117193218 -0.06199784949421881
v 0.0012988002272322774 -0.0037619473878294225 -0.05399784818291663
v 0.0012988002272322774 -0.0037602689117193218 -0.06199784949421881
v 0.0019037921447306871 -0.003494888078421354 -0.06199778616428374
v 0.0029428964480757713 -0.0026878200005739923 -0.05399763211607932
v 0.002456850605085492 -0.003133559832349419 -0.06199772655963896
v 0.0029428964480757713 -0.002686111023649573 -0.0619976334273815
v -0.001298797084018588 -0.0037619473878294225 -0.05399784818291663
v -0.0019037890015169978 -0.003494888078421354 -0.06199778616428374
v -0.001298797084018588 -0.0037602689117193218 -0.06199784949421881
v -0.0024568496737629175 -0.00313523830845952 -0.05399772524833678
v -0.0019037890015169978 -0.003494888078421354 -0.06199778616428374
v -0.0019037890015169978 -0.0034965665545314546 -0.053997784852981554
v -0.001298797084018588 -0.0037619473878294225 -0.05399784818291663
v -0.001298797084018588 -0.0037602689117193218 -0.06199784949421881
v -0.0006583762005902827 -0.00392243918031454 -0.0619978792965412
v -0.0033486648462712765 -0.0021647792309522624 -0.06199751049280165
v -0.0029428955167531967 -0.002686111023649573 -0.0619976334273815
v -0.0029428955167531967 -0.0026878200005739923 -0.05399763211607932
v -0.0038776013534516096 -0.0009606166277080773 -0.05399726703763007
v -0.0036630933173000813 -0.0015837856335565446 -0.0619973912835121
v -0.0036630933173000813 -0.0015854641096666453 -0.05399738997220992
v -0.003986337222158909 -0.0003073268162552267 -0.061997115612030015
v -0.0038776013534516096 -0.0009589381515979766 -0.06199726834893225
v -0.0038776013534516096 -0.0009606166277080773 -0.05399726703763007
v -0.0036630933173000813 -0.0015854641096666453 -0.05399738997220992
v -0.0033486648462712765 -0.0021647792309522624 -0.06199751049280165
v -0.0033486648462712765 -0.002166488207876682 -0.053997512906789766
v -0.0029428955167531967 -0.0026878200005739923 -0.05399763211607932
v -0.0024568496737629175 -0.003133559832349419 -0.06199772655963896
v -0.0024568496737629175 -0.00313523830845952 -0.05399772524833678
v -0.003986337222158909 -0.00030900526326149697 -0.05399711430072783
v -0.003986337222158909 0.00035163928987458343 -0.05399696156382559
v -0.003986337222158909 0.0003533177659846842 -0.06199696287512778
v -0.0038776013534516096 0.0010032505961135028 -0.053996838629245744
v -0.003986337222158909 0.0003533177659846842 -0.06199696287512778
v -0.003986337222158909 0.00035163928987458343 -0.05399696156382559
v -0.0036630933173000813 0.0016280980780720709 -0.05399671941995619
v -0.0033486669417470694 0.00221080076880753 -0.06199659779667853
v -0.0036630933173000813 0.0016297765541821716 -0.06199671700596808
v -0.0033486669417470694 0.0022091222926974292 -0.053996596485376344
v -0.0029428955167531967 0.0027321325615048404 -0.06199647486209868
v -0.0033486669417470694 0.00221080076880753 -0.06199659779667853
v -0.0036630933173000813 0.0016280980780720709 -0.05399671941995619
v -0.0038776013534516096 0.0010049595730379222 -0.06199683994054793
v -0.0038776013534516096 0.0010032505961135028 -0.053996838629245744
v -0.0019037890015169978 0.0035409093834459777 -0.061996292322874055
v -0.0024568515364080667 0.0031795813702046867 -0.06199638172984122
v -0.0024568515364080667 0.0031778723932802673 -0.05399638414382933
v -0.000658379984088242 0.003966751974076032 -0.053996231406927095
v -0.000658379984088242 0.003968460951000451 -0.06199622899293898
v -0.0012987989466637373 0.0038062902167439456 -0.06199626252055167
v -0.0012987989466637373 0.0038045812398195262 -0.05399626120924948
v -0.0012987989466637373 0.0038062902167439456 -0.06199626252055167
v -0.0019037890015169978 0.0035409093834459777 -0.061996292322874055
v -0.0024568515364080667 0.0031778723932802673 -0.05399638414382933
v -0.0029428955167531967 0.0027321325615048404 -0.06199647486209868
v -0.0029428955167531967 0.0027304540853947397 -0.053996473550796495
v 2.4720820945844935e-09 -0.010999374091625212 0.04400063306093215
v 0.0019999986980110407 0.01100062672048807 0.04400527104735374
v 0.002000002423301339 -0.010999374091625212 0.04400063306093215
v 0.006000002846121788 -0.010985336266458033 -0.02249936945736408
v 0.002000002423301339 -0.010982162319123743 -0.03749937191605567
v 0.002000002423301339 -0.010985336266458033 -0.02249936945736408
v 0.002000002423301339 -0.010985336266458033 -0.02249936945736408
v 2.4720820945844935e-09 -0.010999374091625212 0.04400063306093215
v 0.002000002423301339 -0.010994826443493365 0.022500632330775257
v 0.002000002423301339 -0.010994826443493365 0.022500632330775257
v 0.006000002846121788 -0.010998000390827654 0.03750063106417655
v 0.006000002846121788 -0.010994826443493365 0.022500632330775257
v 0.002000002423301339 -0.010985336266458033 -0.02249936945736408
v 0.002000002423301339 -0.010994826443493365 0.022500632330775257
v 0.0019999986980110407 0.011005174368619917 0.022505270317196843
v 0.002000002423301339 -0.010980788618326185 -0.04399937391281127
v 0.002000002423301339 -0.010982162319123743 -0.03749937191605567
v 0.0019999986980110407 0.011017839424312113 -0.03749473392963409
v 2.4720820945844935e-09 -0.010980788618326185 -0.04399937391281127
v 0.002000002423301339 -0.010980788618326185 -0.04399937391281127
v 0.0019999986980110407 0.011019212193787096 -0.04399473220109939
v 0.005999998655170202 0.011005174368619917 0.022505270317196843
v 0.0019999986980110407 0.011002000421285628 0.03750526905059814
v 0.0019999986980110407 0.011005174368619917 0.022505270317196843
v -1.3426154632512066e-09 0.01100062672048807 0.04400527104735374
v -1.3426154632512066e-09 0.011019212193787096 -0.04399473220109939
v 0.0019999986980110407 0.011014665476977823 -0.022494731470942494
v 0.0019999986980110407 0.011014665476977823 -0.022494731470942494
v 0.005999998655170202 0.011017839424312113 -0.03749473392963409
v 0.005999998655170202 0.011014665476977823 -0.022494731470942494
v 0.002000002423301339 -0.010998000390827654 0.03750063106417655
v 0.002000002423301339 -0.010999374091625212 0.04400063306093215
v 0.0019999986980110407 0.01100062672048807 0.04400527104735374
usemtl material_a0000000_0000_0000_0000_000000000000
f 1 2 3
f 4 5 6
f 7 8 9
f 10 11 12
f 13 14 15
f 16 17 18
f 19 20 21
f 22 23 24
f 25 26 27
f 28 29 30
f 31 32 33
f 34 35 36
f 37 38 39
f 40 41 42
f 43 44 45
f 46 47 48
f 49 50 51
f 52 53 54
f 55 56 57
f 58 59 60
f 61 62 63
f 64 65 66
f 67 68 69
f 70 71 72
f 73 74 75
f 76 77 78
f 79 80 81
f 82 83 84
f 85 86 87
f 88 89 90
f 91 92 93
f 94 95 96
f 97 98 99
f 100 101 102
f 103 104 105
f 106 107 108
f 109 110 111
f 112 113 114
f 115 116 117
f 118 119 120
f 121 122 123
f 124 125 126
f 127 128 129
f 130 131 132
f 133 134 135
f 136 137 138
f 139 140 141
f 142 143 144
f 145 146 147
f 148 149 150
f 151 152 153
f 154 155 156
f 157 158 159
f 160 161 162
f 163 164 165
f 166 167 168
f 169 170 171
f 172 173 174
f 175 176 177
f 178 179 180
f 181 182 183
f 184 185 186
f 187 188 189
f 190 191 192
f 193 194 195
f 196 197 198
f 199 200 201
f 202 203 204
f 205 206 207
f 208 209 210
f 211 212 213
f 214 215 216
f 217 218 219
f 220 221 222
f 223 224 225
f 226 227 228
f 229 230 231
f 232 233 234
f 235 236 237
f 238 239 240
f 241 242 243
f 244 245 246
f 247 248 249
f 250 251 252
f 253 254 255
f 256 257 258
f 259 260 261
f 262 263 264
f 265 266 267
f 268 269 270
f 271 272 273
f 274 275 276
f 277 278 279
f 280 281 282
f 283 284 285
f 286 287 288
f 289 290 291
f 292 293 294
f 295 296 297
f 298 299 300
f 301 302 303
f 304 305 306
f 307 308 309
f 310 311 312
f 313 314 315
f 316 317 318
f 319 320 321
f 322 323 324
f 325 326 327
f 328 329 330
f 331 332 333
f 334 335 336
f 337 338 339
f 340 341 342
f 343 344 345
f 346 347 348
f 349 350 351
f 352 353 354
f 355 356 357
f 358 359 360
f 361 362 363
f 364 365 366
f 367 368 369
f 370 371 372
f 373 374 375
f 376 377 378
f 379 380 381
f 382 383 384
f 385 386 387
f 388 389 390
f 391 392 393
f 394 395 396
f 397 398 399
f 400 401 402
f 403 404 405
f 406 407 408
f 409 410 411
f 412 413 414
f 415 416 417
f 418 419 420
f 421 422 423
f 424 425 426
f 427 428 429
f 430 431 432
f 433 434 435
f 436 437 438
f 439 440 441
f 442 443 444
f 445 446 447
f 448 449 450
f 451 452 453
f 454 455 456
f 457 458 459
f 460 461 462
f 463 464 465
f 466 467 468
f 469 470 471
f 472 473 474
f 475 476 477
f 478 479 480
f 481 482 483
f 484 485 486
f 487 488 489
f 490 491 492
f 493 494 495
f 496 497 498
f 499 500 501
f 502 503 504
f 505 506 507
f 508 509 510
f 511 512 513
f 514 515 516
f 517 518 519
f 520 521 522
f 523 524 525
f 526 527 528
f 529 530 531
f 532 533 534
f 535 536 537
f 538 539 540
f 541 542 543
f 544 545 546
f 547 548 549
f 550 551 552
f 553 554 555
f 556 557 558
f 559 560 561
f 562 563 564
f 565 566 567
f 568 569 570
f 571 572 573
f 574 575 576
f 577 578 579
f 580 581 582
f 583 584 585
f 586 587 588
f 589 590 591
f 592 593 594
f 595 596 597
f 598 599 600
f 601 602 603
f 604 605 606
f 607 608 609
f 610 611 612
f 613 614 615
f 616 617 618
f 619 620 621
f 622 623 624
f 625 626 627
f 628 629 630
f 631 632 633
f 634 635 636
f 637 638 639
f 640 641 642
f 643 644 645
f 646 647 648
f 649 650 651
f 652 653 654
f 655 656 657
f 658 659 660
f 661 662 663
f 664 665 666
f 667 668 669
f 670 671 672
f 673 674 675
f 676 677 678
f 679 680 681
f 682 683 684
f 685 686 687
f 688 689 690
f 691 692 693
f 694 695 696
f 697 698 699
f 700 701 702
f 703 704 705
f 706 707 708
f 709 710 711
f 712 713 714
f 715 716 717
f 718 719 720
f 721 722 723
f 724 725 726
f 727 728 729
f 730 731 732
f 733 734 735
f 736 737 738
f 739 740 741
f 742 743 744
f 745 746 747
f 748 749 750
f 751 752 753
f 754 755 756
f 757 758 759
f 760 761 762
f 763 764 765
f 766 767 768
f 769 770 771
f 772 773 774
f 775 776 777
f 778 779 780
f 781 782 783
f 784 785 786
f 787 788 789
f 790 791 792
f 793 794 795
f 796 797 798
f 799 800 801
f 802 803 804
f 805 806 807
f 808 809 810
f 811 812 813
f 814 815 816
f 817 818 819
f 820 821 822
f 823 824 825
f 826 827 828
f 829 830 831
f 832 833 834
f 835 836 837
f 838 839 840
f 841 842 843
f 844 845 846
f 847 848 849
f 850 851 852
f 853 854 855
f 856 857 858
f 859 860 861
f 862 863 864
f 865 866 867
f 868 869 870
f 871 872 873
f 874 875 876
f 877 878 879
f 880 881 882
f 883 884 885
f 886 887 888
f 889 890 891
f 892 893 894
f 895 896 897
f 898 899 900
f 901 902 903
f 904 905 906
f 907 908 909
f 910 911 912
f 913 914 915
f 916 917 918
f 919 920 921
f 922 923 924
f 925 926 927
f 928 929 930
f 931 932 933
f 934 935 936
f 937 938 939
f 940 941 942
f 943 944 945
f 946 947 948
f 949 950 951
f 952 953 954
f 955 956 957
f 958 959 960
f 961 962 963
f 964 965 966
f 967 968 969
f 970 971 972
f 973 974 975
f 976 977 978
f 979 980 981
f 982 983 984
f 985 986 987
f 988 989 990
f 991 992 993
f 994 995 996
f 997 998 999
f 1000 1001 1002
f 1003 1004 1005
f 1006 1007 1008
f 1009 1010 1011
f 1012 1013 1014
f 1015 1016 1017
f 1018 1019 1020
f 1021 1022 1023
f 1024 1025 1026
f 1027 1028 1029
f 1030 1031 1032
f 1033 1034 1035
f 1036 1037 1038
f 1039 1040 1041
f 1042 1043 1044
f 1045 1046 1047
f 1048 1049 1050
f 1051 1052 1053
f 1054 1055 1056
f 1057 1058 1059
f 1060 1061 1062
f 1063 1064 1065
f 1066 1067 1068
f 1069 1070 1071
f 1072 1073 1074
f 1075 1076 1077
f 1078 1079 1080
f 1081 1082 1083
f 1084 1085 1086
f 1087 1088 1089
f 1090 1091 1092
f 1093 1094 1095
f 1096 1097 1098
f 1099 1100 1101
f 1102 1103 1104
f 1105 1106 1107
f 1108 1109 1110
f 1111 1112 1113
f 1114 1115 1116
f 1117 1118 1119
f 1120 1121 1122
f 1123 1124 1125
f 1126 1127 1128
f 1129 1130 1131
f 1132 1133 1134
f 1135 1136 1137
f 1138 1139 1140
f 1141 1142 1143
f 1144 1145 1146
f 1147 1148 1149
f 1150 1151 1152
f 1153 1154 1155
f 1156 1157 1158
f 1159 1160 1161
f 1162 1163 1164
f 1165 1166 1167
f 1168 1169 1170
f 1171 1172 1173
f 1174 1175 1176
f 1177 1178 1179
f 1180 1181 1182
f 1183 1184 1185
f 1186 1187 1188
f 1189 1190 1191
f 1192 1193 1194
f 1195 1196 1197
f 1198 1199 1200
f 1201 1202 1203
f 1204 1205 1206
f 1207 1208 1209
f 1210 1211 1212
f 1213 1214 1215
f 1216 1217 1218
f 1219 1220 1221
f 1222 1223 1224
f 1225 1226 1227
f 1228 1229 1230
f 1231 1232 1233
f 1234 1235 1236
f 1237 1238 1239
f 1240 1241 1242
f 1243 1244 1245
f 1246 1247 1248
f 1249 1250 1251
f 1252 1253 1254
f 1255 1256 1257
f 1258 1259 1260
f 1261 1262 1263
f 1264 1265 1266
f 1267 1268 1269
f 1270 1271 1272
f 1273 1274 1275
f 1276 1277 1278
f 1279 1280 1281
f 1282 1283 1284
f 1285 1286 1287
f 1288 1289 1290
f 1291 1292 1293
f 1294 1295 1296
f 1297 1298 1299
f 1300 1301 1302
f 1303 1304 1305
f 1306 1307 1308
f 1309 1310 1311
f 1312 1313 1314
f 1315 1316 1317
f 1318 1319 1320
f 1321 1322 1323
f 1324 1325 1326
f 1327 1328 1329
f 1330 1331 1332
f 1333 1334 1335
f 1336 1337 1338
f 1339 1340 1341
f 1342 1343 1344
f 1345 1346 1347
f 1348 1349 1350
f 1351 1352 1353
f 1354 1355 1356
f 1357 1358 1359
f 1360 1361 1362
f 1363 1364 1365
f 1366 1367 1368
f 1369 1370 1371
f 1372 1373 1374
f 1375 1376 1377
f 1378 1379 1380
f 1381 1382 1383
f 1384 1385 1386
f 1387 1388 1389
f 1390 1391 1392
f 1393 1394 1395
f 1396 1397 1398
f 1399 1400 1401
f 1402 1403 1404
f 1405 1406 1407
f 1408 1409 1410
f 1411 1412 1413
f 1414 1415 1416
f 1417 1418 1419
f 1420 1421 1422
f 1423 1424 1425
f 1426 1427 1428
f 1429 1430 1431
f 1432 1433 1434
f 1435 1436 1437
f 1438 1439 1440
f 1441 1442 1443
f 1444 1445 1446
f 1447 1448 1449
f 1450 1451 1452
f 1453 1454 1455
f 1456 1457 1458
f 1459 1460 1461
f 1462 1463 1464
f 1465 1466 1467
f 1468 1469 1470
f 1471 1472 1473
f 1474 1475 1476
f 1477 1478 1479
f 1480 1481 1482
f 1483 1484 1485
f 1486 1487 1488
f 1489 1490 1491
f 1492 1493 1494
f 1495 1496 1497
f 1498 1499 1500
f 1501 1502 1503
f 1504 1505 1506
f 1507 1508 1509
f 1510 1511 1512
f 1513 1514 1515
f 1516 1517 1518
f 1519 1520 1521
f 1522 1523 1524
f 1525 1526 1527
f 1528 1529 1530
f 1531 1532 1533
f 1534 1535 1536
f 1537 1538 1539
f 1540 1541 1542
f 1543 1544 1545
f 1546 1547 1548
f 1549 1550 1551
f 1552 1553 1554
f 1555 1556 1557
f 1558 1559 1560
f 1561 1562 1563
f 1564 1565 1566
f 1567 1568 1569
f 1570 1571 1572
f 1573 1574 1575
f 1576 1577 1578
f 1579 1580 1581
f 1582 1583 1584
f 1585 1586 1587
f 1588 1589 1590
f 1591 1592 1593
f 1594 1595 1596
f 1597 1598 1599
f 1600 1601 1602
f 1603 1604 1605
f 1606 1607 1608
f 1609 1610 1611
f 1612 1613 1614
f 1615 1616 1617
f 1618 1619 1620
f 1621 1622 1623
f 1624 1625 1626
f 1627 1628 1629
f 1630 1631 1632
f 1633 1634 1635
f 1636 1637 1638
f 1639 1640 1641
f 1642 1643 1644
f 1645 1646 1647
f 1648 1649 1650
f 1651 1652 1653
f 1654 1655 1656
f 1657 1658 1659
f 1660 1661 1662
f 1663 1664 1665
f 1666 1667 1668
f 1669 1670 1671
f 1672 1673 1674
f 1675 1676 1677
f 1678 1679 1680
f 1681 1682 1683
f 1684 1685 1686
f 1687 1688 1689
f 1690 1691 1692
f 1693 1694 1695
f 1696 1697 1698
f 1699 1700 1701
f 1702 1703 1704
f 1705 1706 1707
f 1708 1709 1710
f 1711 1712 1713
f 1714 1715 1716
f 1717 1718 1719
f 1720 1721 1722
f 1723 1724 1725
f 1726 1727 1728
f 1729 1730 1731
f 1732 1733 1734
f 1735 1736 1737
f 1738 1739 1740
f 1741 1742 1743
f 1744 1745 1746
f 1747 1748 1749
f 1750 1751 1752
f 1753 1754 1755
f 1756 1757 1758
f 1759 1760 1761
f 1762 1763 1764
f 1765 1766 1767
f 1768 1769 1770
f 1771 1772 1773
f 1774 1775 1776
f 1777 1778 1779
f 1780 1781 1782
f 1783 1784 1785
f 1786 1787 1788
f 1789 1790 1791
f 1792 1793 1794
f 1795 1796 1797
f 1798 1799 1800
f 1801 1802 1803
f 1804 1805 1806
f 1807 1808 1809
f 1810 1811 1812
f 1813 1814 1815
f 1816 1817 1818
f 1819 1820 1821
f 1822 1823 1824
f 1825 1826 1827
f 1828 1829 1830
f 1831 1832 1833
f 1834 1835 1836
f 1837 1838 1839
f 1840 1841 1842
f 1843 1844 1845
f 1846 1847 1848
f 1849 1850 1851
f 1852 1853 1854
f 1855 1856 1857
f 1858 1859 1860
f 1861 1862 1863
f 1864 1865 1866
f 1867 1868 1869
f 1870 1871 1872
f 1873 1874 1875
f 1876 1877 1878
f 1879 1880 1881
f 1882 1883 1884
f 1885 1886 1887
f 1888 1889 1890
f 1891 1892 1893
f 1894 1895 1896
f 1897 1898 1899
f 1900 1901 1902
f 1903 1904 1905
f 1906 1907 1908
f 1909 1910 1911
f 1912 1913 1914
f 1915 1916 1917
f 1918 1919 1920
f 1921 1922 1923
f 1924 1925 1926
f 1927 1928 1929
f 1930 1931 1932
f 1933 1934 1935
f 1936 1937 1938
f 1939 1940 1941
f 1942 1943 1944
f 1945 1946 1947
f 1948 1949 1950
f 1951 1952 1953
f 1954 1955 1956
f 1957 1958 1959
f 1960 1961 1962
f 1963 1964 1965
f 1966 1967 1968
f 1969 1970 1971
f 1972 1973 1974
f 1975 1976 1977
f 1978 1979 1980
f 1981 1982 1983
f 1984 1985 1986
f 1987 1988 1989
f 1990 1991 1992
f 1993 1994 1995
f 1996 1997 1998
f 1999 2000 2001
f 2002 2003 2004
f 2005 2006 2007
f 2008 2009 2010
f 2011 2012 2013
f 2014 2015 2016
f 2017 2018 2019
f 2020 2021 2022
f 2023 2024 2025
f 2026 2027 2028
f 2029 2030 2031
f 2032 2033 2034
f 2035 2036 2037
f 2038 2039 2040
f 2041 2042 2043
f 2044 2045 2046
f 2047 2048 2049
f 2050 2051 2052
f 2053 2054 2055
f 2056 2057 2058
f 2059 2060 2061
f 2062 2063 2064
f 2065 2066 2067
f 2068 2069 2070
f 2071 2072 2073
f 2074 2075 2076
f 2077 2078 2079
f 2080 2081 2082
f 2083 2084 2085
f 2086 2087 2088
f 2089 2090 2091
f 2092 2093 2094
f 2095 2096 2097
f 2098 2099 2100
f 2101 2102 2103
f 2104 2105 2106
f 2107 2108 2109
f 2110 2111 2112
f 2113 2114 2115
f 2116 2117 2118
f 2119 2120 2121
f 2122 2123 2124
f 2125 2126 2127
f 2128 2129 2130
f 2131 2132 2133
f 2134 2135 2136
f 2137 2138 2139
f 2140 2141 2142
f 2143 2144 2145
f 2146 2147 2148
f 2149 2150 2151
f 2152 2153 2154
f 2155 2156 2157
f 2158 2159 2160
f 2161 2162 2163
f 2164 2165 2166
f 2167 2168 2169
f 2170 2171 2172
f 2173 2174 2175
f 2176 2177 2178
f 2179 2180 2181
f 2182 2183 2184
f 2185 2186 2187
f 2188 2189 2190
f 2191 2192 2193
f 2194 2195 2196
f 2197 2198 2199
f 2200 2201 2202
f 2203 2204 2205
f 2206 2207 2208
f 2209 2210 2211
f 2212 2213 2214
f 2215 2216 2217
f 2218 2219 2220
f 2221 2222 2223
f 2224 2225 2226
f 2227 2228 2229
f 2230 2231 2232
f 2233 2234 2235
f 2236 2237 2238
f 2239 2240 2241
f 2242 2243 2244
f 2245 2246 2247
f 2248 2249 2250
f 2251 2252 2253
f 2254 2255 2256
f 2257 2258 2259
f 2260 2261 2262
f 2263 2264 2265
f 2266 2267 2268
f 2269 2270 2271
f 2272 2273 2274
f 2275 2276 2277
f 2278 2279 2280
f 2281 2282 2283
f 2284 2285 2286
f 2287 2288 2289
f 2290 2291 2292
f 2293 2294 2295
f 2296 2297 2298
f 2299 2300 2301
f 2302 2303 2304
f 2305 2306 2307
f 2308 2309 2310
f 2311 2312 2313
f 2314 2315 2316
f 2317 2318 2319
f 2320 2321 2322
f 2323 2324 2325
f 2326 2327 2328
f 2329 2330 2331
f 2332 2333 2334
f 2335 2336 2337
f 2338 2339 2340
f 2341 2342 2343
f 2344 2345 2346
f 2347 2348 2349
f 2350 2351 2352
f 2353 2354 2355
f 2356 2357 2358
f 2359 2360 2361
f 2362 2363 2364
f 2365 2366 2367
f 2368 2369 2370
f 2371 2372 2373
f 2374 2375 2376
f 2377 2378 2379
f 2380 2381 2382
f 2383 2384 2385
f 2386 2387 2388
f 2389 2390 2391
f 2392 2393 2394
f 2395 2396 2397
f 2398 2399 2400
f 2401 2402 2403
f 2404 2405 2406
f 2407 2408 2409
f 2410 2411 2412
f 2413 2414 2415
f 2416 2417 2418
f 2419 2420 2421
f 2422 2423 2424
f 2425 2426 2427
f 2428 2429 2430
f 2431 2432 2433
f 2434 2435 2436
f 2437 2438 2439
f 2440 2441 2442
f 2443 2444 2445
f 2446 2447 2448
f 2449 2450 2451
f 2452 2453 2454
f 2455 2456 2457
f 2458 2459 2460
f 2461 2462 2463
f 2464 2465 2466
f 2467 2468 2469
f 2470 2471 2472
f 2473 2474 2475
f 2476 2477 2478
f 2479 2480 2481
f 2482 2483 2484
f 2485 2486 2487
f 2488 2489 2490
f 2491 2492 2493
f 2494 2495 2496
f 2497 2498 2499
f 2500 2501 2502
f 2503 2504 2505
f 2506 2507 2508
f 2509 2510 2511
f 2512 2513 2514
f 2515 2516 2517
f 2518 2519 2520
f 2521 2522 2523
f 2524 2525 2526
f 2527 2528 2529
f 2530 2531 2532
f 2533 2534 2535
f 2536 2537 2538
f 2539 2540 2541
f 2542 2543 2544
f 2545 2546 2547
f 2548 2549 2550
f 2551 2552 2553
f 2554 2555 2556
f 2557 2558 2559
f 2560 2561 2562
f 2563 2564 2565
f 2566 2567 2568
f 2569 2570 2571
f 2572 2573 2574
f 2575 2576 2577
f 2578 2579 2580
f 2581 2582 2583
f 2584 2585 2586
f 2587 2588 2589
f 2590 2591 2592
f 2593 2594 2595
f 2596 2597 2598
f 2599 2600 2601
f 2602 2603 2604
f 2605 2606 2607
f 2608 2609 2610
f 2611 2612 2613
f 2614 2615 2616
f 2617 2618 2619
f 2620 2621 2622
f 2623 2624 2625
f 2626 2627 2628
f 2629 2630 2631
f 2632 2633 2634
f 2635 2636 2637
f 2638 2639 2640
f 2641 2642 2643
f 2644 2645 2646
f 2647 2648 2649
f 2650 2651 2652
f 2653 2654 2655
f 2656 2657 2658
f 2659 2660 2661
f 2662 2663 2664
f 2665 2666 2667
f 2668 2669 2670
f 2671 2672 2673
f 2674 2675 2676
f 2677 2678 2679
f 2680 2681 2682
f 2683 2684 2685
f 2686 2687 2688
f 2689 2690 2691
f 2692 2693 2694
f 2695 2696 2697
f 2698 2699 2700
f 2701 2702 2703
f 2704 2705 2706
f 2707 2708 2709
f 2710 2711 2712
f 2713 2714 2715
f 2716 2717 2718
f 2719 2720 2721
f 2722 2723 2724
f 2725 2726 2727
f 2728 2729 2730
f 2731 2732 2733
f 2734 2735 2736
f 2737 2738 2739
f 2740 2741 2742
f 2743 2744 2745
f 2746 2747 2748
f 2749 2750 2751
f 2752 2753 2754
f 2755 2756 2757
f 2758 2759 2760
f 2761 2762 2763
f 2764 2765 2766
f 2767 2768 2769
f 2770 2771 2772
f 2773 2774 2775
f 2776 2777 2778
f 2779 2780 2781
f 2782 2783 2784
f 2785 2786 2787
f 2788 2789 2790
f 2791 2792 2793
f 2794 2795 2796
f 2797 2798 2799
f 2800 2801 2802
f 2803 2804 2805
f 2806 2807 2808
f 2809 2810 2811
f 2812 2813 2814
f 2815 2816 2817
f 2818 2819 2820
f 2821 2822 2823
f 2824 2825 2826
f 2827 2828 2829
f 2830 2831 2832
f 2833 2834 2835
f 2836 2837 2838
f 2839 2840 2841
f 2842 2843 2844
f 2845 2846 2847
f 2848 2849 2850
f 2851 2852 2853
f 2854 2855 2856
f 2857 2858 2859
f 2860 2861 2862
f 2863 2864 2865
f 2866 2867 2868
f 2869 2870 2871
f 2872 2873 2874
f 2875 2876 2877
f 2878 2879 2880
f 2881 2882 2883
f 2884 2885 2886
f 2887 2888 2889
f 2890 2891 2892
f 2893 2894 2895
f 2896 2897 2898
f 2899 2900 2901
f 2902 2903 2904
f 2905 2906 2907
f 2908 2909 2910
f 2911 2912 2913
f 2914 2915 2916
f 2917 2918 2919
f 2920 2921 2922
f 2923 2924 2925
f 2926 2927 2928
f 2929 2930 2931
f 2932 2933 2934
f 2935 2936 2937
f 2938 2939 2940
f 2941 2942 2943
f 2944 2945 2946
f 2947 2948 2949
f 2950 2951 2952
f 2953 2954 2955
f 2956 2957 2958
f 2959 2960 2961
f 2962 2963 2964
f 2965 2966 2967
f 2968 2969 2970
f 2971 2972 2973
f 2974 2975 2976
f 2977 2978 2979
f 2980 2981 2982
f 2983 2984 2985
f 2986 2987 2988
f 2989 2990 2991
f 2992 2993 2994
f 2995 2996 2997
f 2998 2999 3000
f 3001 3002 3003
f 3004 3005 3006
f 3007 3008 3009
f 3010 3011 3012
f 3013 3014 3015
f 3016 3017 3018
f 3019 3020 3021
f 3022 3023 3024
f 3025 3026 3027
f 3028 3029 3030
f 3031 3032 3033
f 3034 3035 3036
f 3037 3038 3039
f 3040 3041 3042
f 3043 3044 3045
f 3046 3047 3048
f 3049 3050 3051
f 3052 3053 3054
f 3055 3056 3057
f 3058 3059 3060
f 3061 3062 3063
f 3064 3065 3066
f 3067 3068 3069
f 3070 3071 3072
f 3073 3074 3075
f 3076 3077 3078
f 3079 3080 3081
f 3082 3083 3084
f 3085 3086 3087
f 3088 3089 3090
f 3091 3092 3093
f 3094 3095 3096
f 3097 3098 3099
f 3100 3101 3102
f 3103 3104 3105
f 3106 3107 3108
f 3109 3110 3111
f 3112 3113 3114
f 3115 3116 3117
f 3118 3119 3120
f 3121 3122 3123
f 3124 3125 3126
f 3127 3128 3129
f 3130 3131 3132
f 3133 3134 3135
f 3136 3137 3138
f 3139 3140 3141
f 3142 3143 3144
f 3145 3146 3147
f 3148 3149 3150
f 3151 3152 3153
f 3154 3155 3156
f 3157 3158 3159
f 3160 3161 3162
f 3163 3164 3165
f 3166 3167 3168
f 3169 3170 3171
f 3172 3173 3174
f 3175 3176 3177
f 3178 3179 3180
f 3181 3182 3183
f 3184 3185 3186
f 3187 3188 3189
f 3190 3191 3192
f 3193 3194 3195
f 3196 3197 3198
f 3199 3200 3201
f 3202 3203 3204
f 3205 3206 3207
f 3208 3209 3210
f 3211 3212 3213
f 3214 3215 3216
f 3217 3218 3219
f 3220 3221 3222
f 3223 3224 3225
f 3226 3227 3228
f 3229 3230 3231
f 3232 3233 3234
f 3235 3236 3237
f 3238 3239 3240
f 3241 3242 3243
f 3244 3245 3246
f 3247 3248 3249
f 3250 3251 3252
f 3253 3254 3255
f 3256 3257 3258
f 3259 3260 3261
f 3262 3263 3264
f 3265 3266 3267
f 3268 3269 3270
f 3271 3272 3273
f 3274 3275 3276
f 3277 3278 3279
f 3280 3281 3282
f 3283 3284 3285
f 3286 3287 3288
f 3289 3290 3291
f 3292 3293 3294
f 3295 3296 3297
f 3298 3299 3300
f 3301 3302 3303
f 3304 3305 3306
f 3307 3308 3309
f 3310 3311 3312
f 3313 3314 3315
f 3316 3317 3318
f 3319 3320 3321
f 3322 3323 3324
f 3325 3326 3327
f 3328 3329 3330
f 3331 3332 3333
f 3334 3335 3336
f 3337 3338 3339
f 3340 3341 3342
f 3343 3344 3345
f 3346 3347 3348
f 3349 3350 3351
f 3352 3353 3354
f 3355 3356 3357
f 3358 3359 3360
f 3361 3362 3363
f 3364 3365 3366
f 3367 3368 3369
f 3370 3371 3372
f 3373 3374 3375
f 3376 3377 3378
f 3379 3380 3381
f 3382 3383 3384
f 3385 3386 3387
f 3388 3389 3390
f 3391 3392 3393
f 3394 3395 3396
f 3397 3398 3399
f 3400 3401 3402
f 3403 3404 3405
f 3406 3407 3408
f 3409 3410 3411
f 3412 3413 3414
f 3415 3416 3417
f 3418 3419 3420
f 3421 3422 3423
f 3424 3425 3426
f 3427 3428 3429
f 3430 3431 3432
f 3433 3434 3435
f 3436 3437 3438
f 3439 3440 3441
f 3442 3443 3444
f 3445 3446 3447
f 3448 3449 3450
f 3451 3452 3453
f 3454 3455 3456
f 3457 3458 3459
f 3460 3461 3462
f 3463 3464 3465
f 3466 3467 3468
f 3469 3470 3471
f 3472 3473 3474
f 3475 3476 3477
f 3478 3479 3480
f 3481 3482 3483
f 3484 3485 3486
f 3487 3488 3489
f 3490 3491 3492
f 3493 3494 3495
f 3496 3497 3498
f 3499 3500 3501
f 3502 3503 3504
f 3505 3506 3507
f 3508 3509 3510
f 3511 3512 3513
f 3514 3515 3516
f 3517 3518 3519
f 3520 3521 3522
f 3523 3524 3525
f 3526 3527 3528
f 3529 3530 3531
f 3532 3533 3534
f 3535 3536 3537
f 3538 3539 3540
f 3541 3542 3543
f 3544 3545 3546
f 3547 3548 3549
f 3550 3551 3552
f 3553 3554 3555
f 3556 3557 3558
f 3559 3560 3561
f 3562 3563 3564
f 3565 3566 3567
f 3568 3569 3570
f 3571 3572 3573
f 3574 3575 3576
f 3577 3578 3579
f 3580 3581 3582
f 3583 3584 3585
f 3586 3587 3588
f 3589 3590 3591
f 3592 3593 3594
f 3595 3596 3597
f 3598 3599 3600
f 3601 3602 3603
f 3604 3605 3606
f 3607 3608 3609
f 3610 3611 3612
f 3613 3614 3615
f 3616 3617 3618
f 3619 3620 3621
f 3622 3623 3624
f 3625 3626 3627
f 3628 3629 3630
f 3631 3632 3633
f 3634 3635 3636
f 3637 3638 3639
f 3640 3641 3642
f 3643 3644 3645
f 3646 3647 3648
f 3649 3650 3651
f 3652 3653 3654
f 3655 3656 3657
f 3658 3659 3660
f 3661 3662 3663
f 3664 3665 3666
f 3667 3668 3669
f 3670 3671 3672
f 3673 3674 3675
f 3676 3677 3678
f 3679 3680 3681
f 3682 3683 3684
f 3685 3686 3687
f 3688 3689 3690
f 3691 3692 3693
f 3694 3695 3696
f 3697 3698 3699
f 3700 3701 3702
f 3703 3704 3705
f 3706 3707 3708
f 3709 3710 3711
f 3712 3713 3714
f 3715 3716 3717
f 3718 3719 3720
f 3721 3722 3723
f 3724 3725 3726
f 3727 3728 3729
f 3730 3731 3732
f 3733 3734 3735
f 3736 3737 3738
f 3739 3740 3741
f 3742 3743 3744
f 3745 3746 3747
f 3748 3749 3750
f 3751 3752 3753
f 3754 3755 3756
f 3757 3758 3759
f 3760 3761 3762
f 3763 3764 3765
f 3766 3767 3768
f 3769 3770 3771
f 3772 3773 3774
f 3775 3776 3777
f 3778 3779 3780
f 3781 3782 3783
f 3784 3785 3786
f 3787 3788 3789
f 3790 3791 3792
f 3793 3794 3795
f 3796 3797 3798
f 3799 3800 3801
f 3802 3803 3804
f 3805 3806 3807
f 3808 3809 3810
f 3811 3812 3813
f 3814 3815 3816
f 3817 3818 3819
f 3820 3821 3822
f 3823 3824 3825
f 3826 3827 3828
f 3829 3830 3831
f 3832 3833 3834
f 3835 3836 3837
f 3838 3839 3840
f 3841 3842 3843
f 3844 3845 3846
f 3847 3848 3849
f 3850 3851 3852
f 3853 3854 3855
f 3856 3857 3858
f 3859 3860 3861
f 3862 3863 3864
f 3865 3866 3867
f 3868 3869 3870
f 3871 3872 3873
f 3874 3875 3876
f 3877 3878 3879
f 3880 3881 3882
f 3883 3884 3885
f 3886 3887 3888
f 3889 3890 3891
f 3892 3893 3894
f 3895 3896 3897
f 3898 3899 3900
f 3901 3902 3903
f 3904 3905 3906
f 3907 3908 3909
f 3910 3911 3912
f 3913 3914 3915
f 3916 3917 3918
f 3919 3920 3921
f 3922 3923 3924
f 3925 3926 3927
f 3928 3929 3930
f 3931 3932 3933
f 3934 3935 3936
f 3937 3938 3939
f 3940 3941 3942
f 3943 3944 3945
f 3946 3947 3948
f 3949 3950 3951
f 3952 3953 3954
f 3955 3956 3957
f 3958 3959 3960
f 3961 3962 3963
f 3964 3965 3966
f 3967 3968 3969
f 3970 3971 3972
f 3973 3974 3975
f 3976 3977 3978
f 3979 3980 3981
f 3982 3983 3984
f 3985 3986 3987
f 3988 3989 3990
f 3991 3992 3993
f 3994 3995 3996
f 3997 3998 3999
f 4000 4001 4002
f 4003 4004 4005
f 4006 4007 4008
f 4009 4010 4011
f 4012 4013 4014
f 4015 4016 4017
f 4018 4019 4020
f 4021 4022 4023
f 4024 4025 4026
f 4027 4028 4029
f 4030 4031 4032
f 4033 4034 4035
f 4036 4037 4038
f 4039 4040 4041
f 4042 4043 4044
f 4045 4046 4047
f 4048 4049 4050
f 4051 4052 4053
f 4054 4055 4056
f 4057 4058 4059
f 4060 4061 4062
f 4063 4064 4065
f 4066 4067 4068
f 4069 4070 4071
f 4072 4073 4074
f 4075 4076 4077
f 4078 4079 4080
f 4081 4082 4083
f 4084 4085 4086
f 4087 4088 4089
f 4090 4091 4092
f 4093 4094 4095
f 4096 4097 4098
f 4099 4100 4101
f 4102 4103 4104
f 4105 4106 4107
f 4108 4109 4110
f 4111 4112 4113
f 4114 4115 4116
f 4117 4118 4119
f 4120 4121 4122
f 4123 4124 4125
f 4126 4127 4128
f 4129 4130 4131
f 4132 4133 4134
f 4135 4136 4137
f 4138 4139 4140
f 4141 4142 4143
f 4144 4145 4146
f 4147 4148 4149
f 4150 4151 4152
f 4153 4154 4155
f 4156 4157 4158
f 4159 4160 4161
f 4162 4163 4164
f 4165 4166 4167
f 4168 4169 4170
f 4171 4172 4173
f 4174 4175 4176
f 4177 4178 4179
f 4180 4181 4182
f 4183 4184 4185
f 4186 4187 4188
f 4189 4190 4191
f 4192 4193 4194
f 4195 4196 4197
f 4198 4199 4200
f 4201 4202 4203
f 4204 4205 4206
f 4207 4208 4209
f 4210 4211 4212
f 4213 4214 4215
f 4216 4217 4218
f 4219 4220 4221
f 4222 4223 4224
f 4225 4226 4227
f 4228 4229 4230
f 4231 4232 4233
f 4234 4235 4236
f 4237 4238 4239
f 4240 4241 4242
f 4243 4244 4245
f 4246 4247 4248
f 4249 4250 4251
f 4252 4253 4254
f 4255 4256 4257
f 4258 4259 4260
f 4261 4262 4263
f 4264 4265 4266
f 4267 4268 4269
f 4270 4271 4272
f 4273 4274 4275
f 4276 4277 4278
f 4279 4280 4281
f 4282 4283 4284
f 4285 4286 4287
f 4288 4289 4290
f 4291 4292 4293
f 4294 4295 4296
f 4297 4298 4299
f 4300 4301 4302
f 4303 4304 4305
f 4306 4307 4308
f 4309 4310 4311
f 4312 4313 4314
f 4315 4316 4317
f 4318 4319 4320
f 4321 4322 4323
f 4324 4325 4326
f 4327 4328 4329
f 4330 4331 4332
f 4333 4334 4335
f 4336 4337 4338
f 4339 4340 4341
f 4342 4343 4344
f 4345 4346 4347
f 4348 4349 4350
f 4351 4352 4353
f 4354 4355 4356
f 4357 4358 4359
f 4360 4361 4362
f 4363 4364 4365
f 4366 4367 4368
f 4369 4370 4371
f 4372 4373 4374
f 4375 4376 4377
f 4378 4379 4380
f 4381 4382 4383
f 4384 4385 4386
f 4387 4388 4389
f 4390 4391 4392
f 4393 4394 4395
f 4396 4397 4398
f 4399 4400 4401
f 4402 4403 4404
f 4405 4406 4407
f 4408 4409 4410
f 4411 4412 4413
f 4414 4415 4416
f 4417 4418 4419
f 4420 4421 4422
f 4423 4424 4425
f 4426 4427 4428
f 4429 4430 4431
f 4432 4433 4434
f 4435 4436 4437
f 4438 4439 4440
f 4441 4442 4443
f 4444 4445 4446
f 4447 4448 4449
f 4450 4451 4452
f 4453 4454 4455
f 4456 4457 4458
f 4459 4460 4461
f 4462 4463 4464
f 4465 4466 4467
f 4468 4469 4470
f 4471 4472 4473
f 4474 4475 4476
f 4477 4478 4479
f 4480 4481 4482
f 4483 4484 4485
f 4486 4487 4488
f 4489 4490 4491
f 4492 4493 4494
f 4495 4496 4497
f 4498 4499 4500
f 4501 4502 4503
f 4504 4505 4506
f 4507 4508 4509
f 4510 4511 4512
f 4513 4514 4515
f 4516 4517 4518
f 4519 4520 4521
f 4522 4523 4524
f 4525 4526 4527
f 4528 4529 4530
f 4531 4532 4533
f 4534 4535 4536
f 4537 4538 4539
f 4540 4541 4542
f 4543 4544 4545
f 4546 4547 4548
f 4549 4550 4551
f 4552 4553 4554
f 4555 4556 4557
f 4558 4559 4560
f 4561 4562 4563
f 4564 4565 4566
f 4567 4568 4569
f 4570 4571 4572
f 4573 4574 4575
f 4576 4577 4578
f 4579 4580 4581
f 4582 4583 4584
f 4585 4586 4587
f 4588 4589 4590
f 4591 4592 4593
f 4594 4595 4596
f 4597 4598 4599
f 4600 4601 4602
f 4603 4604 4605
f 4606 4607 4608
f 4609 4610 4611
f 4612 4613 4614
f 4615 4616 4617
f 4618 4619 4620
f 4621 4622 4623
f 4624 4625 4626
f 4627 4628 4629
f 4630 4631 4632
f 4633 4634 4635
f 4636 4637 4638
f 4639 4640 4641
f 4642 4643 4644
f 4645 4646 4647
f 4648 4649 4650
f 4651 4652 4653
f 4654 4655 4656
f 4657 4658 4659
f 4660 4661 4662
f 4663 4664 4665
f 4666 4667 4668
f 4669 4670 4671
f 4672 4673 4674
f 4675 4676 4677
f 4678 4679 4680
f 4681 4682 4683
f 4684 4685 4686
f 4687 4688 4689
f 4690 4691 4692
f 4693 4694 4695
f 4696 4697 4698
f 4699 4700 4701
f 4702 4703 4704
f 4705 4706 4707
f 4708 4709 4710
f 4711 4712 4713
f 4714 4715 4716
f 4717 4718 4719
f 4720 4721 4722
f 4723 4724 4725
f 4726 4727 4728
f 4729 4730 4731
f 4732 4733 4734
f 4735 4736 4737
f 4738 4739 4740
f 4741 4742 4743
f 4744 4745 4746
f 4747 4748 4749
f 4750 4751 4752
f 4753 4754 4755
f 4756 4757 4758
f 4759 4760 4761
f 4762 4763 4764
f 4765 4766 4767
f 4768 4769 4770
f 4771 4772 4773
f 4774 4775 4776
f 4777 4778 4779
f 4780 4781 4782
f 4783 4784 4785
f 4786 4787 4788
f 4789 4790 4791
f 4792 4793 4794
f 4795 4796 4797
f 4798 4799 4800
f 4801 4802 4803
f 4804 4805 4806
f 4807 4808 4809
f 4810 4811 4812
f 4813 4814 4815
f 4816 4817 4818
f 4819 4820 4821
f 4822 4823 4824
f 4825 4826 4827
f 4828 4829 4830
f 4831 4832 4833
f 4834 4835 4836
f 4837 4838 4839
f 4840 4841 4842
f 4843 4844 4845
f 4846 4847 4848
f 4849 4850 4851
f 4852 4853 4854
f 4855 4856 4857
f 4858 4859 4860
f 4861 4862 4863
f 4864 4865 4866
f 4867 4868 4869
f 4870 4871 4872
f 4873 4874 4875
f 4876 4877 4878
f 4879 4880 4881
f 4882 4883 4884
f 4885 4886 4887
f 4888 4889 4890
f 4891 4892 4893
f 4894 4895 4896
f 4897 4898 4899
f 4900 4901 4902
f 4903 4904 4905
f 4906 4907 4908
f 4909 4910 4911
f 4912 4913 4914
f 4915 4916 4917
f 4918 4919 4920
f 4921 4922 4923
f 4924 4925 4926
f 4927 4928 4929
f 4930 4931 4932
f 4933 4934 4935
f 4936 4937 4938
f 4939 4940 4941
f 4942 4943 4944
f 4945 4946 4947
f 4948 4949 4950
f 4951 4952 4953
f 4954 4955 4956
f 4957 4958 4959
f 4960 4961 4962
f 4963 4964 4965
f 4966 4967 4968
f 4969 4970 4971
f 4972 4973 4974
f 4975 4976 4977
f 4978 4979 4980
f 4981 4982 4983
f 4984 4985 4986
f 4987 4988 4989
f 4990 4991 4992
f 4993 4994 4995
f 4996 4997 4998
f 4999 5000 5001
f 5002 5003 5004
f 5005 5006 5007
f 5008 5009 5010
f 5011 5012 5013
f 5014 5015 5016
f 5017 5018 5019
f 5020 5021 5022
f 5023 5024 5025
f 5026 5027 5028
f 5029 5030 5031
f 5032 5033 5034
f 5035 5036 5037
f 5038 5039 5040
f 5041 5042 5043
f 5044 5045 5046
f 5047 5048 5049
f 5050 5051 5052
f 5053 5054 5055
f 5056 5057 5058
f 5059 5060 5061
f 5062 5063 5064
f 5065 5066 5067
f 5068 5069 5070
f 5071 5072 5073
f 5074 5075 5076
f 5077 5078 5079
f 5080 5081 5082
f 5083 5084 5085
f 5086 5087 5088
f 5089 5090 5091
f 5092 5093 5094
f 5095 5096 5097
f 5098 5099 5100
f 5101 5102 5103
f 5104 5105 5106
f 5107 5108 5109
f 5110 5111 5112
f 5113 5114 5115
f 5116 5117 5118
f 5119 5120 5121
f 5122 5123 5124
f 5125 5126 5127
f 5128 5129 5130
f 5131 5132 5133
f 5134 5135 5136
f 5137 5138 5139
f 5140 5141 5142
f 5143 5144 5145
f 5146 5147 5148
f 5149 5150 5151
f 5152 5153 5154
f 5155 5156 5157
f 5158 5159 5160
f 5161 5162 5163
f 5164 5165 5166
f 5167 5168 5169
f 5170 5171 5172
f 5173 5174 5175
f 5176 5177 5178
f 5179 5180 5181
f 5182 5183 5184
f 5185 5186 5187
f 5188 5189 5190
f 5191 5192 5193
f 5194 5195 5196
f 5197 5198 5199
f 5200 5201 5202
f 5203 5204 5205
f 5206 5207 5208
f 5209 5210 5211
f 5212 5213 5214
f 5215 5216 5217
f 5218 5219 5220
f 5221 5222 5223
f 5224 5225 5226
f 5227 5228 5229
f 5230 5231 5232
f 5233 5234 5235
f 5236 5237 5238
f 5239 5240 5241
f 5242 5243 5244
f 5245 5246 5247
f 5248 5249 5250
f 5251 5252 5253
f 5254 5255 5256
f 5257 5258 5259
f 5260 5261 5262
f 5263 5264 5265
f 5266 5267 5268
f 5269 5270 5271
f 5272 5273 5274
f 5275 5276 5277
f 5278 5279 5280
f 5281 5282 5283
f 5284 5285 5286
f 5287 5288 5289
f 5290 5291 5292
f 5293 5294 5295
f 5296 5297 5298
f 5299 5300 5301
f 5302 5303 5304
f 5305 5306 5307
f 5308 5309 5310
f 5311 5312 5313
f 5314 5315 5316
f 5317 5318 5319
f 5320 5321 5322
f 5323 5324 5325
f 5326 5327 5328
f 5329 5330 5331
f 5332 5333 5334
f 5335 5336 5337
f 5338 5339 5340
f 5341 5342 5343
f 5344 5345 5346
f 5347 5348 5349
f 5350 5351 5352
f 5353 5354 5355
f 5356 5357 5358
f 5359 5360 5361
f 5362 5363 5364
f 5365 5366 5367
f 5368 5369 5370
f 5371 5372 5373
f 5374 5375 5376
f 5377 5378 5379
f 5380 5381 5382
f 5383 5384 5385
f 5386 5387 5388
f 5389 5390 5391
f 5392 5393 5394
f 5395 5396 5397
f 5398 5399 5400
f 5401 5402 5403
f 5404 5405 5406
f 5407 5408 5409
f 5410 5411 5412
f 5413 5414 5415
f 5416 5417 5418
f 5419 5420 5421
f 5422 5423 5424
f 5425 5426 5427
f 5428 5429 5430
f 5431 5432 5433
f 5434 5435 5436
f 5437 5438 5439
f 5440 5441 5442
f 5443 5444 5445
f 5446 5447 5448
f 5449 5450 5451
f 5452 5453 5454
f 5455 5456 5457
f 5458 5459 5460
f 5461 5462 5463
f 5464 5465 5466
f 5467 5468 5469
f 5470 5471 5472
f 5473 5474 5475
f 5476 5477 5478
f 5479 5480 5481
f 5482 5483 5484
f 5485 5486 5487
f 5488 5489 5490
f 5491 5492 5493
f 5494 5495 5496
f 5497 5498 5499
f 5500 5501 5502
f 5503 5504 5505
f 5506 5507 5508
f 5509 5510 5511
f 5512 5513 5514
f 5515 5516 5517
f 5518 5519 5520
f 5521 5522 5523
f 5524 5525 5526
f 5527 5528 5529
f 5530 5531 5532
f 5533 5534 5535
f 5536 5537 5538
f 5539 5540 5541
f 5542 5543 5544
f 5545 5546 5547
f 5548 5549 5550
f 5551 5552 5553
f 5554 5555 5556
f 5557 5558 5559
f 5560 5561 5562
f 5563 5564 5565
f 5566 5567 5568
f 5569 5570 5571
f 5572 5573 5574
f 5575 5576 5577
f 5578 5579 5580
f 5581 5582 5583
f 5584 5585 5586
f 5587 5588 5589
f 5590 5591 5592
f 5593 5594 5595
f 5596 5597 5598
f 5599 5600 5601
f 5602 5603 5604
f 5605 5606 5607
f 5608 5609 5610
f 5611 5612 5613
f 5614 5615 5616
f 5617 5618 5619
f 5620 5621 5622
f 5623 5624 5625
f 5626 5627 5628
f 5629 5630 5631
f 5632 5633 5634
f 5635 5636 5637
f 5638 5639 5640
f 5641 5642 5643
f 5644 5645 5646
f 5647 5648 5649
f 5650 5651 5652
f 5653 5654 5655
f 5656 5657 5658
f 5659 5660 5661
f 5662 5663 5664
f 5665 5666 5667
f 5668 5669 5670
f 5671 5672 5673
f 5674 5675 5676
f 5677 5678 5679
f 5680 5681 5682
f 5683 5684 5685
f 5686 5687 5688
f 5689 5690 5691
f 5692 5693 5694
f 5695 5696 5697
f 5698 5699 5700
f 5701 5702 5703
f 5704 5705 5706
f 5707 5708 5709
f 5710 5711 5712
f 5713 5714 5715
f 5716 5717 5718
f 5719 5720 5721
f 5722 5723 5724
f 5725 5726 5727
f 5728 5729 5730
f 5731 5732 5733
f 5734 5735 5736
f 5737 5738 5739
f 5740 5741 5742
f 5743 5744 5745
f 5746 5747 5748
f 5749 5750 5751
f 5752 5753 5754
f 5755 5756 5757
f 5758 5759 5760
f 5761 5762 5763
f 5764 5765 5766
f 5767 5768 5769
f 5770 5771 5772
f 5773 5774 5775
f 5776 5777 5778
f 5779 5780 5781
f 5782 5783 5784
f 5785 5786 5787
f 5788 5789 5790
f 5791 5792 5793
f 5794 5795 5796
f 5797 5798 5799
f 5800 5801 5802
f 5803 5804 5805
f 5806 5807 5808
f 5809 5810 5811
f 5812 5813 5814
f 5815 5816 5817
f 5818 5819 5820
f 5821 5822 5823
f 5824 5825 5826
f 5827 5828 5829
f 5830 5831 5832
f 5833 5834 5835
f 5836 5837 5838
f 5839 5840 5841
f 5842 5843 5844
f 5845 5846 5847
f 5848 5849 5850
f 5851 5852 5853
f 5854 5855 5856
f 5857 5858 5859
f 5860 5861 5862
f 5863 5864 5865
f 5866 5867 5868
f 5869 5870 5871
f 5872 5873 5874
f 5875 5876 5877
f 5878 5879 5880
f 5881 5882 5883
f 5884 5885 5886
f 5887 5888 5889
f 5890 5891 5892
f 5893 5894 5895
f 5896 5897 5898
f 5899 5900 5901
f 5902 5903 5904
f 5905 5906 5907
f 5908 5909 5910
f 5911 5912 5913
f 5914 5915 5916
f 5917 5918 5919
f 5920 5921 5922
f 5923 5924 5925
f 5926 5927 5928
f 5929 5930 5931
f 5932 5933 5934
f 5935 5936 5937
f 5938 5939 5940
f 5941 5942 5943
f 5944 5945 5946
f 5947 5948 5949
f 5950 5951 5952
f 5953 5954 5955
f 5956 5957 5958
f 5959 5960 5961
f 5962 5963 5964
f 5965 5966 5967
f 5968 5969 5970
f 5971 5972 5973
f 5974 5975 5976
f 5977 5978 5979
f 5980 5981 5982
f 5983 5984 5985
f 5986 5987 5988
